date,item,units_sold,price_usd,revenue_usd,promo_flag,holiday_flag,weekend_flag,stockout_flag
2022-01-01 00:00:00,Apples,192,1.29,247.68,0,0,1,0
2022-01-02 00:00:00,Apples,186,1.29,239.62,0,0,1,0
2022-01-03 00:00:00,Apples,182,1.29,234.33,0,0,0,0
2022-01-04 00:00:00,Apples,201,1.29,259.07,0,0,0,0
2022-01-05 00:00:00,Apples,213,1.29,274.57,0,0,0,0
2022-01-06 00:00:00,Apples,184,1.29,236.95,0,0,0,0
2022-01-07 00:00:00,Apples,183,1.29,235.56,0,0,0,0
2022-01-08 00:00:00,Apples,189,1.28,242.78,0,0,1,0
2022-01-09 00:00:00,Apples,197,1.28,253.01,0,0,1,0
2022-01-10 00:00:00,Apples,204,1.28,262,0,0,0,0
2022-01-11 00:00:00,Apples,208,1.28,266.74,0,0,0,0
2022-01-12 00:00:00,Apples,209,1.28,268.17,0,0,0,0
2022-01-13 00:00:00,Apples,210,1.28,269.43,0,0,0,0
2022-01-14 00:00:00,Apples,178,1.28,228.25,0,0,0,0
2022-01-15 00:00:00,Apples,190,1.28,243.23,0,0,1,0
2022-01-16 00:00:00,Apples,212,1.28,271.13,0,0,1,0
2022-01-17 00:00:00,Apples,256,1.19,303.39,1,1,0,0
2022-01-18 00:00:00,Apples,232,1.19,275.18,1,0,0,0
2022-01-19 00:00:00,Apples,246,1.14,281.31,1,0,0,0
2022-01-20 00:00:00,Apples,248,1.13,280.57,1,0,0,0
2022-01-21 00:00:00,Apples,235,1.2,282.7,1,0,0,0
2022-01-22 00:00:00,Apples,237,1.13,267.68,1,0,1,0
2022-01-23 00:00:00,Apples,190,1.28,243.44,0,0,1,0
2022-01-24 00:00:00,Apples,196,1.28,250.71,0,0,0,0
2022-01-25 00:00:00,Apples,197,1.28,252.43,0,0,0,0
2022-01-26 00:00:00,Apples,200,1.28,255.83,0,0,0,0
2022-01-27 00:00:00,Apples,184,1.28,235.5,0,0,0,0
2022-01-28 00:00:00,Apples,187,1.28,239.27,0,0,0,0
2022-01-29 00:00:00,Apples,192,1.28,245.64,0,0,1,0
2022-01-30 00:00:00,Apples,207,1.28,264.45,0,0,1,0
2022-01-31 00:00:00,Apples,196,1.28,250.24,0,0,0,0
2022-02-01 00:00:00,Apples,199,1.28,254.18,0,0,0,0
2022-02-02 00:00:00,Apples,216,1.28,276.04,0,0,0,0
2022-02-03 00:00:00,Apples,213,1.28,272.88,0,0,0,0
2022-02-04 00:00:00,Apples,198,1.28,253.5,0,0,0,0
2022-02-05 00:00:00,Apples,203,1.28,259.75,0,0,1,0
2022-02-06 00:00:00,Apples,200,1.28,256.12,0,0,1,0
2022-02-07 00:00:00,Apples,197,1.28,252.42,0,0,0,0
2022-02-08 00:00:00,Apples,222,1.28,284.55,0,0,0,0
2022-02-09 00:00:00,Apples,223,1.28,285.55,0,0,0,0
2022-02-10 00:00:00,Apples,208,1.28,266.41,0,0,0,0
2022-02-11 00:00:00,Apples,239,1.17,278.84,1,0,0,0
2022-02-12 00:00:00,Apples,238,1.15,274.35,1,0,1,0
2022-02-13 00:00:00,Apples,229,1.13,259.33,1,0,1,0
2022-02-14 00:00:00,Apples,255,1.19,304.08,1,0,0,0
2022-02-15 00:00:00,Apples,270,1.18,318.21,1,0,0,0
2022-02-16 00:00:00,Apples,266,1.18,314.62,1,0,0,0
2022-02-17 00:00:00,Apples,223,1.28,286.01,0,0,0,0
2022-02-18 00:00:00,Apples,202,1.28,259.32,0,0,0,0
2022-02-19 00:00:00,Apples,194,1.29,249.31,0,0,1,0
2022-02-20 00:00:00,Apples,205,1.28,263.2,0,0,1,0
2022-02-21 00:00:00,Apples,219,1.29,281.51,0,1,0,0
2022-02-22 00:00:00,Apples,218,1.29,280.26,0,0,0,0
2022-02-23 00:00:00,Apples,207,1.28,265.9,0,0,0,0
2022-02-24 00:00:00,Apples,218,1.28,279.77,0,0,0,0
2022-02-25 00:00:00,Apples,196,1.28,251.45,0,0,0,0
2022-02-26 00:00:00,Apples,206,1.28,264.26,0,0,1,0
2022-02-27 00:00:00,Apples,211,1.28,270.38,0,0,1,0
2022-02-28 00:00:00,Apples,212,1.28,271.59,0,0,0,0
2022-03-01 00:00:00,Apples,227,1.28,290.67,0,0,0,0
2022-03-02 00:00:00,Apples,228,1.28,292.58,0,0,0,0
2022-03-03 00:00:00,Apples,202,1.28,259.37,0,0,0,0
2022-03-04 00:00:00,Apples,196,1.29,251.9,0,0,0,0
2022-03-05 00:00:00,Apples,206,1.28,264.22,0,0,1,0
2022-03-06 00:00:00,Apples,225,1.28,288.68,0,0,1,0
2022-03-07 00:00:00,Apples,203,1.28,260.39,0,0,0,0
2022-03-08 00:00:00,Apples,241,1.28,308.86,0,0,0,0
2022-03-09 00:00:00,Apples,224,1.28,286.85,0,0,0,0
2022-03-10 00:00:00,Apples,221,1.28,283.11,0,0,0,0
2022-03-11 00:00:00,Apples,205,1.28,263.01,0,0,0,0
2022-03-12 00:00:00,Apples,211,1.28,270.94,0,0,1,0
2022-03-13 00:00:00,Apples,204,1.28,262.01,0,0,1,0
2022-03-14 00:00:00,Apples,202,1.29,259.84,0,0,0,0
2022-03-15 00:00:00,Apples,234,1.29,300.97,0,0,0,0
2022-03-16 00:00:00,Apples,238,1.29,305.88,0,0,0,0
2022-03-17 00:00:00,Apples,209,1.28,268.48,0,0,0,0
2022-03-18 00:00:00,Apples,220,1.29,282.73,0,0,0,0
2022-03-19 00:00:00,Apples,207,1.28,265.52,0,0,1,0
2022-03-20 00:00:00,Apples,193,1.28,247.46,0,0,1,0
2022-03-21 00:00:00,Apples,207,1.28,265.67,0,0,0,0
2022-03-22 00:00:00,Apples,230,1.28,294.95,0,0,0,0
2022-03-23 00:00:00,Apples,212,1.28,271.51,0,0,0,0
2022-03-24 00:00:00,Apples,210,1.28,268.32,0,0,0,0
2022-03-25 00:00:00,Apples,212,1.28,270.83,0,0,0,0
2022-03-26 00:00:00,Apples,203,1.28,259.51,0,0,1,0
2022-03-27 00:00:00,Apples,197,1.28,252.29,0,0,1,0
2022-03-28 00:00:00,Apples,210,1.28,269.09,0,0,0,0
2022-03-29 00:00:00,Apples,229,1.28,293.27,0,0,0,0
2022-03-30 00:00:00,Apples,221,1.28,283.29,0,0,0,0
2022-03-31 00:00:00,Apples,222,1.28,284.85,0,0,0,0
2022-04-01 00:00:00,Apples,205,1.28,262.84,0,0,0,0
2022-04-02 00:00:00,Apples,209,1.28,267.61,0,0,1,0
2022-04-03 00:00:00,Apples,214,1.28,274.07,0,0,1,0
2022-04-04 00:00:00,Apples,213,1.28,273.01,0,0,0,0
2022-04-05 00:00:00,Apples,219,1.28,280.64,0,0,0,0
2022-04-06 00:00:00,Apples,221,1.28,282.89,0,0,0,0
2022-04-07 00:00:00,Apples,215,1.28,275.4,0,0,0,0
2022-04-08 00:00:00,Apples,198,1.28,253.41,0,0,0,0
2022-04-09 00:00:00,Apples,197,1.28,252.01,0,0,1,0
2022-04-10 00:00:00,Apples,193,1.28,246.85,0,0,1,0
2022-04-11 00:00:00,Apples,206,1.28,263.25,0,0,0,0
2022-04-12 00:00:00,Apples,231,1.28,295.16,0,0,0,0
2022-04-13 00:00:00,Apples,236,1.28,301.23,0,0,0,0
2022-04-14 00:00:00,Apples,259,1.2,311.9,1,0,0,0
2022-04-15 00:00:00,Apples,241,1.17,281.55,1,0,0,0
2022-04-16 00:00:00,Apples,254,1.18,300.03,1,0,1,0
2022-04-17 00:00:00,Apples,250,1.18,293.81,1,0,1,0
2022-04-18 00:00:00,Apples,248,1.18,292.67,1,0,0,0
2022-04-19 00:00:00,Apples,247,1.12,277.73,1,0,0,0
2022-04-20 00:00:00,Apples,237,1.28,302.27,0,0,0,0
2022-04-21 00:00:00,Apples,213,1.28,271.65,0,0,0,0
2022-04-22 00:00:00,Apples,205,1.28,261.83,0,0,0,0
2022-04-23 00:00:00,Apples,213,1.28,272.19,0,0,1,0
2022-04-24 00:00:00,Apples,207,1.28,264.46,0,0,1,0
2022-04-25 00:00:00,Apples,226,1.28,288.46,0,0,0,0
2022-04-26 00:00:00,Apples,230,1.27,293.2,0,0,0,0
2022-04-27 00:00:00,Apples,224,1.27,285.51,0,0,0,0
2022-04-28 00:00:00,Apples,211,1.28,269.32,0,0,0,0
2022-04-29 00:00:00,Apples,202,1.28,257.87,0,0,0,0
2022-04-30 00:00:00,Apples,195,1.28,249.16,0,0,1,0
2022-05-01 00:00:00,Apples,194,1.28,247.81,0,0,1,0
2022-05-02 00:00:00,Apples,209,1.28,266.84,0,0,0,0
2022-05-03 00:00:00,Apples,213,1.28,272.28,0,0,0,0
2022-05-04 00:00:00,Apples,224,1.28,286.56,0,0,0,0
2022-05-05 00:00:00,Apples,182,1.28,232.57,0,0,0,0
2022-05-06 00:00:00,Apples,194,1.28,247.43,0,0,0,0
2022-05-07 00:00:00,Apples,206,1.28,262.92,0,0,1,0
2022-05-08 00:00:00,Apples,224,1.28,285.97,0,0,1,0
2022-05-09 00:00:00,Apples,196,1.28,250.19,0,0,0,0
2022-05-10 00:00:00,Apples,207,1.28,264.29,0,0,0,0
2022-05-11 00:00:00,Apples,221,1.28,282.5,0,0,0,0
2022-05-12 00:00:00,Apples,209,1.28,266.91,0,0,0,0
2022-05-13 00:00:00,Apples,235,1.13,266,1,0,0,0
2022-05-14 00:00:00,Apples,245,1.14,280.04,1,0,1,0
2022-05-15 00:00:00,Apples,244,1.18,286.89,1,0,1,0
2022-05-16 00:00:00,Apples,259,1.14,295.56,1,0,0,0
2022-05-17 00:00:00,Apples,260,1.21,314.26,1,0,0,0
2022-05-18 00:00:00,Apples,274,1.2,329.26,1,0,0,0
2022-05-19 00:00:00,Apples,223,1.28,284.44,0,0,0,0
2022-05-20 00:00:00,Apples,168,1.28,214.32,0,0,0,0
2022-05-21 00:00:00,Apples,212,1.27,270.08,0,0,1,0
2022-05-22 00:00:00,Apples,211,1.27,268.37,0,0,1,0
2022-05-23 00:00:00,Apples,190,1.27,241.66,0,0,0,0
2022-05-24 00:00:00,Apples,223,1.27,283.6,0,0,0,0
2022-05-25 00:00:00,Apples,220,1.27,279.47,0,0,0,0
2022-05-26 00:00:00,Apples,212,1.27,269.34,0,0,0,0
2022-05-27 00:00:00,Apples,194,1.27,246.36,0,0,0,0
2022-05-28 00:00:00,Apples,203,1.27,257.86,0,0,1,0
2022-05-29 00:00:00,Apples,201,1.27,255.54,0,0,1,0
2022-05-30 00:00:00,Apples,238,1.27,302.22,0,1,0,0
2022-05-31 00:00:00,Apples,228,1.27,289.48,0,0,0,0
2022-06-01 00:00:00,Apples,215,1.27,273.24,0,0,0,0
2022-06-02 00:00:00,Apples,196,1.27,249.63,0,0,0,0
2022-06-03 00:00:00,Apples,207,1.27,263.67,0,0,0,0
2022-06-04 00:00:00,Apples,191,1.27,243.27,0,0,1,0
2022-06-05 00:00:00,Apples,194,1.28,247.48,0,0,1,0
2022-06-06 00:00:00,Apples,201,1.28,256.58,0,0,0,0
2022-06-07 00:00:00,Apples,219,1.28,279.86,0,0,0,0
2022-06-08 00:00:00,Apples,222,1.28,283.75,0,0,0,0
2022-06-09 00:00:00,Apples,214,1.28,273.65,0,0,0,0
2022-06-10 00:00:00,Apples,190,1.28,243.1,0,0,0,0
2022-06-11 00:00:00,Apples,195,1.28,249.43,0,0,1,0
2022-06-12 00:00:00,Apples,216,1.28,276.19,0,0,1,0
2022-06-13 00:00:00,Apples,194,1.28,247.99,0,0,0,0
2022-06-14 00:00:00,Apples,208,1.28,266.03,0,0,0,0
2022-06-15 00:00:00,Apples,214,1.28,274.33,0,0,0,0
2022-06-16 00:00:00,Apples,209,1.28,267.64,0,0,0,0
2022-06-17 00:00:00,Apples,199,1.28,254.71,0,0,0,0
2022-06-18 00:00:00,Apples,186,1.28,238.26,0,0,1,0
2022-06-19 00:00:00,Apples,196,1.28,251.17,0,0,1,0
2022-06-20 00:00:00,Apples,205,1.28,263.12,0,1,0,0
2022-06-21 00:00:00,Apples,215,1.28,275.37,0,0,0,0
2022-06-22 00:00:00,Apples,208,1.28,266.84,0,0,0,0
2022-06-23 00:00:00,Apples,200,1.28,256.74,0,0,0,0
2022-06-24 00:00:00,Apples,190,1.28,244.06,0,0,0,0
2022-06-25 00:00:00,Apples,181,1.28,232.46,0,0,1,0
2022-06-26 00:00:00,Apples,204,1.28,262.07,0,0,1,0
2022-06-27 00:00:00,Apples,200,1.28,256.57,0,0,0,0
2022-06-28 00:00:00,Apples,206,1.28,264.25,0,0,0,0
2022-06-29 00:00:00,Apples,226,1.28,289.91,0,0,0,0
2022-06-30 00:00:00,Apples,201,1.28,257.82,0,0,0,0
2022-07-01 00:00:00,Apples,183,1.28,234.64,0,0,0,0
2022-07-02 00:00:00,Apples,175,1.28,224.28,0,0,1,0
2022-07-03 00:00:00,Apples,198,1.28,253.77,0,0,1,0
2022-07-04 00:00:00,Apples,217,1.28,278.36,0,1,0,0
2022-07-05 00:00:00,Apples,209,1.28,268.26,0,0,0,0
2022-07-06 00:00:00,Apples,188,1.28,241.26,0,0,0,0
2022-07-07 00:00:00,Apples,193,1.28,247.57,0,0,0,0
2022-07-08 00:00:00,Apples,175,1.28,224.4,0,0,0,0
2022-07-09 00:00:00,Apples,246,1.17,287.38,1,0,1,0
2022-07-10 00:00:00,Apples,223,1.14,254.41,1,0,1,0
2022-07-11 00:00:00,Apples,233,1.18,275.1,1,0,0,0
2022-07-12 00:00:00,Apples,259,1.14,296.41,1,0,0,0
2022-07-13 00:00:00,Apples,255,1.15,292.3,1,0,0,0
2022-07-14 00:00:00,Apples,250,1.16,290.42,1,0,0,0
2022-07-15 00:00:00,Apples,181,1.28,231.27,0,0,0,0
2022-07-16 00:00:00,Apples,189,1.28,241.09,0,0,1,0
2022-07-17 00:00:00,Apples,177,1.28,225.71,0,0,1,0
2022-07-18 00:00:00,Apples,189,1.27,240.86,0,0,0,0
2022-07-19 00:00:00,Apples,198,1.27,251.91,0,0,0,0
2022-07-20 00:00:00,Apples,222,1.27,282.4,0,0,0,0
2022-07-21 00:00:00,Apples,207,1.27,263.61,0,0,0,0
2022-07-22 00:00:00,Apples,181,1.27,230.68,0,0,0,0
2022-07-23 00:00:00,Apples,180,1.28,229.54,0,0,1,0
2022-07-24 00:00:00,Apples,179,1.28,228.4,0,0,1,0
2022-07-25 00:00:00,Apples,177,1.28,225.81,0,0,0,0
2022-07-26 00:00:00,Apples,205,1.27,261.11,0,0,0,0
2022-07-27 00:00:00,Apples,204,1.27,259.8,0,0,0,0
2022-07-28 00:00:00,Apples,179,1.28,228.33,0,0,0,0
2022-07-29 00:00:00,Apples,202,1.28,257.81,0,0,0,0
2022-07-30 00:00:00,Apples,180,1.28,229.93,0,0,1,0
2022-07-31 00:00:00,Apples,194,1.28,247.82,0,0,1,0
2022-08-01 00:00:00,Apples,200,1.28,255.54,0,0,0,0
2022-08-02 00:00:00,Apples,192,1.28,245.37,0,0,0,0
2022-08-03 00:00:00,Apples,210,1.28,268.81,0,0,0,0
2022-08-04 00:00:00,Apples,190,1.28,243.54,0,0,0,0
2022-08-05 00:00:00,Apples,164,1.28,210.09,0,0,0,0
2022-08-06 00:00:00,Apples,170,1.28,217.98,0,0,1,0
2022-08-07 00:00:00,Apples,175,1.28,224.14,0,0,1,0
2022-08-08 00:00:00,Apples,192,1.28,245.59,0,0,0,0
2022-08-09 00:00:00,Apples,164,1.28,209.85,0,0,0,0
2022-08-10 00:00:00,Apples,202,1.28,258.83,0,0,0,0
2022-08-11 00:00:00,Apples,196,1.28,251.06,0,0,0,0
2022-08-12 00:00:00,Apples,203,1.28,259.99,0,0,0,0
2022-08-13 00:00:00,Apples,223,1.2,268.19,1,0,1,0
2022-08-14 00:00:00,Apples,238,1.16,274.96,1,0,1,0
2022-08-15 00:00:00,Apples,224,1.18,264.49,1,0,0,0
2022-08-16 00:00:00,Apples,241,1.18,284.89,1,0,0,0
2022-08-17 00:00:00,Apples,234,1.21,282.75,1,0,0,0
2022-08-18 00:00:00,Apples,235,1.2,281.86,1,0,0,0
2022-08-19 00:00:00,Apples,179,1.28,228.77,0,0,0,0
2022-08-20 00:00:00,Apples,176,1.28,225.26,0,0,1,0
2022-08-21 00:00:00,Apples,182,1.28,232.73,0,0,1,0
2022-08-22 00:00:00,Apples,191,1.28,244.44,0,0,0,0
2022-08-23 00:00:00,Apples,191,1.28,244.32,0,0,0,0
2022-08-24 00:00:00,Apples,198,1.28,253.19,0,0,0,0
2022-08-25 00:00:00,Apples,184,1.28,235.35,0,0,0,0
2022-08-26 00:00:00,Apples,175,1.28,223.88,0,0,0,0
2022-08-27 00:00:00,Apples,184,1.28,235.06,0,0,1,0
2022-08-28 00:00:00,Apples,177,1.28,226.2,0,0,1,0
2022-08-29 00:00:00,Apples,162,1.28,207.19,0,0,0,0
2022-08-30 00:00:00,Apples,178,1.28,227.33,0,0,0,0
2022-08-31 00:00:00,Apples,184,1.28,235.25,0,0,0,0
2022-09-01 00:00:00,Apples,178,1.28,227.29,0,0,0,0
2022-09-02 00:00:00,Apples,179,1.28,228.83,0,0,0,0
2022-09-03 00:00:00,Apples,151,1.28,193.16,0,0,1,0
2022-09-04 00:00:00,Apples,173,1.28,221.69,0,0,1,0
2022-09-05 00:00:00,Apples,181,1.28,231.68,0,1,0,0
2022-09-06 00:00:00,Apples,193,1.28,246.94,0,0,0,0
2022-09-07 00:00:00,Apples,196,1.28,250.57,0,0,0,0
2022-09-08 00:00:00,Apples,196,1.28,250.97,0,0,0,0
2022-09-09 00:00:00,Apples,172,1.28,220.78,0,0,0,0
2022-09-10 00:00:00,Apples,164,1.28,210.43,0,0,1,0
2022-09-11 00:00:00,Apples,184,1.29,236.44,0,0,1,0
2022-09-12 00:00:00,Apples,190,1.29,244.36,0,0,0,0
2022-09-13 00:00:00,Apples,191,1.29,245.94,0,0,0,0
2022-09-14 00:00:00,Apples,201,1.29,258.49,0,0,0,0
2022-09-15 00:00:00,Apples,183,1.29,235.43,0,0,0,0
2022-09-16 00:00:00,Apples,164,1.29,211.01,0,0,0,0
2022-09-17 00:00:00,Apples,170,1.28,218.33,0,0,1,0
2022-09-18 00:00:00,Apples,166,1.29,213.52,0,0,1,0
2022-09-19 00:00:00,Apples,176,1.29,226.38,0,0,0,0
2022-09-20 00:00:00,Apples,180,1.29,231.49,0,0,0,0
2022-09-21 00:00:00,Apples,187,1.28,240.26,0,0,0,0
2022-09-22 00:00:00,Apples,171,1.28,219.72,0,0,0,0
2022-09-23 00:00:00,Apples,165,1.28,211.69,0,0,0,0
2022-09-24 00:00:00,Apples,178,1.28,228.32,0,0,1,0
2022-09-25 00:00:00,Apples,187,1.28,239.66,0,0,1,0
2022-09-26 00:00:00,Apples,172,1.28,220.39,0,0,0,0
2022-09-27 00:00:00,Apples,184,1.28,235.64,0,0,0,0
2022-09-28 00:00:00,Apples,188,1.28,240.66,0,0,0,0
2022-09-29 00:00:00,Apples,166,1.28,212.27,0,0,0,0
2022-09-30 00:00:00,Apples,162,1.28,207.38,0,0,0,0
2022-10-01 00:00:00,Apples,173,1.28,221.41,0,0,1,0
2022-10-02 00:00:00,Apples,170,1.28,217.27,0,0,1,0
2022-10-03 00:00:00,Apples,174,1.28,222.23,0,0,0,0
2022-10-04 00:00:00,Apples,196,1.28,250.37,0,0,0,0
2022-10-05 00:00:00,Apples,201,1.28,256.37,0,0,0,0
2022-10-06 00:00:00,Apples,197,1.28,251.69,0,0,0,0
2022-10-07 00:00:00,Apples,159,1.28,203.03,0,0,0,0
2022-10-08 00:00:00,Apples,174,1.28,222.24,0,0,1,0
2022-10-09 00:00:00,Apples,172,1.28,220.04,0,0,1,0
2022-10-10 00:00:00,Apples,212,1.28,271.43,0,1,0,0
2022-10-11 00:00:00,Apples,199,1.28,254.62,0,0,0,0
2022-10-12 00:00:00,Apples,206,1.28,263.33,0,0,0,0
2022-10-13 00:00:00,Apples,176,1.28,225.15,0,0,0,0
2022-10-14 00:00:00,Apples,176,1.28,224.98,0,0,0,0
2022-10-15 00:00:00,Apples,175,1.28,223.78,0,0,1,0
2022-10-16 00:00:00,Apples,166,1.28,212.37,0,0,1,0
2022-10-17 00:00:00,Apples,159,1.28,203.67,0,0,0,0
2022-10-18 00:00:00,Apples,185,1.28,237.09,0,0,0,0
2022-10-19 00:00:00,Apples,193,1.28,247.4,0,0,0,0
2022-10-20 00:00:00,Apples,183,1.28,234.57,0,0,0,0
2022-10-21 00:00:00,Apples,192,1.28,246.06,0,0,0,0
2022-10-22 00:00:00,Apples,189,1.28,242.11,0,0,1,0
2022-10-23 00:00:00,Apples,196,1.28,250.86,0,0,1,0
2022-10-24 00:00:00,Apples,172,1.28,219.89,0,0,0,0
2022-10-25 00:00:00,Apples,178,1.28,227.5,0,0,0,0
2022-10-26 00:00:00,Apples,174,1.28,222.19,0,0,0,0
2022-10-27 00:00:00,Apples,191,1.28,244.01,0,0,0,0
2022-10-28 00:00:00,Apples,173,1.28,221.06,0,0,0,0
2022-10-29 00:00:00,Apples,189,1.28,241.44,0,0,1,0
2022-10-30 00:00:00,Apples,166,1.28,212.11,0,0,1,0
2022-10-31 00:00:00,Apples,161,1.28,206.16,0,0,0,0
2022-11-01 00:00:00,Apples,191,1.28,244.94,0,0,0,0
2022-11-02 00:00:00,Apples,194,1.28,248.42,0,0,0,0
2022-11-03 00:00:00,Apples,179,1.28,229.2,0,0,0,0
2022-11-04 00:00:00,Apples,171,1.28,218.61,0,0,0,0
2022-11-05 00:00:00,Apples,187,1.28,239,0,0,1,0
2022-11-06 00:00:00,Apples,209,1.28,267.12,0,0,1,0
2022-11-07 00:00:00,Apples,179,1.28,229.03,0,0,0,0
2022-11-08 00:00:00,Apples,191,1.28,244.87,0,0,0,0
2022-11-09 00:00:00,Apples,186,1.28,238.33,0,0,0,0
2022-11-10 00:00:00,Apples,185,1.28,236.76,0,0,0,0
2022-11-11 00:00:00,Apples,182,1.28,233.12,0,1,0,0
2022-11-12 00:00:00,Apples,183,1.28,234.53,0,0,1,0
2022-11-13 00:00:00,Apples,188,1.28,240.97,0,0,1,0
2022-11-14 00:00:00,Apples,210,1.28,269.04,0,0,0,0
2022-11-15 00:00:00,Apples,189,1.28,242,0,0,0,0
2022-11-16 00:00:00,Apples,192,1.28,245.78,0,0,0,0
2022-11-17 00:00:00,Apples,185,1.28,237.07,0,0,0,0
2022-11-18 00:00:00,Apples,172,1.28,220.73,0,0,0,0
2022-11-19 00:00:00,Apples,171,1.28,219.5,0,0,1,0
2022-11-20 00:00:00,Apples,174,1.28,223.44,0,0,1,0
2022-11-21 00:00:00,Apples,211,1.13,239.13,1,0,0,0
2022-11-22 00:00:00,Apples,248,1.18,292.83,1,0,0,0
2022-11-23 00:00:00,Apples,236,1.2,283.32,1,0,0,0
2022-11-24 00:00:00,Apples,256,1.14,291.81,1,1,0,0
2022-11-25 00:00:00,Apples,229,1.13,258.67,1,0,0,0
2022-11-26 00:00:00,Apples,230,1.16,266.09,1,0,1,0
2022-11-27 00:00:00,Apples,230,1.14,261.17,1,0,1,0
2022-11-28 00:00:00,Apples,188,1.28,240.67,0,0,0,0
2022-11-29 00:00:00,Apples,201,1.28,257.72,0,0,0,0
2022-11-30 00:00:00,Apples,201,1.28,257.79,0,0,0,0
2022-12-01 00:00:00,Apples,191,1.28,244.73,0,0,0,0
2022-12-02 00:00:00,Apples,178,1.28,228.61,0,0,0,0
2022-12-03 00:00:00,Apples,184,1.29,236.7,0,0,1,0
2022-12-04 00:00:00,Apples,196,1.29,252.19,0,0,1,0
2022-12-05 00:00:00,Apples,186,1.29,239.41,0,0,0,0
2022-12-06 00:00:00,Apples,208,1.29,267.7,0,0,0,0
2022-12-07 00:00:00,Apples,224,1.29,288.64,0,0,0,0
2022-12-08 00:00:00,Apples,201,1.29,259.08,0,0,0,0
2022-12-09 00:00:00,Apples,187,1.29,241.03,0,0,0,0
2022-12-10 00:00:00,Apples,189,1.29,243.29,0,0,1,0
2022-12-11 00:00:00,Apples,188,1.29,242.25,0,0,1,0
2022-12-12 00:00:00,Apples,176,1.29,226.55,0,0,0,0
2022-12-13 00:00:00,Apples,180,1.29,231.84,0,0,0,0
2022-12-14 00:00:00,Apples,205,1.29,263.58,0,0,0,0
2022-12-15 00:00:00,Apples,205,1.29,263.43,0,0,0,0
2022-12-16 00:00:00,Apples,181,1.29,232.6,0,0,0,0
2022-12-17 00:00:00,Apples,229,1.22,278.24,1,0,1,0
2022-12-18 00:00:00,Apples,252,1.21,304.28,1,0,1,0
2022-12-19 00:00:00,Apples,250,1.19,297.37,1,0,0,0
2022-12-20 00:00:00,Apples,260,1.14,295.77,1,0,0,0
2022-12-21 00:00:00,Apples,239,1.16,276.97,1,0,0,0
2022-12-22 00:00:00,Apples,248,1.16,286.96,1,0,0,0
2022-12-23 00:00:00,Apples,229,1.2,274.24,1,0,0,0
2022-12-24 00:00:00,Apples,215,1.15,247.44,1,0,1,0
2022-12-25 00:00:00,Apples,232,1.2,277.74,1,0,1,0
2022-12-26 00:00:00,Apples,271,1.16,314.84,1,1,0,0
2022-12-27 00:00:00,Apples,265,1.21,320.64,1,0,0,0
2022-12-28 00:00:00,Apples,250,1.19,296.68,1,0,0,0
2022-12-29 00:00:00,Apples,247,1.21,299.34,1,0,0,0
2022-12-30 00:00:00,Apples,219,1.21,265.71,1,0,0,0
2022-12-31 00:00:00,Apples,233,1.2,280.55,1,0,1,0
2023-01-01 00:00:00,Apples,196,1.28,250.79,0,0,1,0
2023-01-02 00:00:00,Apples,236,1.28,301.97,0,1,0,0
2023-01-03 00:00:00,Apples,199,1.28,254.97,0,0,0,0
2023-01-04 00:00:00,Apples,219,1.28,280.77,0,0,0,0
2023-01-05 00:00:00,Apples,215,1.28,275.81,0,0,0,0
2023-01-06 00:00:00,Apples,197,1.28,252.58,0,0,0,0
2023-01-07 00:00:00,Apples,200,1.28,256.42,0,0,1,0
2023-01-08 00:00:00,Apples,176,1.28,225.83,0,0,1,0
2023-01-09 00:00:00,Apples,190,1.28,243.45,0,0,0,0
2023-01-10 00:00:00,Apples,208,1.28,266.63,0,0,0,0
2023-01-11 00:00:00,Apples,223,1.28,285.94,0,0,0,0
2023-01-12 00:00:00,Apples,209,1.28,267.72,0,0,0,0
2023-01-13 00:00:00,Apples,184,1.28,235.86,0,0,0,0
2023-01-14 00:00:00,Apples,193,1.28,247.5,0,0,1,0
2023-01-15 00:00:00,Apples,194,1.28,249.15,0,0,1,0
2023-01-16 00:00:00,Apples,223,1.28,286.35,0,1,0,0
2023-01-17 00:00:00,Apples,221,1.28,283.86,0,0,0,0
2023-01-18 00:00:00,Apples,220,1.28,282.69,0,0,0,0
2023-01-19 00:00:00,Apples,215,1.28,276.17,0,0,0,0
2023-01-20 00:00:00,Apples,194,1.29,249.7,0,0,0,0
2023-01-21 00:00:00,Apples,215,1.29,276.77,0,0,1,0
2023-01-22 00:00:00,Apples,211,1.29,271.48,0,0,1,0
2023-01-23 00:00:00,Apples,196,1.29,252.29,0,0,0,0
2023-01-24 00:00:00,Apples,213,1.29,274.26,0,0,0,0
2023-01-25 00:00:00,Apples,223,1.29,286.77,0,0,0,0
2023-01-26 00:00:00,Apples,194,1.29,249.4,0,0,0,0
2023-01-27 00:00:00,Apples,205,1.29,263.47,0,0,0,0
2023-01-28 00:00:00,Apples,188,1.28,241.55,0,0,1,0
2023-01-29 00:00:00,Apples,194,1.29,249.65,0,0,1,0
2023-01-30 00:00:00,Apples,213,1.29,274.09,0,0,0,0
2023-01-31 00:00:00,Apples,213,1.29,273.73,0,0,0,0
2023-02-01 00:00:00,Apples,198,1.29,255.19,0,0,0,0
2023-02-02 00:00:00,Apples,202,1.29,260.77,0,0,0,0
2023-02-03 00:00:00,Apples,198,1.29,255.58,0,0,0,0
2023-02-04 00:00:00,Apples,200,1.29,258.13,0,0,1,0
2023-02-05 00:00:00,Apples,193,1.29,249.34,0,0,1,0
2023-02-06 00:00:00,Apples,202,1.29,260.77,0,0,0,0
2023-02-07 00:00:00,Apples,213,1.29,275.24,0,0,0,0
2023-02-08 00:00:00,Apples,233,1.29,301.1,0,0,0,0
2023-02-09 00:00:00,Apples,210,1.29,271.37,0,0,0,0
2023-02-10 00:00:00,Apples,200,1.29,258.41,0,0,0,0
2023-02-11 00:00:00,Apples,196,1.29,253.45,0,0,1,0
2023-02-12 00:00:00,Apples,220,1.29,284.46,0,0,1,0
2023-02-13 00:00:00,Apples,208,1.29,268.89,0,0,0,0
2023-02-14 00:00:00,Apples,225,1.29,290.95,0,0,0,0
2023-02-15 00:00:00,Apples,233,1.29,301.38,0,0,0,0
2023-02-16 00:00:00,Apples,212,1.29,274.47,0,0,0,0
2023-02-17 00:00:00,Apples,201,1.29,259.93,0,0,0,0
2023-02-18 00:00:00,Apples,210,1.29,271.28,0,0,1,0
2023-02-19 00:00:00,Apples,196,1.29,253.26,0,0,1,0
2023-02-20 00:00:00,Apples,224,1.29,289.33,0,1,0,0
2023-02-21 00:00:00,Apples,222,1.29,286.49,0,0,0,0
2023-02-22 00:00:00,Apples,235,1.29,302.73,0,0,0,0
2023-02-23 00:00:00,Apples,214,1.29,275.64,0,0,0,0
2023-02-24 00:00:00,Apples,212,1.29,272.94,0,0,0,0
2023-02-25 00:00:00,Apples,210,1.29,270.38,0,0,1,0
2023-02-26 00:00:00,Apples,219,1.29,282.13,0,0,1,0
2023-02-27 00:00:00,Apples,233,1.29,300.1,0,0,0,0
2023-02-28 00:00:00,Apples,204,1.29,263.02,0,0,0,0
2023-03-01 00:00:00,Apples,248,1.29,319.51,0,0,0,0
2023-03-02 00:00:00,Apples,213,1.29,274.27,0,0,0,0
2023-03-03 00:00:00,Apples,183,1.29,235.9,0,0,0,0
2023-03-04 00:00:00,Apples,216,1.29,278.34,0,0,1,0
2023-03-05 00:00:00,Apples,220,1.29,283.49,0,0,1,0
2023-03-06 00:00:00,Apples,213,1.29,274.49,0,0,0,0
2023-03-07 00:00:00,Apples,236,1.29,304.23,0,0,0,0
2023-03-08 00:00:00,Apples,225,1.29,289.95,0,0,0,0
2023-03-09 00:00:00,Apples,210,1.29,270.59,0,0,0,0
2023-03-10 00:00:00,Apples,234,1.29,301.38,0,0,0,0
2023-03-11 00:00:00,Apples,211,1.29,271.68,0,0,1,0
2023-03-12 00:00:00,Apples,222,1.29,285.61,0,0,1,0
2023-03-13 00:00:00,Apples,211,1.29,271.39,0,0,0,0
2023-03-14 00:00:00,Apples,278,1.21,335.7,1,0,0,0
2023-03-15 00:00:00,Apples,275,1.21,332.56,1,0,0,0
2023-03-16 00:00:00,Apples,270,1.16,313.98,1,0,0,0
2023-03-17 00:00:00,Apples,257,1.21,311.29,1,0,0,0
2023-03-18 00:00:00,Apples,267,1.18,314.33,1,0,1,0
2023-03-19 00:00:00,Apples,263,1.2,315.58,1,0,1,0
2023-03-20 00:00:00,Apples,210,1.29,270.04,0,0,0,0
2023-03-21 00:00:00,Apples,231,1.29,297.07,0,0,0,0
2023-03-22 00:00:00,Apples,223,1.29,286.6,0,0,0,0
2023-03-23 00:00:00,Apples,215,1.28,276.23,0,0,0,0
2023-03-24 00:00:00,Apples,220,1.28,282.54,0,0,0,0
2023-03-25 00:00:00,Apples,222,1.29,285.54,0,0,1,0
2023-03-26 00:00:00,Apples,221,1.29,284.06,0,0,1,0
2023-03-27 00:00:00,Apples,225,1.29,289.34,0,0,0,0
2023-03-28 00:00:00,Apples,221,1.29,284.05,0,0,0,0
2023-03-29 00:00:00,Apples,232,1.29,298.24,0,0,0,0
2023-03-30 00:00:00,Apples,208,1.29,267.48,0,0,0,0
2023-03-31 00:00:00,Apples,208,1.29,267.43,0,0,0,0
2023-04-01 00:00:00,Apples,206,1.28,264.68,0,0,1,0
2023-04-02 00:00:00,Apples,208,1.29,267.35,0,0,1,0
2023-04-03 00:00:00,Apples,202,1.28,259.52,0,0,0,0
2023-04-04 00:00:00,Apples,243,1.28,311.68,0,0,0,0
2023-04-05 00:00:00,Apples,235,1.28,301.9,0,0,0,0
2023-04-06 00:00:00,Apples,218,1.28,280.05,0,0,0,0
2023-04-07 00:00:00,Apples,211,1.29,271.19,0,0,0,0
2023-04-08 00:00:00,Apples,217,1.28,278.64,0,0,1,0
2023-04-09 00:00:00,Apples,223,1.28,286.36,0,0,1,0
2023-04-10 00:00:00,Apples,227,1.29,291.93,0,0,0,0
2023-04-11 00:00:00,Apples,235,1.29,302.51,0,0,0,0
2023-04-12 00:00:00,Apples,246,1.29,316.74,0,0,0,0
2023-04-13 00:00:00,Apples,242,1.29,311.35,0,0,0,0
2023-04-14 00:00:00,Apples,199,1.29,256.02,0,0,0,0
2023-04-15 00:00:00,Apples,217,1.29,279.21,0,0,1,0
2023-04-16 00:00:00,Apples,206,1.29,264.99,0,0,1,0
2023-04-17 00:00:00,Apples,211,1.29,271.4,0,0,0,0
2023-04-18 00:00:00,Apples,214,1.29,275.49,0,0,0,0
2023-04-19 00:00:00,Apples,225,1.29,289.66,0,0,0,0
2023-04-20 00:00:00,Apples,223,1.29,287.01,0,0,0,0
2023-04-21 00:00:00,Apples,200,1.29,257.39,0,0,0,0
2023-04-22 00:00:00,Apples,209,1.29,269.04,0,0,1,0
2023-04-23 00:00:00,Apples,254,1.15,291.89,1,0,1,0
2023-04-24 00:00:00,Apples,263,1.2,316.8,1,0,0,0
2023-04-25 00:00:00,Apples,276,1.18,326.67,1,0,0,0
2023-04-26 00:00:00,Apples,280,1.19,332.02,1,0,0,0
2023-04-27 00:00:00,Apples,247,1.19,293.86,1,0,0,0
2023-04-28 00:00:00,Apples,249,1.15,286.96,1,0,0,0
2023-04-29 00:00:00,Apples,213,1.28,273.57,0,0,1,0
2023-04-30 00:00:00,Apples,206,1.28,264.68,0,0,1,0
2023-05-01 00:00:00,Apples,217,1.29,279.03,0,0,0,0
2023-05-02 00:00:00,Apples,214,1.29,275.3,0,0,0,0
2023-05-03 00:00:00,Apples,245,1.29,315.08,0,0,0,0
2023-05-04 00:00:00,Apples,213,1.29,274.01,0,0,0,0
2023-05-05 00:00:00,Apples,221,1.29,284.3,0,0,0,0
2023-05-06 00:00:00,Apples,212,1.29,273.01,0,0,1,0
2023-05-07 00:00:00,Apples,219,1.29,282.02,0,0,1,0
2023-05-08 00:00:00,Apples,204,1.29,262.93,0,0,0,0
2023-05-09 00:00:00,Apples,208,1.29,268.1,0,0,0,0
2023-05-10 00:00:00,Apples,220,1.29,283.2,0,0,0,0
2023-05-11 00:00:00,Apples,229,1.28,294.23,0,0,0,0
2023-05-12 00:00:00,Apples,219,1.29,281.98,0,0,0,0
2023-05-13 00:00:00,Apples,196,1.29,252.42,0,0,1,0
2023-05-14 00:00:00,Apples,201,1.29,259.26,0,0,1,0
2023-05-15 00:00:00,Apples,230,1.29,296.6,0,0,0,0
2023-05-16 00:00:00,Apples,221,1.29,284.78,0,0,0,0
2023-05-17 00:00:00,Apples,218,1.29,281.01,0,0,0,0
2023-05-18 00:00:00,Apples,227,1.29,292.48,0,0,0,0
2023-05-19 00:00:00,Apples,265,1.14,301.16,1,0,0,0
2023-05-20 00:00:00,Apples,248,1.18,292.45,1,0,1,0
2023-05-21 00:00:00,Apples,253,1.17,296.85,1,0,1,0
2023-05-22 00:00:00,Apples,240,1.2,287.4,1,0,0,0
2023-05-23 00:00:00,Apples,268,1.16,310.11,1,0,0,0
2023-05-24 00:00:00,Apples,273,1.14,311.1,1,0,0,0
2023-05-25 00:00:00,Apples,229,1.29,294.61,0,0,0,0
2023-05-26 00:00:00,Apples,209,1.29,268.66,0,0,0,0
2023-05-27 00:00:00,Apples,193,1.29,248.55,0,0,1,0
2023-05-28 00:00:00,Apples,201,1.29,258.76,0,0,1,0
2023-05-29 00:00:00,Apples,226,1.29,290.98,0,1,0,0
2023-05-30 00:00:00,Apples,212,1.29,273.39,0,0,0,0
2023-05-31 00:00:00,Apples,224,1.29,288.66,0,0,0,0
2023-06-01 00:00:00,Apples,231,1.29,297.18,0,0,0,0
2023-06-02 00:00:00,Apples,192,1.29,247.09,0,0,0,0
2023-06-03 00:00:00,Apples,191,1.29,245.69,0,0,1,0
2023-06-04 00:00:00,Apples,210,1.29,270.2,0,0,1,0
2023-06-05 00:00:00,Apples,210,1.29,270.68,0,0,0,0
2023-06-06 00:00:00,Apples,225,1.29,290.13,0,0,0,0
2023-06-07 00:00:00,Apples,196,1.29,252.63,0,0,0,0
2023-06-08 00:00:00,Apples,217,1.29,279.45,0,0,0,0
2023-06-09 00:00:00,Apples,201,1.29,258.99,0,0,0,0
2023-06-10 00:00:00,Apples,205,1.29,263.95,0,0,1,0
2023-06-11 00:00:00,Apples,196,1.29,252.48,0,0,1,0
2023-06-12 00:00:00,Apples,203,1.29,261.81,0,0,0,0
2023-06-13 00:00:00,Apples,216,1.29,278.73,0,0,0,0
2023-06-14 00:00:00,Apples,231,1.29,297.69,0,0,0,0
2023-06-15 00:00:00,Apples,190,1.29,244.77,0,0,0,0
2023-06-16 00:00:00,Apples,194,1.29,250.34,0,0,0,0
2023-06-17 00:00:00,Apples,185,1.29,239.13,0,0,1,0
2023-06-18 00:00:00,Apples,200,1.29,258.5,0,0,1,0
2023-06-19 00:00:00,Apples,217,1.29,280.21,0,1,0,0
2023-06-20 00:00:00,Apples,218,1.29,280.88,0,0,0,0
2023-06-21 00:00:00,Apples,227,1.29,292.7,0,0,0,0
2023-06-22 00:00:00,Apples,209,1.29,269.42,0,0,0,0
2023-06-23 00:00:00,Apples,200,1.29,257.46,0,0,0,0
2023-06-24 00:00:00,Apples,209,1.29,269.44,0,0,1,0
2023-06-25 00:00:00,Apples,171,1.29,220.78,0,0,1,0
2023-06-26 00:00:00,Apples,182,1.29,234.91,0,0,0,0
2023-06-27 00:00:00,Apples,202,1.29,260.99,0,0,0,0
2023-06-28 00:00:00,Apples,219,1.29,282.63,0,0,0,0
2023-06-29 00:00:00,Apples,193,1.29,249.55,0,0,0,0
2023-06-30 00:00:00,Apples,190,1.29,245.53,0,0,0,0
2023-07-01 00:00:00,Apples,190,1.29,245.62,0,0,1,0
2023-07-02 00:00:00,Apples,198,1.29,255.9,0,0,1,0
2023-07-03 00:00:00,Apples,199,1.29,257.26,0,0,0,0
2023-07-04 00:00:00,Apples,228,1.29,294.72,0,1,0,0
2023-07-05 00:00:00,Apples,189,1.29,244.47,0,0,0,0
2023-07-06 00:00:00,Apples,205,1.29,264.98,0,0,0,0
2023-07-07 00:00:00,Apples,175,1.29,226.29,0,0,0,0
2023-07-08 00:00:00,Apples,193,1.29,249.81,0,0,1,0
2023-07-09 00:00:00,Apples,177,1.3,229.33,0,0,1,0
2023-07-10 00:00:00,Apples,206,1.29,266.55,0,0,0,0
2023-07-11 00:00:00,Apples,196,1.29,253.39,0,0,0,0
2023-07-12 00:00:00,Apples,202,1.29,260.99,0,0,0,0
2023-07-13 00:00:00,Apples,174,1.3,225.38,0,0,0,0
2023-07-14 00:00:00,Apples,182,1.3,236.23,0,0,0,0
2023-07-15 00:00:00,Apples,200,1.3,259.66,0,0,1,0
2023-07-16 00:00:00,Apples,198,1.3,257.01,0,0,1,0
2023-07-17 00:00:00,Apples,185,1.3,240.2,0,0,0,0
2023-07-18 00:00:00,Apples,223,1.3,289.32,0,0,0,0
2023-07-19 00:00:00,Apples,202,1.3,262.15,0,0,0,0
2023-07-20 00:00:00,Apples,204,1.3,264.42,0,0,0,0
2023-07-21 00:00:00,Apples,200,1.3,259.72,0,0,0,0
2023-07-22 00:00:00,Apples,201,1.3,260.9,0,0,1,0
2023-07-23 00:00:00,Apples,192,1.3,249.06,0,0,1,0
2023-07-24 00:00:00,Apples,189,1.3,245.54,0,0,0,0
2023-07-25 00:00:00,Apples,207,1.3,269.42,0,0,0,0
2023-07-26 00:00:00,Apples,205,1.3,267.05,0,0,0,0
2023-07-27 00:00:00,Apples,198,1.3,257.9,0,0,0,0
2023-07-28 00:00:00,Apples,154,1.3,200.72,0,0,0,0
2023-07-29 00:00:00,Apples,189,1.3,246.59,0,0,1,0
2023-07-30 00:00:00,Apples,184,1.3,239.84,0,0,1,0
2023-07-31 00:00:00,Apples,187,1.3,243.98,0,0,0,0
2023-08-01 00:00:00,Apples,196,1.3,255.6,0,0,0,0
2023-08-02 00:00:00,Apples,210,1.3,273.74,0,0,0,0
2023-08-03 00:00:00,Apples,181,1.31,236.37,0,0,0,0
2023-08-04 00:00:00,Apples,189,1.31,246.87,0,0,0,0
2023-08-05 00:00:00,Apples,180,1.31,235.2,0,0,1,0
2023-08-06 00:00:00,Apples,180,1.31,235.02,0,0,1,0
2023-08-07 00:00:00,Apples,184,1.31,240.38,0,0,0,0
2023-08-08 00:00:00,Apples,184,1.31,240.31,0,0,0,0
2023-08-09 00:00:00,Apples,183,1.31,239.27,0,0,0,0
2023-08-10 00:00:00,Apples,204,1.31,266.78,0,0,0,0
2023-08-11 00:00:00,Apples,190,1.31,248.35,0,0,0,0
2023-08-12 00:00:00,Apples,187,1.31,244.47,0,0,1,0
2023-08-13 00:00:00,Apples,193,1.31,252.17,0,0,1,0
2023-08-14 00:00:00,Apples,182,1.31,237.63,0,0,0,0
2023-08-15 00:00:00,Apples,210,1.31,274.25,0,0,0,0
2023-08-16 00:00:00,Apples,195,1.31,254.63,0,0,0,0
2023-08-17 00:00:00,Apples,191,1.31,249.48,0,0,0,0
2023-08-18 00:00:00,Apples,181,1.31,236.6,0,0,0,0
2023-08-19 00:00:00,Apples,175,1.31,228.78,0,0,1,0
2023-08-20 00:00:00,Apples,168,1.31,219.83,0,0,1,0
2023-08-21 00:00:00,Apples,195,1.31,255.23,0,0,0,0
2023-08-22 00:00:00,Apples,192,1.31,251.03,0,0,0,0
2023-08-23 00:00:00,Apples,205,1.31,268.33,0,0,0,0
2023-08-24 00:00:00,Apples,184,1.31,241.23,0,0,0,0
2023-08-25 00:00:00,Apples,170,1.31,223.07,0,0,0,0
2023-08-26 00:00:00,Apples,181,1.31,237.58,0,0,1,0
2023-08-27 00:00:00,Apples,180,1.31,236.47,0,0,1,0
2023-08-28 00:00:00,Apples,179,1.31,235.09,0,0,0,0
2023-08-29 00:00:00,Apples,188,1.31,246.87,0,0,0,0
2023-08-30 00:00:00,Apples,194,1.31,254.81,0,0,0,0
2023-08-31 00:00:00,Apples,180,1.31,236.06,0,0,0,0
2023-09-01 00:00:00,Apples,174,1.31,228.18,0,0,0,0
2023-09-02 00:00:00,Apples,203,1.31,266.62,0,0,1,0
2023-09-03 00:00:00,Apples,175,1.31,229.84,0,0,1,0
2023-09-04 00:00:00,Apples,195,1.31,256.19,0,1,0,0
2023-09-05 00:00:00,Apples,190,1.31,249.22,0,0,0,0
2023-09-06 00:00:00,Apples,179,1.31,234.98,0,0,0,0
2023-09-07 00:00:00,Apples,196,1.31,257.31,0,0,0,0
2023-09-08 00:00:00,Apples,189,1.31,248.05,0,0,0,0
2023-09-09 00:00:00,Apples,167,1.31,219.28,0,0,1,0
2023-09-10 00:00:00,Apples,192,1.31,252.45,0,0,1,0
2023-09-11 00:00:00,Apples,180,1.31,236.66,0,0,0,0
2023-09-12 00:00:00,Apples,194,1.31,254.92,0,0,0,0
2023-09-13 00:00:00,Apples,194,1.32,255.24,0,0,0,0
2023-09-14 00:00:00,Apples,187,1.32,246.27,0,0,0,0
2023-09-15 00:00:00,Apples,170,1.32,223.8,0,0,0,0
2023-09-16 00:00:00,Apples,177,1.32,233.16,0,0,1,0
2023-09-17 00:00:00,Apples,191,1.32,251.28,0,0,1,0
2023-09-18 00:00:00,Apples,171,1.32,225.09,0,0,0,0
2023-09-19 00:00:00,Apples,176,1.32,231.9,0,0,0,0
2023-09-20 00:00:00,Apples,197,1.32,259.92,0,0,0,0
2023-09-21 00:00:00,Apples,185,1.32,243.86,0,0,0,0
2023-09-22 00:00:00,Apples,186,1.32,244.96,0,0,0,0
2023-09-23 00:00:00,Apples,188,1.32,247.62,0,0,1,0
2023-09-24 00:00:00,Apples,175,1.32,230.35,0,0,1,0
2023-09-25 00:00:00,Apples,198,1.32,260.61,0,0,0,0
2023-09-26 00:00:00,Apples,182,1.32,239.45,0,0,0,0
2023-09-27 00:00:00,Apples,200,1.32,263.01,0,0,0,0
2023-09-28 00:00:00,Apples,180,1.31,236.62,0,0,0,0
2023-09-29 00:00:00,Apples,173,1.32,227.79,0,0,0,0
2023-09-30 00:00:00,Apples,175,1.32,230.28,0,0,1,0
2023-10-01 00:00:00,Apples,173,1.32,227.6,0,0,1,0
2023-10-02 00:00:00,Apples,173,1.31,227.37,0,0,0,0
2023-10-03 00:00:00,Apples,191,1.31,250.67,0,0,0,0
2023-10-04 00:00:00,Apples,202,1.31,265.35,0,0,0,0
2023-10-05 00:00:00,Apples,210,1.32,276.19,0,0,0,0
2023-10-06 00:00:00,Apples,162,1.32,213.12,0,0,0,0
2023-10-07 00:00:00,Apples,189,1.32,248.7,0,0,1,0
2023-10-08 00:00:00,Apples,181,1.32,238.52,0,0,1,0
2023-10-09 00:00:00,Apples,187,1.32,246.64,0,1,0,0
2023-10-10 00:00:00,Apples,228,1.17,266.35,1,0,0,0
2023-10-11 00:00:00,Apples,223,1.17,261.69,1,0,0,0
2023-10-12 00:00:00,Apples,227,1.21,274.51,1,0,0,0
2023-10-13 00:00:00,Apples,218,1.25,271.57,1,0,0,0
2023-10-14 00:00:00,Apples,232,1.23,284.31,1,0,1,0
2023-10-15 00:00:00,Apples,228,1.18,270.03,1,0,1,0
2023-10-16 00:00:00,Apples,180,1.32,238.04,0,0,0,0
2023-10-17 00:00:00,Apples,201,1.32,266.07,0,0,0,0
2023-10-18 00:00:00,Apples,202,1.32,267.19,0,0,0,0
2023-10-19 00:00:00,Apples,194,1.32,256.66,0,0,0,0
2023-10-20 00:00:00,Apples,179,1.33,237.2,0,0,0,0
2023-10-21 00:00:00,Apples,192,1.32,254.1,0,0,1,0
2023-10-22 00:00:00,Apples,163,1.32,215.41,0,0,1,0
2023-10-23 00:00:00,Apples,174,1.32,230.03,0,0,0,0
2023-10-24 00:00:00,Apples,192,1.32,253.7,0,0,0,0
2023-10-25 00:00:00,Apples,184,1.32,243.34,0,0,0,0
2023-10-26 00:00:00,Apples,160,1.32,211.59,0,0,0,0
2023-10-27 00:00:00,Apples,184,1.32,243.14,0,0,0,0
2023-10-28 00:00:00,Apples,187,1.32,246.66,0,0,1,0
2023-10-29 00:00:00,Apples,187,1.32,246.49,0,0,1,0
2023-10-30 00:00:00,Apples,207,1.32,272.64,0,0,0,0
2023-10-31 00:00:00,Apples,203,1.32,267.71,0,0,0,0
2023-11-01 00:00:00,Apples,203,1.32,267.85,0,0,0,0
2023-11-02 00:00:00,Apples,185,1.32,244.7,0,0,0,0
2023-11-03 00:00:00,Apples,166,1.32,219.62,0,0,0,0
2023-11-04 00:00:00,Apples,182,1.32,240.46,0,0,1,0
2023-11-05 00:00:00,Apples,181,1.32,238.72,0,0,1,0
2023-11-06 00:00:00,Apples,178,1.32,234.84,0,0,0,0
2023-11-07 00:00:00,Apples,196,1.32,258.9,0,0,0,0
2023-11-08 00:00:00,Apples,186,1.32,246.09,0,0,0,0
2023-11-09 00:00:00,Apples,190,1.32,251.36,0,0,0,0
2023-11-10 00:00:00,Apples,195,1.32,257.82,0,1,0,0
2023-11-11 00:00:00,Apples,167,1.32,220.8,0,0,1,0
2023-11-12 00:00:00,Apples,183,1.32,242.36,0,0,1,0
2023-11-13 00:00:00,Apples,183,1.32,242.39,0,0,0,0
2023-11-14 00:00:00,Apples,185,1.32,244.93,0,0,0,0
2023-11-15 00:00:00,Apples,186,1.32,246.15,0,0,0,0
2023-11-16 00:00:00,Apples,187,1.32,247.34,0,0,0,0
2023-11-17 00:00:00,Apples,185,1.32,244.53,0,0,0,0
2023-11-18 00:00:00,Apples,188,1.32,248.55,0,0,1,0
2023-11-19 00:00:00,Apples,169,1.32,223.44,0,0,1,0
2023-11-20 00:00:00,Apples,232,1.18,273.58,1,0,0,0
2023-11-21 00:00:00,Apples,248,1.17,289.15,1,0,0,0
2023-11-22 00:00:00,Apples,255,1.19,302.7,1,0,0,0
2023-11-23 00:00:00,Apples,254,1.18,300.21,1,1,0,0
2023-11-24 00:00:00,Apples,237,1.2,285.08,1,0,0,0
2023-11-25 00:00:00,Apples,212,1.19,252.15,1,0,1,0
2023-11-26 00:00:00,Apples,237,1.24,293.88,1,0,1,0
2023-11-27 00:00:00,Apples,209,1.32,276.35,0,0,0,0
2023-11-28 00:00:00,Apples,215,1.32,284.67,0,0,0,0
2023-11-29 00:00:00,Apples,197,1.32,260.81,0,0,0,0
2023-11-30 00:00:00,Apples,205,1.33,271.69,0,0,0,0
2023-12-01 00:00:00,Apples,185,1.32,245.08,0,0,0,0
2023-12-02 00:00:00,Apples,181,1.32,239.64,0,0,1,0
2023-12-03 00:00:00,Apples,187,1.32,247.55,0,0,1,0
2023-12-04 00:00:00,Apples,203,1.32,268.44,0,0,0,0
2023-12-05 00:00:00,Apples,194,1.32,256.41,0,0,0,0
2023-12-06 00:00:00,Apples,208,1.32,275.01,0,0,0,0
2023-12-07 00:00:00,Apples,179,1.32,236.97,0,0,0,0
2023-12-08 00:00:00,Apples,167,1.32,221.2,0,0,0,0
2023-12-09 00:00:00,Apples,190,1.32,251.63,0,0,1,0
2023-12-10 00:00:00,Apples,213,1.33,282.34,0,0,1,0
2023-12-11 00:00:00,Apples,203,1.33,269.01,0,0,0,0
2023-12-12 00:00:00,Apples,206,1.33,273.49,0,0,0,0
2023-12-13 00:00:00,Apples,214,1.33,284.3,0,0,0,0
2023-12-14 00:00:00,Apples,217,1.33,287.95,0,0,0,0
2023-12-15 00:00:00,Apples,184,1.32,243.8,0,0,0,0
2023-12-16 00:00:00,Apples,181,1.32,239.49,0,0,1,0
2023-12-17 00:00:00,Apples,209,1.32,276.48,0,0,1,0
2023-12-18 00:00:00,Apples,239,1.19,285.28,1,0,0,0
2023-12-19 00:00:00,Apples,247,1.2,296.74,1,0,0,0
2023-12-20 00:00:00,Apples,255,1.19,302.26,1,0,0,0
2023-12-21 00:00:00,Apples,236,1.19,280.04,1,0,0,0
2023-12-22 00:00:00,Apples,227,1.19,271.07,1,0,0,0
2023-12-23 00:00:00,Apples,233,1.17,271.7,1,0,1,0
2023-12-24 00:00:00,Apples,241,1.25,301.83,1,0,1,0
2023-12-25 00:00:00,Apples,252,1.23,309.93,1,1,0,0
2023-12-26 00:00:00,Apples,235,1.24,291.89,1,0,0,0
2023-12-27 00:00:00,Apples,254,1.21,307.44,1,0,0,0
2023-12-28 00:00:00,Apples,254,1.24,314.64,1,0,0,0
2023-12-29 00:00:00,Apples,221,1.18,260.39,1,0,0,0
2023-12-30 00:00:00,Apples,231,1.24,287.29,1,0,1,0
2023-12-31 00:00:00,Apples,245,1.24,302.68,1,0,1,0
2024-01-01 00:00:00,Apples,213,1.32,280.29,0,1,0,0
2024-01-02 00:00:00,Apples,208,1.32,273.77,0,0,0,0
2024-01-03 00:00:00,Apples,211,1.32,277.93,0,0,0,0
2024-01-04 00:00:00,Apples,194,1.32,255.33,0,0,0,0
2024-01-05 00:00:00,Apples,181,1.32,238.04,0,0,0,0
2024-01-06 00:00:00,Apples,192,1.32,252.6,0,0,1,0
2024-01-07 00:00:00,Apples,185,1.32,243.28,0,0,1,0
2024-01-08 00:00:00,Apples,199,1.31,261.29,0,0,0,0
2024-01-09 00:00:00,Apples,218,1.31,286.41,0,0,0,0
2024-01-10 00:00:00,Apples,215,1.31,282.5,0,0,0,0
2024-01-11 00:00:00,Apples,208,1.31,273.47,0,0,0,0
2024-01-12 00:00:00,Apples,189,1.32,248.61,0,0,0,0
2024-01-13 00:00:00,Apples,209,1.32,275.02,0,0,1,0
2024-01-14 00:00:00,Apples,203,1.32,266.98,0,0,1,0
2024-01-15 00:00:00,Apples,213,1.31,279.86,0,1,0,0
2024-01-16 00:00:00,Apples,195,1.31,255.92,0,0,0,0
2024-01-17 00:00:00,Apples,214,1.31,280.68,0,0,0,0
2024-01-18 00:00:00,Apples,206,1.31,270.37,0,0,0,0
2024-01-19 00:00:00,Apples,178,1.31,233.8,0,0,0,0
2024-01-20 00:00:00,Apples,181,1.31,237.75,0,0,1,0
2024-01-21 00:00:00,Apples,206,1.31,270.03,0,0,1,0
2024-01-22 00:00:00,Apples,211,1.31,276.41,0,0,0,0
2024-01-23 00:00:00,Apples,214,1.31,280.16,0,0,0,0
2024-01-24 00:00:00,Apples,220,1.31,287.74,0,0,0,0
2024-01-25 00:00:00,Apples,205,1.31,268.56,0,0,0,0
2024-01-26 00:00:00,Apples,205,1.31,268.45,0,0,0,0
2024-01-27 00:00:00,Apples,210,1.31,275.01,0,0,1,0
2024-01-28 00:00:00,Apples,217,1.31,283.76,0,0,1,0
2024-01-29 00:00:00,Apples,204,1.31,266.73,0,0,0,0
2024-01-30 00:00:00,Apples,232,1.31,303.3,0,0,0,0
2024-01-31 00:00:00,Apples,233,1.31,304.62,0,0,0,0
2024-02-01 00:00:00,Apples,226,1.31,295.96,0,0,0,0
2024-02-02 00:00:00,Apples,247,1.24,305.5,1,0,0,0
2024-02-03 00:00:00,Apples,251,1.18,297.11,1,0,1,0
2024-02-04 00:00:00,Apples,257,1.17,299.95,1,0,1,0
2024-02-05 00:00:00,Apples,259,1.19,308.41,1,0,0,0
2024-02-06 00:00:00,Apples,255,1.17,298.18,1,0,0,0
2024-02-07 00:00:00,Apples,274,1.18,324.02,1,0,0,0
2024-02-08 00:00:00,Apples,225,1.3,293.06,0,0,0,0
2024-02-09 00:00:00,Apples,225,1.3,292.94,0,0,0,0
2024-02-10 00:00:00,Apples,183,1.3,238.56,0,0,1,0
2024-02-11 00:00:00,Apples,211,1.3,275.24,0,0,1,0
2024-02-12 00:00:00,Apples,205,1.31,267.68,0,0,0,0
2024-02-13 00:00:00,Apples,212,1.31,277.08,0,0,0,0
2024-02-14 00:00:00,Apples,226,1.31,295.24,0,0,0,0
2024-02-15 00:00:00,Apples,234,1.31,305.88,0,0,0,0
2024-02-16 00:00:00,Apples,198,1.31,258.72,0,0,0,0
2024-02-17 00:00:00,Apples,220,1.31,287.5,0,0,1,0
2024-02-18 00:00:00,Apples,215,1.31,281.21,0,0,1,0
2024-02-19 00:00:00,Apples,238,1.31,311.05,0,1,0,0
2024-02-20 00:00:00,Apples,225,1.31,294.21,0,0,0,0
2024-02-21 00:00:00,Apples,216,1.31,283.03,0,0,0,0
2024-02-22 00:00:00,Apples,245,1.31,320.91,0,0,0,0
2024-02-23 00:00:00,Apples,221,1.31,288.82,0,0,0,0
2024-02-24 00:00:00,Apples,195,1.31,254.56,0,0,1,0
2024-02-25 00:00:00,Apples,217,1.3,282.54,0,0,1,0
2024-02-26 00:00:00,Apples,204,1.3,265.51,0,0,0,0
2024-02-27 00:00:00,Apples,226,1.3,294.02,0,0,0,0
2024-02-28 00:00:00,Apples,255,1.3,331.26,0,0,0,0
2024-02-29 00:00:00,Apples,210,1.3,273.03,0,0,0,0
2024-03-01 00:00:00,Apples,212,1.3,275.55,0,0,0,0
2024-03-02 00:00:00,Apples,222,1.3,288.24,0,0,1,0
2024-03-03 00:00:00,Apples,209,1.3,271.17,0,0,1,0
2024-03-04 00:00:00,Apples,202,1.3,262.43,0,0,0,0
2024-03-05 00:00:00,Apples,240,1.3,311.7,0,0,0,0
2024-03-06 00:00:00,Apples,231,1.3,300.57,0,0,0,0
2024-03-07 00:00:00,Apples,217,1.3,282.11,0,0,0,0
2024-03-08 00:00:00,Apples,192,1.3,249.79,0,0,0,0
2024-03-09 00:00:00,Apples,220,1.3,285.94,0,0,1,0
2024-03-10 00:00:00,Apples,217,1.3,281.99,0,0,1,0
2024-03-11 00:00:00,Apples,213,1.3,276.68,0,0,0,0
2024-03-12 00:00:00,Apples,233,1.3,302.4,0,0,0,0
2024-03-13 00:00:00,Apples,241,1.3,312.49,0,0,0,0
2024-03-14 00:00:00,Apples,251,1.3,325.92,0,0,0,0
2024-03-15 00:00:00,Apples,210,1.3,273,0,0,0,0
2024-03-16 00:00:00,Apples,210,1.3,272.57,0,0,1,0
2024-03-17 00:00:00,Apples,215,1.3,279.14,0,0,1,0
2024-03-18 00:00:00,Apples,217,1.3,281.59,0,0,0,0
2024-03-19 00:00:00,Apples,230,1.3,298.23,0,0,0,0
2024-03-20 00:00:00,Apples,229,1.3,296.61,0,0,0,0
2024-03-21 00:00:00,Apples,235,1.3,304.88,0,0,0,0
2024-03-22 00:00:00,Apples,208,1.3,269.86,0,0,0,0
2024-03-23 00:00:00,Apples,191,1.3,247.81,0,0,1,0
2024-03-24 00:00:00,Apples,237,1.3,308.11,0,0,1,0
2024-03-25 00:00:00,Apples,234,1.3,304.09,0,0,0,0
2024-03-26 00:00:00,Apples,227,1.3,294.7,0,0,0,0
2024-03-27 00:00:00,Apples,232,1.3,301.37,0,0,0,0
2024-03-28 00:00:00,Apples,238,1.3,309.27,0,0,0,0
2024-03-29 00:00:00,Apples,205,1.3,266.12,0,0,0,0
2024-03-30 00:00:00,Apples,233,1.3,302.49,0,0,1,0
2024-03-31 00:00:00,Apples,211,1.3,273.77,0,0,1,0
2024-04-01 00:00:00,Apples,202,1.3,262.01,0,0,0,0
2024-04-02 00:00:00,Apples,228,1.3,295.7,0,0,0,0
2024-04-03 00:00:00,Apples,244,1.3,316.18,0,0,0,0
2024-04-04 00:00:00,Apples,229,1.3,296.98,0,0,0,0
2024-04-05 00:00:00,Apples,211,1.3,273.64,0,0,0,0
2024-04-06 00:00:00,Apples,207,1.3,268.51,0,0,1,0
2024-04-07 00:00:00,Apples,222,1.3,288.26,0,0,1,0
2024-04-08 00:00:00,Apples,207,1.3,269.33,0,0,0,0
2024-04-09 00:00:00,Apples,225,1.3,292.45,0,0,0,0
2024-04-10 00:00:00,Apples,225,1.3,292.62,0,0,0,0
2024-04-11 00:00:00,Apples,230,1.3,299.13,0,0,0,0
2024-04-12 00:00:00,Apples,203,1.3,264.29,0,0,0,0
2024-04-13 00:00:00,Apples,240,1.3,312.37,0,0,1,0
2024-04-14 00:00:00,Apples,212,1.3,276.23,0,0,1,0
2024-04-15 00:00:00,Apples,212,1.3,276.13,0,0,0,0
2024-04-16 00:00:00,Apples,222,1.3,289.24,0,0,0,0
2024-04-17 00:00:00,Apples,232,1.3,301.81,0,0,0,0
2024-04-18 00:00:00,Apples,219,1.3,285.1,0,0,0,0
2024-04-19 00:00:00,Apples,221,1.3,288.01,0,0,0,0
2024-04-20 00:00:00,Apples,210,1.3,273.17,0,0,1,0
2024-04-21 00:00:00,Apples,205,1.3,266.61,0,0,1,0
2024-04-22 00:00:00,Apples,202,1.3,262.95,0,0,0,0
2024-04-23 00:00:00,Apples,220,1.3,286.33,0,0,0,0
2024-04-24 00:00:00,Apples,236,1.3,306.42,0,0,0,0
2024-04-25 00:00:00,Apples,209,1.3,271.38,0,0,0,0
2024-04-26 00:00:00,Apples,216,1.3,280.9,0,0,0,0
2024-04-27 00:00:00,Apples,212,1.3,275.99,0,0,1,0
2024-04-28 00:00:00,Apples,217,1.3,282.51,0,0,1,0
2024-04-29 00:00:00,Apples,214,1.3,278.73,0,0,0,0
2024-04-30 00:00:00,Apples,205,1.3,267.34,0,0,0,0
2024-05-01 00:00:00,Apples,220,1.3,286.66,0,0,0,0
2024-05-02 00:00:00,Apples,218,1.3,284.02,0,0,0,0
2024-05-03 00:00:00,Apples,269,1.18,318.07,1,0,0,0
2024-05-04 00:00:00,Apples,248,1.2,297.62,1,0,1,0
2024-05-05 00:00:00,Apples,249,1.22,305.01,1,0,1,0
2024-05-06 00:00:00,Apples,248,1.19,296.28,1,0,0,0
2024-05-07 00:00:00,Apples,279,1.19,331.4,1,0,0,0
2024-05-08 00:00:00,Apples,275,1.21,333.51,1,0,0,0
2024-05-09 00:00:00,Apples,227,1.3,295.26,0,0,0,0
2024-05-10 00:00:00,Apples,209,1.3,271.45,0,0,0,0
2024-05-11 00:00:00,Apples,216,1.3,280.68,0,0,1,0
2024-05-12 00:00:00,Apples,221,1.3,286.7,0,0,1,0
2024-05-13 00:00:00,Apples,226,1.3,293.33,0,0,0,0
2024-05-14 00:00:00,Apples,225,1.3,291.44,0,0,0,0
2024-05-15 00:00:00,Apples,206,1.3,266.87,0,0,0,0
2024-05-16 00:00:00,Apples,225,1.29,291.24,0,0,0,0
2024-05-17 00:00:00,Apples,213,1.3,276.08,0,0,0,0
2024-05-18 00:00:00,Apples,208,1.3,269.72,0,0,1,0
2024-05-19 00:00:00,Apples,212,1.3,275.03,0,0,1,0
2024-05-20 00:00:00,Apples,237,1.3,307.55,0,0,0,0
2024-05-21 00:00:00,Apples,229,1.3,297.01,0,0,0,0
2024-05-22 00:00:00,Apples,218,1.3,282.59,0,0,0,0
2024-05-23 00:00:00,Apples,214,1.3,277.35,0,0,0,0
2024-05-24 00:00:00,Apples,212,1.3,274.88,0,0,0,0
2024-05-25 00:00:00,Apples,212,1.3,275.38,0,0,1,0
2024-05-26 00:00:00,Apples,196,1.3,254.21,0,0,1,0
2024-05-27 00:00:00,Apples,227,1.3,294.78,0,1,0,0
2024-05-28 00:00:00,Apples,229,1.3,297.33,0,0,0,0
2024-05-29 00:00:00,Apples,224,1.3,290.89,0,0,0,0
2024-05-30 00:00:00,Apples,212,1.3,275.35,0,0,0,0
2024-05-31 00:00:00,Apples,199,1.3,258.42,0,0,0,0
2024-06-01 00:00:00,Apples,193,1.3,250.69,0,0,1,0
2024-06-02 00:00:00,Apples,190,1.3,246.93,0,0,1,0
2024-06-03 00:00:00,Apples,206,1.3,267.64,0,0,0,0
2024-06-04 00:00:00,Apples,217,1.3,281.81,0,0,0,0
2024-06-05 00:00:00,Apples,216,1.3,280.82,0,0,0,0
2024-06-06 00:00:00,Apples,227,1.3,295.09,0,0,0,0
2024-06-07 00:00:00,Apples,207,1.3,268.92,0,0,0,0
2024-06-08 00:00:00,Apples,224,1.3,291.27,0,0,1,0
2024-06-09 00:00:00,Apples,196,1.3,255,0,0,1,0
2024-06-10 00:00:00,Apples,264,1.15,304.19,1,0,0,0
2024-06-11 00:00:00,Apples,257,1.17,301.67,1,0,0,0
2024-06-12 00:00:00,Apples,272,1.19,322.51,1,0,0,0
2024-06-13 00:00:00,Apples,254,1.18,300.09,1,0,0,0
2024-06-14 00:00:00,Apples,217,1.23,266.49,1,0,0,0
2024-06-15 00:00:00,Apples,259,1.22,316.33,1,0,1,0
2024-06-16 00:00:00,Apples,214,1.3,278.68,0,0,1,0
2024-06-17 00:00:00,Apples,210,1.3,273.21,0,0,0,0
2024-06-18 00:00:00,Apples,206,1.3,267.6,0,0,0,0
2024-06-19 00:00:00,Apples,240,1.3,311.77,0,1,0,0
2024-06-20 00:00:00,Apples,202,1.3,262.49,0,0,0,0
2024-06-21 00:00:00,Apples,190,1.3,246.71,0,0,0,0
2024-06-22 00:00:00,Apples,206,1.3,267.44,0,0,1,0
2024-06-23 00:00:00,Apples,197,1.3,255.94,0,0,1,0
2024-06-24 00:00:00,Apples,215,1.3,279.03,0,0,0,0
2024-06-25 00:00:00,Apples,217,1.3,282.09,0,0,0,0
2024-06-26 00:00:00,Apples,201,1.3,261.49,0,0,0,0
2024-06-27 00:00:00,Apples,205,1.3,266.72,0,0,0,0
2024-06-28 00:00:00,Apples,210,1.3,272.53,0,0,0,0
2024-06-29 00:00:00,Apples,192,1.3,248.96,0,0,1,0
2024-06-30 00:00:00,Apples,218,1.3,282.73,0,0,1,0
2024-07-01 00:00:00,Apples,203,1.3,263.4,0,0,0,0
2024-07-02 00:00:00,Apples,207,1.3,268.96,0,0,0,0
2024-07-03 00:00:00,Apples,208,1.3,270.4,0,0,0,0
2024-07-04 00:00:00,Apples,211,1.3,273.79,0,1,0,0
2024-07-05 00:00:00,Apples,192,1.3,249.05,0,0,0,0
2024-07-06 00:00:00,Apples,194,1.3,251.68,0,0,1,0
2024-07-07 00:00:00,Apples,191,1.3,247.77,0,0,1,0
2024-07-08 00:00:00,Apples,195,1.3,252.69,0,0,0,0
2024-07-09 00:00:00,Apples,192,1.3,248.78,0,0,0,0
2024-07-10 00:00:00,Apples,203,1.3,262.95,0,0,0,0
2024-07-11 00:00:00,Apples,201,1.3,260.39,0,0,0,0
2024-07-12 00:00:00,Apples,186,1.3,240.89,0,0,0,0
2024-07-13 00:00:00,Apples,191,1.29,247.31,0,0,1,0
2024-07-14 00:00:00,Apples,225,1.3,291.63,0,0,1,0
2024-07-15 00:00:00,Apples,199,1.3,257.89,0,0,0,0
2024-07-16 00:00:00,Apples,209,1.3,271.06,0,0,0,0
2024-07-17 00:00:00,Apples,201,1.3,260.41,0,0,0,0
2024-07-18 00:00:00,Apples,209,1.29,270.6,0,0,0,0
2024-07-19 00:00:00,Apples,181,1.29,234.29,0,0,0,0
2024-07-20 00:00:00,Apples,202,1.29,261.45,0,0,1,0
2024-07-21 00:00:00,Apples,193,1.29,249.79,0,0,1,0
2024-07-22 00:00:00,Apples,199,1.29,257.5,0,0,0,0
2024-07-23 00:00:00,Apples,200,1.29,258.77,0,0,0,0
2024-07-24 00:00:00,Apples,206,1.29,266.64,0,0,0,0
2024-07-25 00:00:00,Apples,181,1.3,234.43,0,0,0,0
2024-07-26 00:00:00,Apples,194,1.3,251.54,0,0,0,0
2024-07-27 00:00:00,Apples,198,1.3,256.72,0,0,1,0
2024-07-28 00:00:00,Apples,201,1.3,260.73,0,0,1,0
2024-07-29 00:00:00,Apples,198,1.3,256.66,0,0,0,0
2024-07-30 00:00:00,Apples,205,1.3,265.68,0,0,0,0
2024-07-31 00:00:00,Apples,208,1.3,270.16,0,0,0,0
2024-08-01 00:00:00,Apples,187,1.3,242.79,0,0,0,0
2024-08-02 00:00:00,Apples,191,1.3,248,0,0,0,0
2024-08-03 00:00:00,Apples,184,1.3,238.89,0,0,1,0
2024-08-04 00:00:00,Apples,188,1.3,244.19,0,0,1,0
2024-08-05 00:00:00,Apples,204,1.3,264.81,0,0,0,0
2024-08-06 00:00:00,Apples,201,1.29,260.24,0,0,0,0
2024-08-07 00:00:00,Apples,209,1.3,270.73,0,0,0,0
2024-08-08 00:00:00,Apples,224,1.3,290.2,0,0,0,0
2024-08-09 00:00:00,Apples,183,1.3,237.08,0,0,0,0
2024-08-10 00:00:00,Apples,197,1.3,255.2,0,0,1,0
2024-08-11 00:00:00,Apples,188,1.3,243.67,0,0,1,0
2024-08-12 00:00:00,Apples,195,1.29,252.02,0,0,0,0
2024-08-13 00:00:00,Apples,197,1.29,254.61,0,0,0,0
2024-08-14 00:00:00,Apples,210,1.29,271.72,0,0,0,0
2024-08-15 00:00:00,Apples,203,1.29,262.4,0,0,0,0
2024-08-16 00:00:00,Apples,179,1.29,231.18,0,0,0,0
2024-08-17 00:00:00,Apples,190,1.29,245.59,0,0,1,0
2024-08-18 00:00:00,Apples,189,1.29,244.19,0,0,1,0
2024-08-19 00:00:00,Apples,192,1.29,247.74,0,0,0,0
2024-08-20 00:00:00,Apples,207,1.29,266.9,0,0,0,0
2024-08-21 00:00:00,Apples,172,1.29,221.42,0,0,0,0
2024-08-22 00:00:00,Apples,208,1.29,267.51,0,0,0,0
2024-08-23 00:00:00,Apples,171,1.29,220.11,0,0,0,0
2024-08-24 00:00:00,Apples,181,1.29,233.27,0,0,1,0
2024-08-25 00:00:00,Apples,191,1.29,246,0,0,1,0
2024-08-26 00:00:00,Apples,182,1.29,234.68,0,0,0,0
2024-08-27 00:00:00,Apples,200,1.29,257.89,0,0,0,0
2024-08-28 00:00:00,Apples,193,1.29,249.05,0,0,0,0
2024-08-29 00:00:00,Apples,181,1.29,233.84,0,0,0,0
2024-08-30 00:00:00,Apples,188,1.29,242.97,0,0,0,0
2024-08-31 00:00:00,Apples,178,1.29,230.2,0,0,1,0
2024-09-01 00:00:00,Apples,167,1.29,215.9,0,0,1,0
2024-09-02 00:00:00,Apples,201,1.29,259.79,0,1,0,0
2024-09-03 00:00:00,Apples,188,1.29,243.28,0,0,0,0
2024-09-04 00:00:00,Apples,205,1.29,265.43,0,0,0,0
2024-09-05 00:00:00,Apples,190,1.29,246.02,0,0,0,0
2024-09-06 00:00:00,Apples,178,1.29,230.16,0,0,0,0
2024-09-07 00:00:00,Apples,180,1.29,232.34,0,0,1,0
2024-09-08 00:00:00,Apples,191,1.29,246.36,0,0,1,0
2024-09-09 00:00:00,Apples,198,1.29,255.49,0,0,0,0
2024-09-10 00:00:00,Apples,194,1.29,250.24,0,0,0,0
2024-09-11 00:00:00,Apples,218,1.29,281.55,0,0,0,0
2024-09-12 00:00:00,Apples,197,1.29,254.7,0,0,0,0
2024-09-13 00:00:00,Apples,179,1.29,231.48,0,0,0,0
2024-09-14 00:00:00,Apples,192,1.29,248.21,0,0,1,0
2024-09-15 00:00:00,Apples,181,1.29,233.84,0,0,1,0
2024-09-16 00:00:00,Apples,172,1.29,222.27,0,0,0,0
2024-09-17 00:00:00,Apples,193,1.29,249.4,0,0,0,0
2024-09-18 00:00:00,Apples,209,1.29,270.12,0,0,0,0
2024-09-19 00:00:00,Apples,174,1.29,224.7,0,0,0,0
2024-09-20 00:00:00,Apples,201,1.29,259.57,0,0,0,0
2024-09-21 00:00:00,Apples,197,1.29,254.09,0,0,1,0
2024-09-22 00:00:00,Apples,173,1.29,223.32,0,0,1,0
2024-09-23 00:00:00,Apples,176,1.29,227.14,0,0,0,0
2024-09-24 00:00:00,Apples,184,1.29,237.67,0,0,0,0
2024-09-25 00:00:00,Apples,206,1.29,265.65,0,0,0,0
2024-09-26 00:00:00,Apples,179,1.29,230.7,0,0,0,0
2024-09-27 00:00:00,Apples,202,1.29,259.99,0,0,0,0
2024-09-28 00:00:00,Apples,181,1.29,232.89,0,0,1,0
2024-09-29 00:00:00,Apples,198,1.29,254.61,0,0,1,0
2024-09-30 00:00:00,Apples,175,1.29,225.26,0,0,0,0
2024-10-01 00:00:00,Apples,201,1.29,258.78,0,0,0,0
2024-10-02 00:00:00,Apples,207,1.29,266.76,0,0,0,0
2024-10-03 00:00:00,Apples,196,1.29,252.37,0,0,0,0
2024-10-04 00:00:00,Apples,171,1.29,220.42,0,0,0,0
2024-10-05 00:00:00,Apples,188,1.29,241.89,0,0,1,0
2024-10-06 00:00:00,Apples,183,1.29,235.69,0,0,1,0
2024-10-07 00:00:00,Apples,163,1.29,210.21,0,0,0,0
2024-10-08 00:00:00,Apples,236,1.16,272.71,1,0,0,0
2024-10-09 00:00:00,Apples,229,1.15,263.85,1,0,0,0
2024-10-10 00:00:00,Apples,231,1.15,265.41,1,0,0,0
2024-10-11 00:00:00,Apples,216,1.18,255.33,1,0,0,0
2024-10-12 00:00:00,Apples,221,1.15,253.89,1,0,1,0
2024-10-13 00:00:00,Apples,221,1.14,252.91,1,0,1,0
2024-10-14 00:00:00,Apples,200,1.29,257,0,1,0,0
2024-10-15 00:00:00,Apples,198,1.29,254.64,0,0,0,0
2024-10-16 00:00:00,Apples,217,1.29,279.04,0,0,0,0
2024-10-17 00:00:00,Apples,203,1.29,260.91,0,0,0,0
2024-10-18 00:00:00,Apples,184,1.29,236.71,0,0,0,0
2024-10-19 00:00:00,Apples,191,1.29,246.11,0,0,1,0
2024-10-20 00:00:00,Apples,177,1.29,227.9,0,0,1,0
2024-10-21 00:00:00,Apples,176,1.29,226.41,0,0,0,0
2024-10-22 00:00:00,Apples,194,1.29,249.73,0,0,0,0
2024-10-23 00:00:00,Apples,212,1.29,273.63,0,0,0,0
2024-10-24 00:00:00,Apples,217,1.29,280.26,0,0,0,0
2024-10-25 00:00:00,Apples,188,1.29,242.61,0,0,0,0
2024-10-26 00:00:00,Apples,182,1.29,234.97,0,0,1,0
2024-10-27 00:00:00,Apples,180,1.29,232.61,0,0,1,0
2024-10-28 00:00:00,Apples,187,1.29,241.54,0,0,0,0
2024-10-29 00:00:00,Apples,196,1.29,252.88,0,0,0,0
2024-10-30 00:00:00,Apples,220,1.29,283.91,0,0,0,0
2024-10-31 00:00:00,Apples,199,1.29,257.06,0,0,0,0
2024-11-01 00:00:00,Apples,168,1.29,217.38,0,0,0,0
2024-11-02 00:00:00,Apples,189,1.29,244.36,0,0,1,0
2024-11-03 00:00:00,Apples,191,1.29,246.76,0,0,1,0
2024-11-04 00:00:00,Apples,187,1.29,241.7,0,0,0,0
2024-11-05 00:00:00,Apples,197,1.29,254.71,0,0,0,0
2024-11-06 00:00:00,Apples,178,1.29,230.25,0,0,0,0
2024-11-07 00:00:00,Apples,193,1.29,249.7,0,0,0,0
2024-11-08 00:00:00,Apples,198,1.29,256.26,0,0,0,0
2024-11-09 00:00:00,Apples,188,1.29,243.32,0,0,1,0
2024-11-10 00:00:00,Apples,185,1.29,239.34,0,0,1,0
2024-11-11 00:00:00,Apples,206,1.29,266.38,0,1,0,0
2024-11-12 00:00:00,Apples,181,1.29,234.12,0,0,0,0
2024-11-13 00:00:00,Apples,218,1.29,282.05,0,0,0,0
2024-11-14 00:00:00,Apples,199,1.29,257.67,0,0,0,0
2024-11-15 00:00:00,Apples,189,1.29,244.65,0,0,0,0
2024-11-16 00:00:00,Apples,177,1.29,229.21,0,0,1,0
2024-11-17 00:00:00,Apples,175,1.29,226.5,0,0,1,0
2024-11-18 00:00:00,Apples,171,1.29,221.39,0,0,0,0
2024-11-19 00:00:00,Apples,212,1.29,274.47,0,0,0,0
2024-11-20 00:00:00,Apples,246,1.15,282.87,1,0,0,0
2024-11-21 00:00:00,Apples,261,1.19,311.5,1,0,0,0
2024-11-22 00:00:00,Apples,219,1.18,257.57,1,0,0,0
2024-11-23 00:00:00,Apples,230,1.19,274.48,1,0,1,0
2024-11-24 00:00:00,Apples,233,1.17,273.51,1,0,1,0
2024-11-25 00:00:00,Apples,248,1.23,304.09,1,0,0,0
2024-11-26 00:00:00,Apples,258,1.14,295.13,1,0,0,0
2024-11-27 00:00:00,Apples,242,1.23,297.4,1,0,0,0
2024-11-28 00:00:00,Apples,291,1.21,352.35,1,1,0,0
2024-11-29 00:00:00,Apples,251,1.19,299.58,1,0,0,0
2024-11-30 00:00:00,Apples,228,1.21,276.11,1,0,1,0
2024-12-01 00:00:00,Apples,220,1.14,251.81,1,0,1,0
2024-12-02 00:00:00,Apples,202,1.3,261.77,0,0,0,0
2024-12-03 00:00:00,Apples,203,1.3,263.34,0,0,0,0
2024-12-04 00:00:00,Apples,221,1.3,286.41,0,0,0,0
2024-12-05 00:00:00,Apples,202,1.29,261.44,0,0,0,0
2024-12-06 00:00:00,Apples,181,1.29,234.23,0,0,0,0
2024-12-07 00:00:00,Apples,191,1.29,247.11,0,0,1,0
2024-12-08 00:00:00,Apples,188,1.29,243.42,0,0,1,0
2024-12-09 00:00:00,Apples,176,1.3,228.11,0,0,0,0
2024-12-10 00:00:00,Apples,224,1.3,290.42,0,0,0,0
2024-12-11 00:00:00,Apples,209,1.3,271.11,0,0,0,0
2024-12-12 00:00:00,Apples,204,1.3,264.55,0,0,0,0
2024-12-13 00:00:00,Apples,188,1.3,244.06,0,0,0,0
2024-12-14 00:00:00,Apples,180,1.3,233.41,0,0,1,0
2024-12-15 00:00:00,Apples,190,1.3,246.66,0,0,1,0
2024-12-16 00:00:00,Apples,217,1.3,281.42,0,0,0,0
2024-12-17 00:00:00,Apples,220,1.3,285.96,0,0,0,0
2024-12-18 00:00:00,Apples,253,1.2,304.05,1,0,0,0
2024-12-19 00:00:00,Apples,250,1.23,306.5,1,0,0,0
2024-12-20 00:00:00,Apples,236,1.15,272.45,1,0,0,0
2024-12-21 00:00:00,Apples,244,1.2,293.5,1,0,1,0
2024-12-22 00:00:00,Apples,250,1.17,292.23,1,0,1,0
2024-12-23 00:00:00,Apples,244,1.23,300.16,1,0,0,0
2024-12-24 00:00:00,Apples,249,1.16,288.27,1,0,0,0
2024-12-25 00:00:00,Apples,279,1.21,338.15,1,1,0,0
2024-12-26 00:00:00,Apples,245,1.18,288.38,1,0,0,0
2024-12-27 00:00:00,Apples,244,1.21,295.46,1,0,0,0
2024-12-28 00:00:00,Apples,258,1.2,310.23,1,0,1,0
2024-12-29 00:00:00,Apples,246,1.16,286.43,1,0,1,0
2024-12-30 00:00:00,Apples,253,1.17,295,1,0,0,0
2024-12-31 00:00:00,Apples,281,1.18,332.2,1,0,0,0
2025-01-01 00:00:00,Apples,234,1.3,305.35,0,1,0,0
2025-01-02 00:00:00,Apples,208,1.3,271.14,0,0,0,0
2025-01-03 00:00:00,Apples,199,1.3,259.02,0,0,0,0
2025-01-04 00:00:00,Apples,206,1.3,268.56,0,0,1,0
2025-01-05 00:00:00,Apples,191,1.3,249.16,0,0,1,0
2025-01-06 00:00:00,Apples,216,1.3,281.38,0,0,0,0
2025-01-07 00:00:00,Apples,225,1.3,292.65,0,0,0,0
2025-01-08 00:00:00,Apples,221,1.3,287.32,0,0,0,0
2025-01-09 00:00:00,Apples,223,1.3,290.07,0,0,0,0
2025-01-10 00:00:00,Apples,210,1.3,272.7,0,0,0,0
2025-01-11 00:00:00,Apples,204,1.3,264.49,0,0,1,0
2025-01-12 00:00:00,Apples,209,1.3,270.71,0,0,1,0
2025-01-13 00:00:00,Apples,192,1.3,249.2,0,0,0,0
2025-01-14 00:00:00,Apples,227,1.3,294.17,0,0,0,0
2025-01-15 00:00:00,Apples,232,1.3,300.52,0,0,0,0
2025-01-16 00:00:00,Apples,218,1.3,282.52,0,0,0,0
2025-01-17 00:00:00,Apples,188,1.3,243.65,0,0,0,0
2025-01-18 00:00:00,Apples,209,1.29,270.51,0,0,1,0
2025-01-19 00:00:00,Apples,217,1.29,280.58,0,0,1,0
2025-01-20 00:00:00,Apples,220,1.29,284.61,0,1,0,0
2025-01-21 00:00:00,Apples,223,1.29,288.7,0,0,0,0
2025-01-22 00:00:00,Apples,227,1.29,293.92,0,0,0,0
2025-01-23 00:00:00,Apples,208,1.29,269.25,0,0,0,0
2025-01-24 00:00:00,Apples,210,1.3,272.02,0,0,0,0
2025-01-25 00:00:00,Apples,204,1.3,264.21,0,0,1,0
2025-01-26 00:00:00,Apples,201,1.3,260.32,0,0,1,0
2025-01-27 00:00:00,Apples,201,1.29,260.2,0,0,0,0
2025-01-28 00:00:00,Apples,221,1.29,286.17,0,0,0,0
2025-01-29 00:00:00,Apples,206,1.3,267.03,0,0,0,0
2025-01-30 00:00:00,Apples,222,1.3,287.8,0,0,0,0
2025-01-31 00:00:00,Apples,198,1.3,256.74,0,0,0,0
2025-02-01 00:00:00,Apples,231,1.14,264.21,1,0,1,0
2025-02-02 00:00:00,Apples,260,1.21,315.58,1,0,1,0
2025-02-03 00:00:00,Apples,249,1.22,304.92,1,0,0,0
2025-02-04 00:00:00,Apples,284,1.22,346.64,1,0,0,0
2025-02-05 00:00:00,Apples,273,1.22,333.48,1,0,0,0
2025-02-06 00:00:00,Apples,251,1.22,306.3,1,0,0,0
2025-02-07 00:00:00,Apples,205,1.3,265.52,0,0,0,0
2025-02-08 00:00:00,Apples,197,1.29,254.65,0,0,1,0
2025-02-09 00:00:00,Apples,230,1.29,296.97,0,0,1,0
2025-02-10 00:00:00,Apples,223,1.29,287.82,0,0,0,0
2025-02-11 00:00:00,Apples,218,1.29,281.7,0,0,0,0
2025-02-12 00:00:00,Apples,208,1.29,268.83,0,0,0,0
2025-02-13 00:00:00,Apples,224,1.29,289.44,0,0,0,0
2025-02-14 00:00:00,Apples,213,1.29,275.18,0,0,0,0
2025-02-15 00:00:00,Apples,222,1.29,287.01,0,0,1,0
2025-02-16 00:00:00,Apples,202,1.29,261.2,0,0,1,0
2025-02-17 00:00:00,Apples,230,1.29,297.18,0,1,0,0
2025-02-18 00:00:00,Apples,223,1.29,287.75,0,0,0,0
2025-02-19 00:00:00,Apples,231,1.29,298.22,0,0,0,0
2025-02-20 00:00:00,Apples,212,1.29,273.53,0,0,0,0
2025-02-21 00:00:00,Apples,205,1.29,264.92,0,0,0,0
2025-02-22 00:00:00,Apples,216,1.29,279.08,0,0,1,0
2025-02-23 00:00:00,Apples,207,1.29,267.72,0,0,1,0
2025-02-24 00:00:00,Apples,197,1.29,255.06,0,0,0,0
2025-02-25 00:00:00,Apples,235,1.3,304.6,0,0,0,0
2025-02-26 00:00:00,Apples,222,1.3,287.73,0,0,0,0
2025-02-27 00:00:00,Apples,225,1.3,291.69,0,0,0,0
2025-02-28 00:00:00,Apples,206,1.3,267.31,0,0,0,0
2025-03-01 00:00:00,Apples,201,1.3,260.95,0,0,1,0
2025-03-02 00:00:00,Apples,217,1.3,281.87,0,0,1,0
2025-03-03 00:00:00,Apples,217,1.3,281.58,0,0,0,0
2025-03-04 00:00:00,Apples,235,1.3,305.16,0,0,0,0
2025-03-05 00:00:00,Apples,224,1.3,290.84,0,0,0,0
2025-03-06 00:00:00,Apples,232,1.3,301.68,0,0,0,0
2025-03-07 00:00:00,Apples,227,1.3,295.24,0,0,0,0
2025-03-08 00:00:00,Apples,205,1.3,266.92,0,0,1,0
2025-03-09 00:00:00,Apples,204,1.3,265.8,0,0,1,0
2025-03-10 00:00:00,Apples,218,1.3,283.65,0,0,0,0
2025-03-11 00:00:00,Apples,233,1.3,303.06,0,0,0,0
2025-03-12 00:00:00,Apples,233,1.3,303.3,0,0,0,0
2025-03-13 00:00:00,Apples,240,1.3,312.56,0,0,0,0
2025-03-14 00:00:00,Apples,213,1.3,276.94,0,0,0,0
2025-03-15 00:00:00,Apples,224,1.3,291.02,0,0,1,0
2025-03-16 00:00:00,Apples,223,1.3,289.76,0,0,1,0
2025-03-17 00:00:00,Apples,221,1.3,286.98,0,0,0,0
2025-03-18 00:00:00,Apples,289,1.18,340.63,1,0,0,0
2025-03-19 00:00:00,Apples,273,1.19,325.93,1,0,0,0
2025-03-20 00:00:00,Apples,274,1.22,334.97,1,0,0,0
2025-03-21 00:00:00,Apples,263,1.17,308.52,1,0,0,0
2025-03-22 00:00:00,Apples,270,1.18,317.48,1,0,1,0
2025-03-23 00:00:00,Apples,254,1.22,309.66,1,0,1,0
2025-03-24 00:00:00,Apples,199,1.3,258.46,0,0,0,0
2025-03-25 00:00:00,Apples,234,1.3,303.84,0,0,0,0
2025-03-26 00:00:00,Apples,239,1.3,310.49,0,0,0,0
2025-03-27 00:00:00,Apples,225,1.3,292.07,0,0,0,0
2025-03-28 00:00:00,Apples,218,1.3,283.15,0,0,0,0
2025-03-29 00:00:00,Apples,227,1.3,295.01,0,0,1,0
2025-03-30 00:00:00,Apples,221,1.3,287.25,0,0,1,0
2025-03-31 00:00:00,Apples,225,1.3,292.57,0,0,0,0
2025-04-01 00:00:00,Apples,243,1.3,315.96,0,0,0,0
2025-04-02 00:00:00,Apples,236,1.3,307.68,0,0,0,0
2025-04-03 00:00:00,Apples,225,1.3,292.8,0,0,0,0
2025-04-04 00:00:00,Apples,216,1.3,280.66,0,0,0,0
2025-04-05 00:00:00,Apples,226,1.3,293.54,0,0,1,0
2025-04-06 00:00:00,Apples,209,1.3,271.02,0,0,1,0
2025-04-07 00:00:00,Apples,214,1.3,277.36,0,0,0,0
2025-04-08 00:00:00,Apples,231,1.3,299.36,0,0,0,0
2025-04-09 00:00:00,Apples,254,1.29,328.52,0,0,0,0
2025-04-10 00:00:00,Apples,214,1.29,276.31,0,0,0,0
2025-04-11 00:00:00,Apples,205,1.29,264.62,0,0,0,0
2025-04-12 00:00:00,Apples,205,1.29,264.75,0,0,1,0
2025-04-13 00:00:00,Apples,228,1.29,294.3,0,0,1,0
2025-04-14 00:00:00,Apples,234,1.29,301.92,0,0,0,0
2025-04-15 00:00:00,Apples,244,1.29,315.16,0,0,0,0
2025-04-16 00:00:00,Apples,234,1.29,302.29,0,0,0,0
2025-04-17 00:00:00,Apples,221,1.29,285.86,0,0,0,0
2025-04-18 00:00:00,Apples,212,1.29,274.5,0,0,0,0
2025-04-19 00:00:00,Apples,218,1.3,282.51,0,0,1,0
2025-04-20 00:00:00,Apples,228,1.3,295.32,0,0,1,0
2025-04-21 00:00:00,Apples,217,1.3,281.04,0,0,0,0
2025-04-22 00:00:00,Apples,228,1.29,294.73,0,0,0,0
2025-04-23 00:00:00,Apples,296,1.2,355.14,1,0,0,0
2025-04-24 00:00:00,Apples,270,1.21,327.88,1,0,0,0
2025-04-25 00:00:00,Apples,251,1.21,302.69,1,0,0,0
2025-04-26 00:00:00,Apples,265,1.16,307.46,1,0,1,0
2025-04-27 00:00:00,Apples,263,1.17,308.87,1,0,1,0
2025-04-28 00:00:00,Apples,261,1.19,310.73,1,0,0,0
2025-04-29 00:00:00,Apples,228,1.29,293.87,0,0,0,0
2025-04-30 00:00:00,Apples,230,1.29,296.73,0,0,0,0
2025-05-01 00:00:00,Apples,225,1.29,290.42,0,0,0,0
2025-05-02 00:00:00,Apples,188,1.29,242.3,0,0,0,0
2025-05-03 00:00:00,Apples,198,1.29,255.34,0,0,1,0
2025-05-04 00:00:00,Apples,206,1.29,265.56,0,0,1,0
2025-05-05 00:00:00,Apples,222,1.29,286.36,0,0,0,0
2025-05-06 00:00:00,Apples,229,1.29,295.41,0,0,0,0
2025-05-07 00:00:00,Apples,225,1.29,289.79,0,0,0,0
2025-05-08 00:00:00,Apples,237,1.29,305.45,0,0,0,0
2025-05-09 00:00:00,Apples,200,1.29,257.62,0,0,0,0
2025-05-10 00:00:00,Apples,219,1.29,282.07,0,0,1,0
2025-05-11 00:00:00,Apples,212,1.29,272.8,0,0,1,0
2025-05-12 00:00:00,Apples,227,1.29,292.27,0,0,0,0
2025-05-13 00:00:00,Apples,228,1.29,293.18,0,0,0,0
2025-05-14 00:00:00,Apples,228,1.29,293.34,0,0,0,0
2025-05-15 00:00:00,Apples,275,1.17,321.51,1,0,0,0
2025-05-16 00:00:00,Apples,270,1.15,311.29,1,0,0,0
2025-05-17 00:00:00,Apples,254,1.2,306.02,1,0,1,0
2025-05-18 00:00:00,Apples,275,1.14,314.37,1,0,1,0
2025-05-19 00:00:00,Apples,263,1.15,302.07,1,0,0,0
2025-05-20 00:00:00,Apples,288,1.18,339.78,1,0,0,0
2025-05-21 00:00:00,Apples,245,1.29,315,0,0,0,0
2025-05-22 00:00:00,Apples,238,1.29,306.28,0,0,0,0
2025-05-23 00:00:00,Apples,214,1.29,275.69,0,0,0,0
2025-05-24 00:00:00,Apples,217,1.29,279.59,0,0,1,0
2025-05-25 00:00:00,Apples,226,1.29,291.26,0,0,1,0
2025-05-26 00:00:00,Apples,248,1.29,319.84,0,1,0,0
2025-05-27 00:00:00,Apples,239,1.29,308.69,0,0,0,0
2025-05-28 00:00:00,Apples,220,1.29,284.02,0,0,0,0
2025-05-29 00:00:00,Apples,227,1.29,293.04,0,0,0,0
2025-05-30 00:00:00,Apples,202,1.29,260.79,0,0,0,0
2025-05-31 00:00:00,Apples,204,1.29,263.99,0,0,1,0
2025-06-01 00:00:00,Apples,217,1.3,281.11,0,0,1,0
2025-06-02 00:00:00,Apples,212,1.3,274.66,0,0,0,0
2025-06-03 00:00:00,Apples,245,1.3,317.29,0,0,0,0
2025-06-04 00:00:00,Apples,230,1.29,297.61,0,0,0,0
2025-06-05 00:00:00,Apples,218,1.29,282.23,0,0,0,0
2025-06-06 00:00:00,Apples,195,1.29,252.3,0,0,0,0
2025-06-07 00:00:00,Apples,207,1.29,267.82,0,0,1,0
2025-06-08 00:00:00,Apples,213,1.29,275.1,0,0,1,0
2025-06-09 00:00:00,Apples,217,1.29,280.56,0,0,0,0
2025-06-10 00:00:00,Apples,216,1.29,279.71,0,0,0,0
2025-06-11 00:00:00,Apples,233,1.29,301.27,0,0,0,0
2025-06-12 00:00:00,Apples,211,1.3,273.35,0,0,0,0
2025-06-13 00:00:00,Apples,201,1.29,260.19,0,0,0,0
2025-06-14 00:00:00,Apples,205,1.3,265.56,0,0,1,0
2025-06-15 00:00:00,Apples,189,1.3,244.93,0,0,1,0
2025-06-16 00:00:00,Apples,207,1.29,268.06,0,0,0,0
2025-06-17 00:00:00,Apples,235,1.3,304.57,0,0,0,0
2025-06-18 00:00:00,Apples,226,1.3,292.96,0,0,0,0
2025-06-19 00:00:00,Apples,245,1.3,317.42,0,1,0,0
2025-06-20 00:00:00,Apples,218,1.29,282.25,0,0,0,0
2025-06-21 00:00:00,Apples,183,1.29,236.7,0,0,1,0
2025-06-22 00:00:00,Apples,230,1.2,276.48,1,0,1,0
2025-06-23 00:00:00,Apples,250,1.16,288.98,1,0,0,0
2025-06-24 00:00:00,Apples,271,1.19,323.09,1,0,0,0
2025-06-25 00:00:00,Apples,263,1.23,322.53,1,0,0,0
2025-06-26 00:00:00,Apples,259,1.19,308.9,1,0,0,0
2025-06-27 00:00:00,Apples,239,1.21,288.04,1,0,0,0
2025-06-28 00:00:00,Apples,208,1.29,268.98,0,0,1,0
2025-06-29 00:00:00,Apples,191,1.29,247.2,0,0,1,0
2025-06-30 00:00:00,Apples,215,1.29,278.26,0,0,0,0
2025-07-01 00:00:00,Apples,210,1.29,271.81,0,0,0,0
2025-07-02 00:00:00,Apples,218,1.29,282.26,0,0,0,0
2025-07-03 00:00:00,Apples,211,1.3,273.41,0,0,0,0
2025-07-04 00:00:00,Apples,211,1.3,273.32,0,1,0,0
2025-07-05 00:00:00,Apples,215,1.3,278.53,0,0,1,0
2025-07-06 00:00:00,Apples,208,1.29,269.08,0,0,1,0
2025-07-07 00:00:00,Apples,197,1.29,254.85,0,0,0,0
2025-07-08 00:00:00,Apples,238,1.29,308.11,0,0,0,0
2025-07-09 00:00:00,Apples,219,1.29,283.07,0,0,0,0
2025-07-10 00:00:00,Apples,226,1.29,291.99,0,0,0,0
2025-07-11 00:00:00,Apples,191,1.29,246.84,0,0,0,0
2025-07-12 00:00:00,Apples,198,1.29,255.64,0,0,1,0
2025-07-13 00:00:00,Apples,205,1.29,264.5,0,0,1,0
2025-07-14 00:00:00,Apples,201,1.29,259.32,0,0,0,0
2025-07-15 00:00:00,Apples,235,1.29,303.48,0,0,0,0
2025-07-16 00:00:00,Apples,227,1.29,292.6,0,0,0,0
2025-07-17 00:00:00,Apples,219,1.29,283.08,0,0,0,0
2025-07-18 00:00:00,Apples,197,1.29,254.83,0,0,0,0
2025-07-19 00:00:00,Apples,182,1.29,235.67,0,0,1,0
2025-07-20 00:00:00,Apples,216,1.3,279.91,0,0,1,0
2025-07-21 00:00:00,Apples,214,1.3,277.27,0,0,0,0
2025-07-22 00:00:00,Apples,217,1.3,281.19,0,0,0,0
2025-07-23 00:00:00,Apples,213,1.3,276.24,0,0,0,0
2025-07-24 00:00:00,Apples,198,1.3,256.84,0,0,0,0
2025-07-25 00:00:00,Apples,181,1.3,234.93,0,0,0,0
2025-07-26 00:00:00,Apples,198,1.3,257.03,0,0,1,0
2025-07-27 00:00:00,Apples,208,1.3,270.35,0,0,1,0
2025-07-28 00:00:00,Apples,204,1.3,265.04,0,0,0,0
2025-07-29 00:00:00,Apples,203,1.3,263.76,0,0,0,0
2025-07-30 00:00:00,Apples,230,1.3,298.47,0,0,0,0
2025-07-31 00:00:00,Apples,205,1.3,266.09,0,0,0,0
2025-08-01 00:00:00,Apples,198,1.3,256.74,0,0,0,0
2025-08-02 00:00:00,Apples,195,1.3,252.97,0,0,1,0
2025-08-03 00:00:00,Apples,205,1.3,265.85,0,0,1,0
2025-08-04 00:00:00,Apples,201,1.3,260.66,0,0,0,0
2025-08-05 00:00:00,Apples,189,1.3,244.99,0,0,0,0
2025-08-06 00:00:00,Apples,207,1.3,268.37,0,0,0,0
2025-08-07 00:00:00,Apples,218,1.3,282.81,0,0,0,0
2025-08-08 00:00:00,Apples,199,1.3,258.25,0,0,0,0
2025-08-09 00:00:00,Apples,185,1.3,239.99,0,0,1,0
2025-08-10 00:00:00,Apples,194,1.3,251.76,0,0,1,0
2025-08-11 00:00:00,Apples,197,1.3,255.87,0,0,0,0
2025-08-12 00:00:00,Apples,215,1.3,278.98,0,0,0,0
2025-08-13 00:00:00,Apples,208,1.3,270.07,0,0,0,0
2025-08-14 00:00:00,Apples,203,1.3,263.6,0,0,0,0
2025-08-15 00:00:00,Apples,177,1.3,229.65,0,0,0,0
2025-08-16 00:00:00,Apples,170,1.3,220.49,0,0,1,0
2025-08-17 00:00:00,Apples,190,1.3,246.54,0,0,1,0
2025-08-18 00:00:00,Apples,197,1.3,255.63,0,0,0,0
2025-08-19 00:00:00,Apples,202,1.3,262.36,0,0,0,0
2025-08-20 00:00:00,Apples,204,1.3,264.95,0,0,0,0
2025-08-21 00:00:00,Apples,203,1.3,263.67,0,0,0,0
2025-08-22 00:00:00,Apples,192,1.3,249.73,0,0,0,0
2025-08-23 00:00:00,Apples,197,1.3,256.6,0,0,1,0
2025-08-24 00:00:00,Apples,168,1.3,218.99,0,0,1,0
2025-08-25 00:00:00,Apples,191,1.3,248.65,0,0,0,0
2025-08-26 00:00:00,Apples,192,1.3,250.04,0,0,0,0
2025-08-27 00:00:00,Apples,188,1.3,244.77,0,0,0,0
2025-08-28 00:00:00,Apples,183,1.3,238.44,0,0,0,0
2025-08-29 00:00:00,Apples,171,1.3,222.82,0,0,0,0
2025-08-30 00:00:00,Apples,170,1.3,221.82,0,0,1,0
2025-08-31 00:00:00,Apples,196,1.3,255.59,0,0,1,0
2025-09-01 00:00:00,Apples,227,1.3,295.62,0,1,0,0
2025-09-02 00:00:00,Apples,208,1.3,271.22,0,0,0,0
2025-09-03 00:00:00,Apples,193,1.3,251.76,0,0,0,0
2025-09-04 00:00:00,Apples,201,1.31,262.45,0,0,0,0
2025-09-05 00:00:00,Apples,234,1.23,288.5,1,0,0,0
2025-09-06 00:00:00,Apples,237,1.17,276.39,1,0,1,0
2025-09-07 00:00:00,Apples,221,1.22,269.68,1,0,1,0
2025-09-08 00:00:00,Apples,232,1.22,282.59,1,0,0,0
2025-09-09 00:00:00,Apples,243,1.2,292.41,1,0,0,0
2025-09-10 00:00:00,Apples,243,1.15,280.34,1,0,0,0
2025-09-11 00:00:00,Apples,202,1.31,264.38,0,0,0,0
2025-09-12 00:00:00,Apples,181,1.31,236.83,0,0,0,0
2025-09-13 00:00:00,Apples,185,1.31,242.13,0,0,1,0
2025-09-14 00:00:00,Apples,191,1.31,249.74,0,0,1,0
2025-09-15 00:00:00,Apples,191,1.31,249.47,0,0,0,0
2025-09-16 00:00:00,Apples,197,1.31,257.27,0,0,0,0
2025-09-17 00:00:00,Apples,200,1.31,261.35,0,0,0,0
2025-09-18 00:00:00,Apples,184,1.31,240.51,0,0,0,0
2025-09-19 00:00:00,Apples,184,1.31,240.66,0,0,0,0
2025-09-20 00:00:00,Apples,181,1.31,236.95,0,0,1,0
2025-09-21 00:00:00,Apples,207,1.31,271.16,0,0,1,0
2025-09-22 00:00:00,Apples,187,1.31,245.01,0,0,0,0
2025-09-23 00:00:00,Apples,199,1.31,260.64,0,0,0,0
2025-09-24 00:00:00,Apples,187,1.31,245.21,0,0,0,0
2025-09-25 00:00:00,Apples,208,1.31,272.27,0,0,0,0
2025-09-26 00:00:00,Apples,190,1.31,248.53,0,0,0,0
2025-09-27 00:00:00,Apples,195,1.31,254.58,0,0,1,0
2025-09-28 00:00:00,Apples,191,1.3,249.22,0,0,1,0
2025-09-29 00:00:00,Apples,184,1.3,239.95,0,0,0,0
2025-09-30 00:00:00,Apples,211,1.3,275.18,0,0,0,0
2025-10-01 00:00:00,Apples,200,1.3,260.7,0,0,0,0
2025-10-02 00:00:00,Apples,198,1.3,258.38,0,0,0,0
2025-10-03 00:00:00,Apples,175,1.31,228.84,0,0,0,0
2025-10-04 00:00:00,Apples,180,1.31,235.17,0,0,1,0
2025-10-05 00:00:00,Apples,190,1.31,248.06,0,0,1,0
2025-10-06 00:00:00,Apples,183,1.3,238.8,0,0,0,0
2025-10-07 00:00:00,Apples,196,1.31,255.88,0,0,0,0
2025-10-08 00:00:00,Apples,219,1.31,286.26,0,0,0,0
2025-10-09 00:00:00,Apples,212,1.3,276.64,0,0,0,0
2025-10-10 00:00:00,Apples,187,1.31,244.38,0,0,0,0
2025-10-11 00:00:00,Apples,168,1.31,219.53,0,0,1,0
2025-10-12 00:00:00,Apples,191,1.31,249.65,0,0,1,0
2025-10-13 00:00:00,Apples,218,1.31,285.3,0,1,0,0
2025-10-14 00:00:00,Apples,221,1.31,288.73,0,0,0,0
2025-10-15 00:00:00,Apples,208,1.31,271.52,0,0,0,0
2025-10-16 00:00:00,Apples,193,1.3,251.73,0,0,0,0
2025-10-17 00:00:00,Apples,184,1.3,239.5,0,0,0,0
2025-10-18 00:00:00,Apples,180,1.3,234.42,0,0,1,0
2025-10-19 00:00:00,Apples,181,1.3,235.77,0,0,1,0
2025-10-20 00:00:00,Apples,208,1.3,271.02,0,0,0,0
2025-10-21 00:00:00,Apples,201,1.3,261.91,0,0,0,0
2025-10-22 00:00:00,Apples,214,1.3,278.98,0,0,0,0
2025-10-23 00:00:00,Apples,191,1.3,248.95,0,0,0,0
2025-10-24 00:00:00,Apples,179,1.3,233.24,0,0,0,0
2025-10-25 00:00:00,Apples,193,1.3,251.29,0,0,1,0
2025-10-26 00:00:00,Apples,188,1.3,244.17,0,0,1,0
2025-10-27 00:00:00,Apples,190,1.3,246.76,0,0,0,0
2025-10-28 00:00:00,Apples,217,1.3,281.97,0,0,0,0
2025-10-29 00:00:00,Apples,200,1.3,260.05,0,0,0,0
2025-10-30 00:00:00,Apples,190,1.3,246.99,0,0,0,0
2025-10-31 00:00:00,Apples,193,1.3,250.95,0,0,0,0
2025-11-01 00:00:00,Apples,177,1.3,230.17,0,0,1,0
2025-11-02 00:00:00,Apples,196,1.3,255.01,0,0,1,0
2025-11-03 00:00:00,Apples,183,1.3,238,0,0,0,0
2025-11-04 00:00:00,Apples,213,1.3,277.22,0,0,0,0
2025-11-05 00:00:00,Apples,197,1.3,256.44,0,0,0,0
2025-11-06 00:00:00,Apples,205,1.3,266.89,0,0,0,0
2025-11-07 00:00:00,Apples,194,1.3,252.73,0,0,0,0
2025-11-08 00:00:00,Apples,214,1.3,278.83,0,0,1,0
2025-11-09 00:00:00,Apples,183,1.3,238.59,0,0,1,0
2025-11-10 00:00:00,Apples,198,1.3,258.38,0,0,0,0
2025-11-11 00:00:00,Apples,225,1.3,293.41,0,1,0,0
2025-11-12 00:00:00,Apples,186,1.3,242.44,0,0,0,0
2025-11-13 00:00:00,Apples,206,1.31,269.03,0,0,0,0
2025-11-14 00:00:00,Apples,194,1.31,253.45,0,0,0,0
2025-11-15 00:00:00,Apples,197,1.31,257.53,0,0,1,0
2025-11-16 00:00:00,Apples,204,1.31,266.67,0,0,1,0
2025-11-17 00:00:00,Apples,187,1.31,244.4,0,0,0,0
2025-11-18 00:00:00,Apples,200,1.31,261.48,0,0,0,0
2025-11-19 00:00:00,Apples,185,1.31,242.2,0,0,0,0
2025-11-20 00:00:00,Apples,213,1.31,279.03,0,0,0,0
2025-11-21 00:00:00,Apples,205,1.31,268.77,0,0,0,0
2025-11-22 00:00:00,Apples,261,1.18,307.95,1,0,1,0
2025-11-23 00:00:00,Apples,253,1.21,305.98,1,0,1,0
2025-11-24 00:00:00,Apples,235,1.24,291.48,1,0,0,0
2025-11-25 00:00:00,Apples,247,1.22,301.99,1,0,0,0
2025-11-26 00:00:00,Apples,238,1.17,277.6,1,0,0,0
2025-11-27 00:00:00,Apples,275,1.19,326.24,1,1,0,0
2025-11-28 00:00:00,Apples,251,1.21,304.01,1,0,0,0
2025-11-29 00:00:00,Apples,245,1.22,298.74,1,0,1,0
2025-11-30 00:00:00,Apples,244,1.16,283.46,1,0,1,0
2025-12-01 00:00:00,Apples,203,1.31,264.96,0,0,0,0
2025-12-02 00:00:00,Apples,202,1.3,263.3,0,0,0,0
2025-12-03 00:00:00,Apples,206,1.3,268.54,0,0,0,0
2025-12-04 00:00:00,Apples,230,1.31,300.21,0,0,0,0
2025-12-05 00:00:00,Apples,192,1.3,250.5,0,0,0,0
2025-12-06 00:00:00,Apples,203,1.31,265.25,0,0,1,0
2025-12-07 00:00:00,Apples,216,1.31,282.27,0,0,1,0
2025-12-08 00:00:00,Apples,202,1.31,263.73,0,0,0,0
2025-12-09 00:00:00,Apples,261,1.19,309.44,1,0,0,0
2025-12-10 00:00:00,Apples,271,1.19,323.04,1,0,0,0
2025-12-11 00:00:00,Apples,265,1.22,323.41,1,0,0,0
2025-12-12 00:00:00,Apples,221,1.21,267.51,1,0,0,0
2025-12-13 00:00:00,Apples,255,1.15,293.41,1,0,1,0
2025-12-14 00:00:00,Apples,252,1.24,311.88,1,0,1,0
2025-12-15 00:00:00,Apples,204,1.3,266.19,0,0,0,0
2025-12-16 00:00:00,Apples,223,1.3,290.88,0,0,0,0
2025-12-17 00:00:00,Apples,223,1.3,290.77,0,0,0,0
2025-12-18 00:00:00,Apples,270,1.19,321.12,1,0,0,0
2025-12-19 00:00:00,Apples,253,1.17,296.12,1,0,0,0
2025-12-20 00:00:00,Apples,253,1.2,304.15,1,0,1,0
2025-12-21 00:00:00,Apples,271,1.17,317.76,1,0,1,0
2025-12-22 00:00:00,Apples,277,1.23,340.4,1,0,0,0
2025-12-23 00:00:00,Apples,262,1.16,303.52,1,0,0,0
2025-12-24 00:00:00,Apples,272,1.21,328.46,1,0,0,0
2025-12-25 00:00:00,Apples,274,1.23,336.77,1,1,0,0
2025-12-26 00:00:00,Apples,240,1.23,294.63,1,0,0,0
2025-12-27 00:00:00,Apples,238,1.23,293.82,1,0,1,0
2025-12-28 00:00:00,Apples,254,1.22,308.64,1,0,1,0
2025-12-29 00:00:00,Apples,256,1.21,310.29,1,0,0,0
2025-12-30 00:00:00,Apples,270,1.19,321.57,1,0,0,0
2025-12-31 00:00:00,Apples,258,1.19,307.07,1,0,0,0
2026-01-01 00:00:00,Apples,223,1.3,290.24,0,1,0,0
2026-01-02 00:00:00,Apples,205,1.3,266.84,0,0,0,0
2026-01-03 00:00:00,Apples,208,1.3,270.72,0,0,1,0
2026-01-04 00:00:00,Apples,205,1.3,267,0,0,1,0
2026-01-05 00:00:00,Apples,208,1.3,271.16,0,0,0,0
2026-01-06 00:00:00,Apples,229,1.3,298.17,0,0,0,0
2026-01-07 00:00:00,Apples,231,1.3,300.91,0,0,0,0
2026-01-08 00:00:00,Apples,229,1.3,298.43,0,0,0,0
2026-01-09 00:00:00,Apples,199,1.31,259.96,0,0,0,0
2026-01-10 00:00:00,Apples,205,1.31,267.7,0,0,1,0
2026-01-11 00:00:00,Apples,217,1.31,283.37,0,0,1,0
2026-01-12 00:00:00,Apples,211,1.31,275.45,0,0,0,0
2026-01-13 00:00:00,Apples,227,1.31,296.31,0,0,0,0
2026-01-14 00:00:00,Apples,213,1.31,278.08,0,0,0,0
2026-01-15 00:00:00,Apples,215,1.3,280.43,0,0,0,0
2026-01-16 00:00:00,Apples,206,1.3,268.57,0,0,0,0
2026-01-17 00:00:00,Apples,200,1.3,260.55,0,0,1,0
2026-01-18 00:00:00,Apples,216,1.3,281.29,0,0,1,0
2026-01-19 00:00:00,Apples,248,1.3,323.23,0,1,0,0
2026-01-20 00:00:00,Apples,228,1.3,297.06,0,0,0,0
2026-01-21 00:00:00,Apples,207,1.3,269.63,0,0,0,0
2026-01-22 00:00:00,Apples,214,1.3,278.73,0,0,0,0
2026-01-23 00:00:00,Apples,210,1.3,273.23,0,0,0,0
2026-01-24 00:00:00,Apples,229,1.3,297.89,0,0,1,0
2026-01-25 00:00:00,Apples,236,1.3,306.9,0,0,1,0
2026-01-26 00:00:00,Apples,204,1.3,265.53,0,0,0,0
2026-01-27 00:00:00,Apples,260,1.3,338.43,0,0,0,0
2026-01-28 00:00:00,Apples,236,1.3,306.93,0,0,0,0
2026-01-29 00:00:00,Apples,225,1.3,292.48,0,0,0,0
2026-01-30 00:00:00,Apples,222,1.3,288.54,0,0,0,0
2026-01-31 00:00:00,Apples,215,1.3,279.18,0,0,1,0
2026-02-01 00:00:00,Apples,226,1.3,293.24,0,0,1,0
2026-02-02 00:00:00,Apples,210,1.3,272.26,0,0,0,0
2026-02-03 00:00:00,Apples,237,1.3,307.25,0,0,0,0
2026-02-04 00:00:00,Apples,237,1.3,307.75,0,0,0,0
2026-02-05 00:00:00,Apples,224,1.3,290.93,0,0,0,0
2026-02-06 00:00:00,Apples,217,1.3,281.83,0,0,0,0
2026-02-07 00:00:00,Apples,208,1.3,270.59,0,0,1,0
2026-02-08 00:00:00,Apples,229,1.3,297.78,0,0,1,0
2026-02-09 00:00:00,Apples,229,1.3,297.9,0,0,0,0
2026-02-10 00:00:00,Apples,233,1.3,303.02,0,0,0,0
2026-02-11 00:00:00,Apples,228,1.3,296.23,0,0,0,0
2026-02-12 00:00:00,Apples,228,1.3,296.15,0,0,0,0
2022-01-01 00:00:00,Bananas,248,0.59,146.32,0,0,1,0
2022-01-02 00:00:00,Bananas,280,0.59,165.17,0,0,1,0
2022-01-03 00:00:00,Bananas,267,0.59,157.49,0,0,0,0
2022-01-04 00:00:00,Bananas,273,0.59,160.98,0,0,0,0
2022-01-05 00:00:00,Bananas,279,0.59,164.46,0,0,0,0
2022-01-06 00:00:00,Bananas,279,0.59,164.13,0,0,0,0
2022-01-07 00:00:00,Bananas,256,0.59,150.7,0,0,0,0
2022-01-08 00:00:00,Bananas,268,0.59,157.69,0,0,1,0
2022-01-09 00:00:00,Bananas,274,0.59,161.22,0,0,1,0
2022-01-10 00:00:00,Bananas,256,0.59,150.46,0,0,0,0
2022-01-11 00:00:00,Bananas,276,0.59,162.29,0,0,0,0
2022-01-12 00:00:00,Bananas,284,0.59,167.1,0,0,0,0
2022-01-13 00:00:00,Bananas,282,0.59,165.87,0,0,0,0
2022-01-14 00:00:00,Bananas,256,0.59,150.5,0,0,0,0
2022-01-15 00:00:00,Bananas,245,0.59,144,0,0,1,0
2022-01-16 00:00:00,Bananas,267,0.59,156.77,0,0,1,0
2022-01-17 00:00:00,Bananas,303,0.59,178.07,0,1,0,0
2022-01-18 00:00:00,Bananas,277,0.59,162.82,0,0,0,0
2022-01-19 00:00:00,Bananas,276,0.59,162.18,0,0,0,0
2022-01-20 00:00:00,Bananas,308,0.59,181.14,0,0,0,0
2022-01-21 00:00:00,Bananas,264,0.59,154.98,0,0,0,0
2022-01-22 00:00:00,Bananas,272,0.59,159.74,0,0,1,0
2022-01-23 00:00:00,Bananas,253,0.59,148.72,0,0,1,0
2022-01-24 00:00:00,Bananas,246,0.59,144.45,0,0,0,0
2022-01-25 00:00:00,Bananas,297,0.59,174.48,0,0,0,0
2022-01-26 00:00:00,Bananas,279,0.59,163.95,0,0,0,0
2022-01-27 00:00:00,Bananas,286,0.59,168.18,0,0,0,0
2022-01-28 00:00:00,Bananas,275,0.59,161.85,0,0,0,0
2022-01-29 00:00:00,Bananas,270,0.59,158.96,0,0,1,0
2022-01-30 00:00:00,Bananas,289,0.59,170.42,0,0,1,0
2022-01-31 00:00:00,Bananas,246,0.59,145.12,0,0,0,0
2022-02-01 00:00:00,Bananas,275,0.59,162,0,0,0,0
2022-02-02 00:00:00,Bananas,282,0.59,166.16,0,0,0,0
2022-02-03 00:00:00,Bananas,261,0.59,153.81,0,0,0,0
2022-02-04 00:00:00,Bananas,267,0.59,157.4,0,0,0,0
2022-02-05 00:00:00,Bananas,279,0.59,164.42,0,0,1,0
2022-02-06 00:00:00,Bananas,266,0.59,156.91,0,0,1,0
2022-02-07 00:00:00,Bananas,264,0.59,156.09,0,0,0,0
2022-02-08 00:00:00,Bananas,287,0.59,169.43,0,0,0,0
2022-02-09 00:00:00,Bananas,290,0.59,171.56,0,0,0,0
2022-02-10 00:00:00,Bananas,298,0.59,176.34,0,0,0,0
2022-02-11 00:00:00,Bananas,271,0.59,160.34,0,0,0,0
2022-02-12 00:00:00,Bananas,265,0.59,156.67,0,0,1,0
2022-02-13 00:00:00,Bananas,274,0.59,161.81,0,0,1,0
2022-02-14 00:00:00,Bananas,286,0.59,168.8,0,0,0,0
2022-02-15 00:00:00,Bananas,291,0.59,171.8,0,0,0,0
2022-02-16 00:00:00,Bananas,278,0.59,164.1,0,0,0,0
2022-02-17 00:00:00,Bananas,336,0.54,179.97,1,0,0,0
2022-02-18 00:00:00,Bananas,307,0.54,166.04,1,0,0,0
2022-02-19 00:00:00,Bananas,349,0.53,184.54,1,0,1,0
2022-02-20 00:00:00,Bananas,337,0.53,179.59,1,0,1,0
2022-02-21 00:00:00,Bananas,349,0.54,187.07,1,1,0,0
2022-02-22 00:00:00,Bananas,346,0.53,184.36,1,0,0,0
2022-02-23 00:00:00,Bananas,293,0.59,172.85,0,0,0,0
2022-02-24 00:00:00,Bananas,281,0.59,165.68,0,0,0,0
2022-02-25 00:00:00,Bananas,262,0.59,154.26,0,0,0,0
2022-02-26 00:00:00,Bananas,266,0.59,156.73,0,0,1,0
2022-02-27 00:00:00,Bananas,272,0.59,160.35,0,0,1,0
2022-02-28 00:00:00,Bananas,270,0.59,158.84,0,0,0,0
2022-03-01 00:00:00,Bananas,289,0.59,169.83,0,0,0,0
2022-03-02 00:00:00,Bananas,302,0.59,177.4,0,0,0,0
2022-03-03 00:00:00,Bananas,290,0.59,170.29,0,0,0,0
2022-03-04 00:00:00,Bananas,300,0.59,176.01,0,0,0,0
2022-03-05 00:00:00,Bananas,275,0.59,161.31,0,0,1,0
2022-03-06 00:00:00,Bananas,283,0.59,165.99,0,0,1,0
2022-03-07 00:00:00,Bananas,304,0.59,178.24,0,0,0,0
2022-03-08 00:00:00,Bananas,291,0.59,170.71,0,0,0,0
2022-03-09 00:00:00,Bananas,296,0.59,173.69,0,0,0,0
2022-03-10 00:00:00,Bananas,272,0.59,159.69,0,0,0,0
2022-03-11 00:00:00,Bananas,271,0.59,159.26,0,0,0,0
2022-03-12 00:00:00,Bananas,294,0.59,172.81,0,0,1,0
2022-03-13 00:00:00,Bananas,268,0.59,157.49,0,0,1,0
2022-03-14 00:00:00,Bananas,258,0.59,151.62,0,0,0,0
2022-03-15 00:00:00,Bananas,292,0.59,171.5,0,0,0,0
2022-03-16 00:00:00,Bananas,294,0.59,172.72,0,0,0,0
2022-03-17 00:00:00,Bananas,299,0.59,175.67,0,0,0,0
2022-03-18 00:00:00,Bananas,278,0.59,163.52,0,0,0,0
2022-03-19 00:00:00,Bananas,265,0.59,155.63,0,0,1,0
2022-03-20 00:00:00,Bananas,285,0.59,167.05,0,0,1,0
2022-03-21 00:00:00,Bananas,289,0.59,169.43,0,0,0,0
2022-03-22 00:00:00,Bananas,294,0.59,172.3,0,0,0,0
2022-03-23 00:00:00,Bananas,365,0.52,189.87,1,0,0,0
2022-03-24 00:00:00,Bananas,355,0.53,189.7,1,0,0,0
2022-03-25 00:00:00,Bananas,339,0.53,181.25,1,0,0,0
2022-03-26 00:00:00,Bananas,339,0.56,188.62,1,0,1,0
2022-03-27 00:00:00,Bananas,321,0.55,175.78,1,0,1,0
2022-03-28 00:00:00,Bananas,335,0.53,176.23,1,0,0,0
2022-03-29 00:00:00,Bananas,288,0.59,168.81,0,0,0,0
2022-03-30 00:00:00,Bananas,268,0.59,157.25,0,0,0,0
2022-03-31 00:00:00,Bananas,278,0.59,163.28,0,0,0,0
2022-04-01 00:00:00,Bananas,276,0.59,162.18,0,0,0,0
2022-04-02 00:00:00,Bananas,283,0.59,166.19,0,0,1,0
2022-04-03 00:00:00,Bananas,268,0.59,157.52,0,0,1,0
2022-04-04 00:00:00,Bananas,269,0.59,158.18,0,0,0,0
2022-04-05 00:00:00,Bananas,296,0.59,173.89,0,0,0,0
2022-04-06 00:00:00,Bananas,307,0.59,180.27,0,0,0,0
2022-04-07 00:00:00,Bananas,291,0.59,170.94,0,0,0,0
2022-04-08 00:00:00,Bananas,284,0.59,166.65,0,0,0,0
2022-04-09 00:00:00,Bananas,291,0.59,170.82,0,0,1,0
2022-04-10 00:00:00,Bananas,289,0.59,169.91,0,0,1,0
2022-04-11 00:00:00,Bananas,294,0.59,172.73,0,0,0,0
2022-04-12 00:00:00,Bananas,279,0.59,163.87,0,0,0,0
2022-04-13 00:00:00,Bananas,290,0.59,170.41,0,0,0,0
2022-04-14 00:00:00,Bananas,281,0.59,165.19,0,0,0,0
2022-04-15 00:00:00,Bananas,275,0.59,161.58,0,0,0,0
2022-04-16 00:00:00,Bananas,305,0.59,179.12,0,0,1,0
2022-04-17 00:00:00,Bananas,291,0.59,170.91,0,0,1,0
2022-04-18 00:00:00,Bananas,268,0.59,157.47,0,0,0,0
2022-04-19 00:00:00,Bananas,322,0.53,170.69,1,0,0,0
2022-04-20 00:00:00,Bananas,361,0.53,190.27,1,0,0,0
2022-04-21 00:00:00,Bananas,345,0.55,189.79,1,0,0,0
2022-04-22 00:00:00,Bananas,330,0.54,177.4,1,0,0,0
2022-04-23 00:00:00,Bananas,340,0.53,181.81,1,0,1,0
2022-04-24 00:00:00,Bananas,333,0.53,175.98,1,0,1,0
2022-04-25 00:00:00,Bananas,295,0.59,173.37,0,0,0,0
2022-04-26 00:00:00,Bananas,289,0.59,169.79,0,0,0,0
2022-04-27 00:00:00,Bananas,282,0.59,165.89,0,0,0,0
2022-04-28 00:00:00,Bananas,290,0.59,170.5,0,0,0,0
2022-04-29 00:00:00,Bananas,266,0.59,156.5,0,0,0,0
2022-04-30 00:00:00,Bananas,287,0.59,168.76,0,0,1,0
2022-05-01 00:00:00,Bananas,277,0.59,163.13,0,0,1,0
2022-05-02 00:00:00,Bananas,269,0.59,158.46,0,0,0,0
2022-05-03 00:00:00,Bananas,294,0.59,173.32,0,0,0,0
2022-05-04 00:00:00,Bananas,277,0.59,163.18,0,0,0,0
2022-05-05 00:00:00,Bananas,303,0.59,178.48,0,0,0,0
2022-05-06 00:00:00,Bananas,262,0.59,154.4,0,0,0,0
2022-05-07 00:00:00,Bananas,279,0.59,164.58,0,0,1,0
2022-05-08 00:00:00,Bananas,270,0.59,159.43,0,0,1,0
2022-05-09 00:00:00,Bananas,283,0.59,167.11,0,0,0,0
2022-05-10 00:00:00,Bananas,291,0.59,171.73,0,0,0,0
2022-05-11 00:00:00,Bananas,302,0.59,178.4,0,0,0,0
2022-05-12 00:00:00,Bananas,294,0.59,173.51,0,0,0,0
2022-05-13 00:00:00,Bananas,286,0.59,169.18,0,0,0,0
2022-05-14 00:00:00,Bananas,284,0.59,168.11,0,0,1,0
2022-05-15 00:00:00,Bananas,290,0.59,171.33,0,0,1,0
2022-05-16 00:00:00,Bananas,278,0.59,164.33,0,0,0,0
2022-05-17 00:00:00,Bananas,289,0.59,170.58,0,0,0,0
2022-05-18 00:00:00,Bananas,290,0.59,171.28,0,0,0,0
2022-05-19 00:00:00,Bananas,287,0.59,169.6,0,0,0,0
2022-05-20 00:00:00,Bananas,276,0.59,163.19,0,0,0,0
2022-05-21 00:00:00,Bananas,289,0.59,171.12,0,0,1,0
2022-05-22 00:00:00,Bananas,283,0.59,167.73,0,0,1,0
2022-05-23 00:00:00,Bananas,262,0.59,155.49,0,0,0,0
2022-05-24 00:00:00,Bananas,293,0.59,173.97,0,0,0,0
2022-05-25 00:00:00,Bananas,268,0.59,159.17,0,0,0,0
2022-05-26 00:00:00,Bananas,271,0.59,161.15,0,0,0,0
2022-05-27 00:00:00,Bananas,268,0.59,159.35,0,0,0,0
2022-05-28 00:00:00,Bananas,262,0.59,155.88,0,0,1,0
2022-05-29 00:00:00,Bananas,285,0.6,169.64,0,0,1,0
2022-05-30 00:00:00,Bananas,297,0.59,176.65,0,1,0,0
2022-05-31 00:00:00,Bananas,295,0.59,175.46,0,0,0,0
2022-06-01 00:00:00,Bananas,290,0.59,172.38,0,0,0,0
2022-06-02 00:00:00,Bananas,265,0.59,157.47,0,0,0,0
2022-06-03 00:00:00,Bananas,271,0.59,161,0,0,0,0
2022-06-04 00:00:00,Bananas,266,0.59,158.11,0,0,1,0
2022-06-05 00:00:00,Bananas,269,0.6,160.08,0,0,1,0
2022-06-06 00:00:00,Bananas,254,0.6,151.42,0,0,0,0
2022-06-07 00:00:00,Bananas,283,0.6,168.87,0,0,0,0
2022-06-08 00:00:00,Bananas,262,0.6,156.49,0,0,0,0
2022-06-09 00:00:00,Bananas,284,0.6,169.73,0,0,0,0
2022-06-10 00:00:00,Bananas,287,0.6,171.37,0,0,0,0
2022-06-11 00:00:00,Bananas,279,0.6,166.73,0,0,1,0
2022-06-12 00:00:00,Bananas,301,0.6,179.89,0,0,1,0
2022-06-13 00:00:00,Bananas,278,0.6,166.01,0,0,0,0
2022-06-14 00:00:00,Bananas,248,0.6,148.15,0,0,0,0
2022-06-15 00:00:00,Bananas,292,0.6,174.28,0,0,0,0
2022-06-16 00:00:00,Bananas,273,0.6,162.95,0,0,0,0
2022-06-17 00:00:00,Bananas,264,0.6,157.7,0,0,0,0
2022-06-18 00:00:00,Bananas,270,0.6,161.42,0,0,1,0
2022-06-19 00:00:00,Bananas,270,0.6,161.29,0,0,1,0
2022-06-20 00:00:00,Bananas,311,0.6,185.79,0,1,0,0
2022-06-21 00:00:00,Bananas,285,0.6,170.63,0,0,0,0
2022-06-22 00:00:00,Bananas,262,0.6,156.98,0,0,0,0
2022-06-23 00:00:00,Bananas,264,0.6,158.05,0,0,0,0
2022-06-24 00:00:00,Bananas,269,0.6,160.9,0,0,0,0
2022-06-25 00:00:00,Bananas,264,0.6,157.82,0,0,1,0
2022-06-26 00:00:00,Bananas,271,0.6,162.01,0,0,1,0
2022-06-27 00:00:00,Bananas,262,0.6,156.88,0,0,0,0
2022-06-28 00:00:00,Bananas,297,0.6,177.8,0,0,0,0
2022-06-29 00:00:00,Bananas,275,0.6,164.79,0,0,0,0
2022-06-30 00:00:00,Bananas,252,0.6,151.09,0,0,0,0
2022-07-01 00:00:00,Bananas,313,0.56,176.2,1,0,0,0
2022-07-02 00:00:00,Bananas,310,0.53,163.29,1,0,1,0
2022-07-03 00:00:00,Bananas,331,0.57,187.63,1,0,1,0
2022-07-04 00:00:00,Bananas,343,0.56,192.07,1,1,0,0
2022-07-05 00:00:00,Bananas,332,0.56,186.69,1,0,0,0
2022-07-06 00:00:00,Bananas,337,0.53,177.7,1,0,0,0
2022-07-07 00:00:00,Bananas,292,0.6,174.4,0,0,0,0
2022-07-08 00:00:00,Bananas,264,0.6,157.63,0,0,0,0
2022-07-09 00:00:00,Bananas,276,0.6,165.14,0,0,1,0
2022-07-10 00:00:00,Bananas,276,0.6,165.04,0,0,1,0
2022-07-11 00:00:00,Bananas,282,0.6,168.64,0,0,0,0
2022-07-12 00:00:00,Bananas,269,0.6,161.01,0,0,0,0
2022-07-13 00:00:00,Bananas,284,0.6,169.93,0,0,0,0
2022-07-14 00:00:00,Bananas,254,0.6,152.09,0,0,0,0
2022-07-15 00:00:00,Bananas,245,0.6,147,0,0,0,0
2022-07-16 00:00:00,Bananas,255,0.6,153.23,0,0,1,0
2022-07-17 00:00:00,Bananas,267,0.6,160.43,0,0,1,0
2022-07-18 00:00:00,Bananas,267,0.6,160.61,0,0,0,0
2022-07-19 00:00:00,Bananas,276,0.6,166.13,0,0,0,0
2022-07-20 00:00:00,Bananas,260,0.6,156.62,0,0,0,0
2022-07-21 00:00:00,Bananas,252,0.6,151.93,0,0,0,0
2022-07-22 00:00:00,Bananas,247,0.6,148.64,0,0,0,0
2022-07-23 00:00:00,Bananas,278,0.6,167.17,0,0,1,0
2022-07-24 00:00:00,Bananas,249,0.6,149.93,0,0,1,0
2022-07-25 00:00:00,Bananas,254,0.6,153.21,0,0,0,0
2022-07-26 00:00:00,Bananas,268,0.6,161.65,0,0,0,0
2022-07-27 00:00:00,Bananas,272,0.6,164.33,0,0,0,0
2022-07-28 00:00:00,Bananas,268,0.6,162.03,0,0,0,0
2022-07-29 00:00:00,Bananas,241,0.6,145.66,0,0,0,0
2022-07-30 00:00:00,Bananas,242,0.61,146.43,0,0,1,0
2022-07-31 00:00:00,Bananas,265,0.6,160.17,0,0,1,0
2022-08-01 00:00:00,Bananas,258,0.61,156.21,0,0,0,0
2022-08-02 00:00:00,Bananas,271,0.61,164.27,0,0,0,0
2022-08-03 00:00:00,Bananas,273,0.61,165.43,0,0,0,0
2022-08-04 00:00:00,Bananas,254,0.61,153.91,0,0,0,0
2022-08-05 00:00:00,Bananas,250,0.61,151.51,0,0,0,0
2022-08-06 00:00:00,Bananas,263,0.61,159.28,0,0,1,0
2022-08-07 00:00:00,Bananas,258,0.6,155.98,0,0,1,0
2022-08-08 00:00:00,Bananas,246,0.6,148.78,0,0,0,0
2022-08-09 00:00:00,Bananas,268,0.6,162.05,0,0,0,0
2022-08-10 00:00:00,Bananas,256,0.6,154.58,0,0,0,0
2022-08-11 00:00:00,Bananas,253,0.6,152.89,0,0,0,0
2022-08-12 00:00:00,Bananas,234,0.6,141.41,0,0,0,0
2022-08-13 00:00:00,Bananas,235,0.6,142.09,0,0,1,0
2022-08-14 00:00:00,Bananas,227,0.6,137.14,0,0,1,0
2022-08-15 00:00:00,Bananas,245,0.6,147.76,0,0,0,0
2022-08-16 00:00:00,Bananas,238,0.6,143.42,0,0,0,0
2022-08-17 00:00:00,Bananas,274,0.6,164.95,0,0,0,0
2022-08-18 00:00:00,Bananas,253,0.6,152.22,0,0,0,0
2022-08-19 00:00:00,Bananas,251,0.6,150.88,0,0,0,0
2022-08-20 00:00:00,Bananas,263,0.6,158.1,0,0,1,0
2022-08-21 00:00:00,Bananas,258,0.6,155.12,0,0,1,0
2022-08-22 00:00:00,Bananas,316,0.56,175.85,1,0,0,0
2022-08-23 00:00:00,Bananas,327,0.54,175.13,1,0,0,0
2022-08-24 00:00:00,Bananas,322,0.56,181.18,1,0,0,0
2022-08-25 00:00:00,Bananas,314,0.57,179.2,1,0,0,0
2022-08-26 00:00:00,Bananas,284,0.55,157.55,1,0,0,0
2022-08-27 00:00:00,Bananas,320,0.55,177.58,1,0,1,0
2022-08-28 00:00:00,Bananas,246,0.6,147.79,0,0,1,0
2022-08-29 00:00:00,Bananas,231,0.6,138.62,0,0,0,0
2022-08-30 00:00:00,Bananas,258,0.6,154.87,0,0,0,0
2022-08-31 00:00:00,Bananas,255,0.6,153.28,0,0,0,0
2022-09-01 00:00:00,Bananas,246,0.6,147.92,0,0,0,0
2022-09-02 00:00:00,Bananas,226,0.6,135.85,0,0,0,0
2022-09-03 00:00:00,Bananas,239,0.6,143.51,0,0,1,0
2022-09-04 00:00:00,Bananas,249,0.6,149.47,0,0,1,0
2022-09-05 00:00:00,Bananas,286,0.6,171.71,0,1,0,0
2022-09-06 00:00:00,Bananas,281,0.6,168.53,0,0,0,0
2022-09-07 00:00:00,Bananas,270,0.6,161.91,0,0,0,0
2022-09-08 00:00:00,Bananas,249,0.6,149.18,0,0,0,0
2022-09-09 00:00:00,Bananas,254,0.6,152.12,0,0,0,0
2022-09-10 00:00:00,Bananas,240,0.6,143.55,0,0,1,0
2022-09-11 00:00:00,Bananas,262,0.6,156.51,0,0,1,0
2022-09-12 00:00:00,Bananas,257,0.6,153.58,0,0,0,0
2022-09-13 00:00:00,Bananas,314,0.57,177.62,1,0,0,0
2022-09-14 00:00:00,Bananas,332,0.55,183.04,1,0,0,0
2022-09-15 00:00:00,Bananas,314,0.55,173.69,1,0,0,0
2022-09-16 00:00:00,Bananas,314,0.56,176.99,1,0,0,0
2022-09-17 00:00:00,Bananas,299,0.54,160.4,1,0,1,0
2022-09-18 00:00:00,Bananas,322,0.53,170.04,1,0,1,0
2022-09-19 00:00:00,Bananas,239,0.6,142.73,0,0,0,0
2022-09-20 00:00:00,Bananas,278,0.6,166.13,0,0,0,0
2022-09-21 00:00:00,Bananas,270,0.6,161.51,0,0,0,0
2022-09-22 00:00:00,Bananas,251,0.6,150.29,0,0,0,0
2022-09-23 00:00:00,Bananas,231,0.6,138.39,0,0,0,0
2022-09-24 00:00:00,Bananas,247,0.6,147.94,0,0,1,0
2022-09-25 00:00:00,Bananas,243,0.6,145.63,0,0,1,0
2022-09-26 00:00:00,Bananas,249,0.6,149.19,0,0,0,0
2022-09-27 00:00:00,Bananas,264,0.6,158.18,0,0,0,0
2022-09-28 00:00:00,Bananas,274,0.6,164.34,0,0,0,0
2022-09-29 00:00:00,Bananas,257,0.6,154.28,0,0,0,0
2022-09-30 00:00:00,Bananas,239,0.6,143.15,0,0,0,0
2022-10-01 00:00:00,Bananas,291,0.55,160.41,1,0,1,0
2022-10-02 00:00:00,Bananas,319,0.53,169.15,1,0,1,0
2022-10-03 00:00:00,Bananas,303,0.56,170.37,1,0,0,0
2022-10-04 00:00:00,Bananas,318,0.56,178.7,1,0,0,0
2022-10-05 00:00:00,Bananas,316,0.57,179.75,1,0,0,0
2022-10-06 00:00:00,Bananas,322,0.55,178.33,1,0,0,0
2022-10-07 00:00:00,Bananas,238,0.6,142.98,0,0,0,0
2022-10-08 00:00:00,Bananas,247,0.6,148.67,0,0,1,0
2022-10-09 00:00:00,Bananas,253,0.6,152.34,0,0,1,0
2022-10-10 00:00:00,Bananas,279,0.6,167.61,0,1,0,0
2022-10-11 00:00:00,Bananas,273,0.6,164.2,0,0,0,0
2022-10-12 00:00:00,Bananas,252,0.6,151.63,0,0,0,0
2022-10-13 00:00:00,Bananas,263,0.6,158.37,0,0,0,0
2022-10-14 00:00:00,Bananas,237,0.6,142.7,0,0,0,0
2022-10-15 00:00:00,Bananas,246,0.6,148.13,0,0,1,0
2022-10-16 00:00:00,Bananas,265,0.6,159.65,0,0,1,0
2022-10-17 00:00:00,Bananas,254,0.6,152.87,0,0,0,0
2022-10-18 00:00:00,Bananas,255,0.6,153.48,0,0,0,0
2022-10-19 00:00:00,Bananas,259,0.6,155.75,0,0,0,0
2022-10-20 00:00:00,Bananas,265,0.6,159.46,0,0,0,0
2022-10-21 00:00:00,Bananas,252,0.6,151.3,0,0,0,0
2022-10-22 00:00:00,Bananas,233,0.6,139.83,0,0,1,0
2022-10-23 00:00:00,Bananas,254,0.6,152.38,0,0,1,0
2022-10-24 00:00:00,Bananas,245,0.6,147.12,0,0,0,0
2022-10-25 00:00:00,Bananas,244,0.6,146.48,0,0,0,0
2022-10-26 00:00:00,Bananas,261,0.6,156.53,0,0,0,0
2022-10-27 00:00:00,Bananas,265,0.6,158.66,0,0,0,0
2022-10-28 00:00:00,Bananas,244,0.6,146.05,0,0,0,0
2022-10-29 00:00:00,Bananas,243,0.6,145.72,0,0,1,0
2022-10-30 00:00:00,Bananas,236,0.6,141.89,0,0,1,0
2022-10-31 00:00:00,Bananas,255,0.6,153.35,0,0,0,0
2022-11-01 00:00:00,Bananas,267,0.6,160.19,0,0,0,0
2022-11-02 00:00:00,Bananas,273,0.6,163.73,0,0,0,0
2022-11-03 00:00:00,Bananas,271,0.6,162.47,0,0,0,0
2022-11-04 00:00:00,Bananas,241,0.6,144.45,0,0,0,0
2022-11-05 00:00:00,Bananas,235,0.6,140.92,0,0,1,0
2022-11-06 00:00:00,Bananas,260,0.6,155.62,0,0,1,0
2022-11-07 00:00:00,Bananas,254,0.6,151.83,0,0,0,0
2022-11-08 00:00:00,Bananas,257,0.6,153.48,0,0,0,0
2022-11-09 00:00:00,Bananas,264,0.6,157.52,0,0,0,0
2022-11-10 00:00:00,Bananas,263,0.6,157,0,0,0,0
2022-11-11 00:00:00,Bananas,269,0.6,160.52,0,1,0,0
2022-11-12 00:00:00,Bananas,254,0.6,151.77,0,0,1,0
2022-11-13 00:00:00,Bananas,263,0.6,157.22,0,0,1,0
2022-11-14 00:00:00,Bananas,251,0.6,150,0,0,0,0
2022-11-15 00:00:00,Bananas,277,0.6,165.54,0,0,0,0
2022-11-16 00:00:00,Bananas,318,0.54,171.36,1,0,0,0
2022-11-17 00:00:00,Bananas,301,0.55,164.95,1,0,0,0
2022-11-18 00:00:00,Bananas,298,0.56,166.75,1,0,0,0
2022-11-19 00:00:00,Bananas,309,0.54,166.72,1,0,1,0
2022-11-20 00:00:00,Bananas,322,0.54,175.18,1,0,1,0
2022-11-21 00:00:00,Bananas,317,0.57,179.21,1,0,0,0
2022-11-22 00:00:00,Bananas,320,0.55,176.83,1,0,0,0
2022-11-23 00:00:00,Bananas,338,0.55,184.47,1,0,0,0
2022-11-24 00:00:00,Bananas,335,0.54,181.43,1,1,0,0
2022-11-25 00:00:00,Bananas,314,0.53,167.33,1,0,0,0
2022-11-26 00:00:00,Bananas,318,0.53,168.11,1,0,1,0
2022-11-27 00:00:00,Bananas,336,0.56,188.79,1,0,1,0
2022-11-28 00:00:00,Bananas,251,0.6,150.48,0,0,0,0
2022-11-29 00:00:00,Bananas,276,0.6,165.29,0,0,0,0
2022-11-30 00:00:00,Bananas,258,0.6,154.5,0,0,0,0
2022-12-01 00:00:00,Bananas,248,0.6,148.77,0,0,0,0
2022-12-02 00:00:00,Bananas,252,0.6,151.07,0,0,0,0
2022-12-03 00:00:00,Bananas,257,0.6,153.91,0,0,1,0
2022-12-04 00:00:00,Bananas,269,0.6,161.15,0,0,1,0
2022-12-05 00:00:00,Bananas,247,0.6,147.99,0,0,0,0
2022-12-06 00:00:00,Bananas,263,0.6,157.52,0,0,0,0
2022-12-07 00:00:00,Bananas,297,0.6,177.79,0,0,0,0
2022-12-08 00:00:00,Bananas,265,0.6,158.67,0,0,0,0
2022-12-09 00:00:00,Bananas,252,0.6,150.93,0,0,0,0
2022-12-10 00:00:00,Bananas,259,0.6,154.99,0,0,1,0
2022-12-11 00:00:00,Bananas,262,0.6,156.73,0,0,1,0
2022-12-12 00:00:00,Bananas,276,0.6,165.03,0,0,0,0
2022-12-13 00:00:00,Bananas,268,0.6,160.24,0,0,0,0
2022-12-14 00:00:00,Bananas,286,0.6,171.06,0,0,0,0
2022-12-15 00:00:00,Bananas,271,0.6,161.87,0,0,0,0
2022-12-16 00:00:00,Bananas,258,0.6,154.21,0,0,0,0
2022-12-17 00:00:00,Bananas,293,0.6,174.97,0,0,1,0
2022-12-18 00:00:00,Bananas,324,0.54,176.04,1,0,1,0
2022-12-19 00:00:00,Bananas,308,0.57,174.22,1,0,0,0
2022-12-20 00:00:00,Bananas,324,0.55,177.57,1,0,0,0
2022-12-21 00:00:00,Bananas,344,0.52,180.55,1,0,0,0
2022-12-22 00:00:00,Bananas,321,0.53,169.72,1,0,0,0
2022-12-23 00:00:00,Bananas,320,0.54,172.68,1,0,0,0
2022-12-24 00:00:00,Bananas,318,0.53,168.99,1,0,1,0
2022-12-25 00:00:00,Bananas,333,0.56,186.39,1,0,1,0
2022-12-26 00:00:00,Bananas,356,0.54,191.63,1,1,0,0
2022-12-27 00:00:00,Bananas,330,0.53,174.66,1,0,0,0
2022-12-28 00:00:00,Bananas,350,0.54,190.08,1,0,0,0
2022-12-29 00:00:00,Bananas,338,0.56,190.29,1,0,0,0
2022-12-30 00:00:00,Bananas,312,0.54,170.01,1,0,0,0
2022-12-31 00:00:00,Bananas,336,0.53,177.69,1,0,1,0
2023-01-01 00:00:00,Bananas,286,0.6,170.68,0,0,1,0
2023-01-02 00:00:00,Bananas,280,0.6,167.27,0,1,0,0
2023-01-03 00:00:00,Bananas,287,0.6,171.51,0,0,0,0
2023-01-04 00:00:00,Bananas,287,0.6,171.59,0,0,0,0
2023-01-05 00:00:00,Bananas,276,0.6,165.08,0,0,0,0
2023-01-06 00:00:00,Bananas,258,0.6,154.28,0,0,0,0
2023-01-07 00:00:00,Bananas,272,0.6,162.47,0,0,1,0
2023-01-08 00:00:00,Bananas,272,0.6,162.46,0,0,1,0
2023-01-09 00:00:00,Bananas,284,0.6,169.9,0,0,0,0
2023-01-10 00:00:00,Bananas,269,0.6,160.69,0,0,0,0
2023-01-11 00:00:00,Bananas,291,0.6,173.94,0,0,0,0
2023-01-12 00:00:00,Bananas,274,0.6,163.66,0,0,0,0
2023-01-13 00:00:00,Bananas,251,0.6,149.81,0,0,0,0
2023-01-14 00:00:00,Bananas,281,0.6,167.59,0,0,1,0
2023-01-15 00:00:00,Bananas,287,0.6,171.2,0,0,1,0
2023-01-16 00:00:00,Bananas,281,0.6,167.52,0,1,0,0
2023-01-17 00:00:00,Bananas,269,0.6,160.35,0,0,0,0
2023-01-18 00:00:00,Bananas,276,0.6,164.65,0,0,0,0
2023-01-19 00:00:00,Bananas,279,0.6,166.63,0,0,0,0
2023-01-20 00:00:00,Bananas,267,0.6,159.61,0,0,0,0
2023-01-21 00:00:00,Bananas,275,0.6,164.33,0,0,1,0
2023-01-22 00:00:00,Bananas,280,0.6,167.12,0,0,1,0
2023-01-23 00:00:00,Bananas,257,0.6,153.53,0,0,0,0
2023-01-24 00:00:00,Bananas,300,0.6,179.12,0,0,0,0
2023-01-25 00:00:00,Bananas,304,0.6,181.46,0,0,0,0
2023-01-26 00:00:00,Bananas,295,0.6,176.26,0,0,0,0
2023-01-27 00:00:00,Bananas,268,0.6,160.13,0,0,0,0
2023-01-28 00:00:00,Bananas,289,0.6,172.69,0,0,1,0
2023-01-29 00:00:00,Bananas,275,0.6,164.31,0,0,1,0
2023-01-30 00:00:00,Bananas,270,0.6,161.04,0,0,0,0
2023-01-31 00:00:00,Bananas,293,0.6,174.66,0,0,0,0
2023-02-01 00:00:00,Bananas,283,0.6,168.9,0,0,0,0
2023-02-02 00:00:00,Bananas,279,0.6,166.3,0,0,0,0
2023-02-03 00:00:00,Bananas,278,0.6,165.85,0,0,0,0
2023-02-04 00:00:00,Bananas,271,0.6,161.78,0,0,1,0
2023-02-05 00:00:00,Bananas,285,0.6,170.06,0,0,1,0
2023-02-06 00:00:00,Bananas,294,0.6,175.39,0,0,0,0
2023-02-07 00:00:00,Bananas,284,0.6,169.4,0,0,0,0
2023-02-08 00:00:00,Bananas,283,0.6,168.47,0,0,0,0
2023-02-09 00:00:00,Bananas,286,0.6,170.26,0,0,0,0
2023-02-10 00:00:00,Bananas,262,0.59,155.73,0,0,0,0
2023-02-11 00:00:00,Bananas,279,0.59,165.82,0,0,1,0
2023-02-12 00:00:00,Bananas,275,0.59,163.61,0,0,1,0
2023-02-13 00:00:00,Bananas,271,0.6,161.35,0,0,0,0
2023-02-14 00:00:00,Bananas,296,0.59,175.84,0,0,0,0
2023-02-15 00:00:00,Bananas,281,0.59,166.79,0,0,0,0
2023-02-16 00:00:00,Bananas,290,0.59,171.93,0,0,0,0
2023-02-17 00:00:00,Bananas,286,0.59,169.38,0,0,0,0
2023-02-18 00:00:00,Bananas,298,0.59,176.57,0,0,1,0
2023-02-19 00:00:00,Bananas,286,0.59,169.53,0,0,1,0
2023-02-20 00:00:00,Bananas,313,0.59,185.39,0,1,0,0
2023-02-21 00:00:00,Bananas,304,0.59,180.03,0,0,0,0
2023-02-22 00:00:00,Bananas,302,0.59,178.85,0,0,0,0
2023-02-23 00:00:00,Bananas,289,0.59,171.2,0,0,0,0
2023-02-24 00:00:00,Bananas,304,0.59,180.24,0,0,0,0
2023-02-25 00:00:00,Bananas,286,0.59,169.21,0,0,1,0
2023-02-26 00:00:00,Bananas,283,0.59,167.52,0,0,1,0
2023-02-27 00:00:00,Bananas,275,0.59,162.8,0,0,0,0
2023-02-28 00:00:00,Bananas,301,0.59,178.15,0,0,0,0
2023-03-01 00:00:00,Bananas,306,0.59,181.18,0,0,0,0
2023-03-02 00:00:00,Bananas,296,0.59,175.55,0,0,0,0
2023-03-03 00:00:00,Bananas,272,0.59,161.51,0,0,0,0
2023-03-04 00:00:00,Bananas,293,0.59,174.24,0,0,1,0
2023-03-05 00:00:00,Bananas,299,0.59,177.54,0,0,1,0
2023-03-06 00:00:00,Bananas,303,0.59,179.64,0,0,0,0
2023-03-07 00:00:00,Bananas,315,0.59,186.61,0,0,0,0
2023-03-08 00:00:00,Bananas,281,0.59,166.12,0,0,0,0
2023-03-09 00:00:00,Bananas,354,0.55,194.55,1,0,0,0
2023-03-10 00:00:00,Bananas,339,0.55,187.46,1,0,0,0
2023-03-11 00:00:00,Bananas,354,0.53,186.55,1,0,1,0
2023-03-12 00:00:00,Bananas,341,0.55,187.08,1,0,1,0
2023-03-13 00:00:00,Bananas,354,0.53,188.42,1,0,0,0
2023-03-14 00:00:00,Bananas,362,0.55,199.72,1,0,0,0
2023-03-15 00:00:00,Bananas,291,0.59,172.09,0,0,0,0
2023-03-16 00:00:00,Bananas,292,0.59,172.77,0,0,0,0
2023-03-17 00:00:00,Bananas,286,0.59,169.41,0,0,0,0
2023-03-18 00:00:00,Bananas,273,0.59,161.6,0,0,1,0
2023-03-19 00:00:00,Bananas,289,0.59,170.94,0,0,1,0
2023-03-20 00:00:00,Bananas,289,0.59,170.97,0,0,0,0
2023-03-21 00:00:00,Bananas,294,0.59,173.95,0,0,0,0
2023-03-22 00:00:00,Bananas,314,0.59,185.77,0,0,0,0
2023-03-23 00:00:00,Bananas,298,0.59,176.27,0,0,0,0
2023-03-24 00:00:00,Bananas,287,0.59,169.74,0,0,0,0
2023-03-25 00:00:00,Bananas,282,0.59,166.49,0,0,1,0
2023-03-26 00:00:00,Bananas,285,0.59,168.39,0,0,1,0
2023-03-27 00:00:00,Bananas,288,0.59,170.2,0,0,0,0
2023-03-28 00:00:00,Bananas,299,0.59,176.65,0,0,0,0
2023-03-29 00:00:00,Bananas,316,0.59,186.76,0,0,0,0
2023-03-30 00:00:00,Bananas,283,0.59,167.09,0,0,0,0
2023-03-31 00:00:00,Bananas,271,0.59,160.06,0,0,0,0
2023-04-01 00:00:00,Bananas,304,0.59,179.48,0,0,1,0
2023-04-02 00:00:00,Bananas,278,0.59,164.21,0,0,1,0
2023-04-03 00:00:00,Bananas,288,0.59,170.26,0,0,0,0
2023-04-04 00:00:00,Bananas,357,0.56,199.78,1,0,0,0
2023-04-05 00:00:00,Bananas,354,0.55,195.61,1,0,0,0
2023-04-06 00:00:00,Bananas,368,0.56,204.31,1,0,0,0
2023-04-07 00:00:00,Bananas,333,0.54,181.3,1,0,0,0
2023-04-08 00:00:00,Bananas,363,0.55,201.19,1,0,1,0
2023-04-09 00:00:00,Bananas,370,0.54,199.56,1,0,1,0
2023-04-10 00:00:00,Bananas,280,0.59,165.51,0,0,0,0
2023-04-11 00:00:00,Bananas,314,0.59,185.86,0,0,0,0
2023-04-12 00:00:00,Bananas,289,0.59,170.86,0,0,0,0
2023-04-13 00:00:00,Bananas,293,0.59,173.27,0,0,0,0
2023-04-14 00:00:00,Bananas,275,0.59,162.64,0,0,0,0
2023-04-15 00:00:00,Bananas,293,0.59,173.4,0,0,1,0
2023-04-16 00:00:00,Bananas,300,0.59,177.27,0,0,1,0
2023-04-17 00:00:00,Bananas,287,0.59,169.58,0,0,0,0
2023-04-18 00:00:00,Bananas,285,0.59,168.19,0,0,0,0
2023-04-19 00:00:00,Bananas,291,0.59,171.42,0,0,0,0
2023-04-20 00:00:00,Bananas,286,0.59,168.54,0,0,0,0
2023-04-21 00:00:00,Bananas,291,0.59,171.62,0,0,0,0
2023-04-22 00:00:00,Bananas,290,0.59,170.88,0,0,1,0
2023-04-23 00:00:00,Bananas,296,0.59,174.55,0,0,1,0
2023-04-24 00:00:00,Bananas,280,0.59,165.08,0,0,0,0
2023-04-25 00:00:00,Bananas,287,0.59,169.11,0,0,0,0
2023-04-26 00:00:00,Bananas,285,0.59,167.88,0,0,0,0
2023-04-27 00:00:00,Bananas,301,0.59,177.18,0,0,0,0
2023-04-28 00:00:00,Bananas,274,0.59,161.31,0,0,0,0
2023-04-29 00:00:00,Bananas,282,0.59,165.83,0,0,1,0
2023-04-30 00:00:00,Bananas,296,0.59,174,0,0,1,0
2023-05-01 00:00:00,Bananas,282,0.59,165.48,0,0,0,0
2023-05-02 00:00:00,Bananas,284,0.59,166.88,0,0,0,0
2023-05-03 00:00:00,Bananas,296,0.59,173.75,0,0,0,0
2023-05-04 00:00:00,Bananas,292,0.59,171.63,0,0,0,0
2023-05-05 00:00:00,Bananas,281,0.59,165.14,0,0,0,0
2023-05-06 00:00:00,Bananas,308,0.59,181.34,0,0,1,0
2023-05-07 00:00:00,Bananas,281,0.59,165.46,0,0,1,0
2023-05-08 00:00:00,Bananas,290,0.59,170.8,0,0,0,0
2023-05-09 00:00:00,Bananas,288,0.59,169.76,0,0,0,0
2023-05-10 00:00:00,Bananas,353,0.54,191.65,1,0,0,0
2023-05-11 00:00:00,Bananas,348,0.56,193.58,1,0,0,0
2023-05-12 00:00:00,Bananas,343,0.52,179.33,1,0,0,0
2023-05-13 00:00:00,Bananas,337,0.52,176.55,1,0,1,0
2023-05-14 00:00:00,Bananas,361,0.54,194.05,1,0,1,0
2023-05-15 00:00:00,Bananas,338,0.52,177.29,1,0,0,0
2023-05-16 00:00:00,Bananas,304,0.59,180.11,0,0,0,0
2023-05-17 00:00:00,Bananas,304,0.59,180.09,0,0,0,0
2023-05-18 00:00:00,Bananas,282,0.59,166.95,0,0,0,0
2023-05-19 00:00:00,Bananas,276,0.59,163.5,0,0,0,0
2023-05-20 00:00:00,Bananas,277,0.59,163.8,0,0,1,0
2023-05-21 00:00:00,Bananas,294,0.59,173.87,0,0,1,0
2023-05-22 00:00:00,Bananas,305,0.59,180.57,0,0,0,0
2023-05-23 00:00:00,Bananas,294,0.59,174.41,0,0,0,0
2023-05-24 00:00:00,Bananas,307,0.59,182.11,0,0,0,0
2023-05-25 00:00:00,Bananas,276,0.59,163.56,0,0,0,0
2023-05-26 00:00:00,Bananas,268,0.59,158.85,0,0,0,0
2023-05-27 00:00:00,Bananas,267,0.59,158.59,0,0,1,0
2023-05-28 00:00:00,Bananas,277,0.6,164.88,0,0,1,0
2023-05-29 00:00:00,Bananas,320,0.6,190.41,0,1,0,0
2023-05-30 00:00:00,Bananas,271,0.59,161.19,0,0,0,0
2023-05-31 00:00:00,Bananas,293,0.59,174.22,0,0,0,0
2023-06-01 00:00:00,Bananas,293,0.59,174.12,0,0,0,0
2023-06-02 00:00:00,Bananas,287,0.59,170.64,0,0,0,0
2023-06-03 00:00:00,Bananas,301,0.59,179.08,0,0,1,0
2023-06-04 00:00:00,Bananas,335,0.53,178.73,1,0,1,0
2023-06-05 00:00:00,Bananas,344,0.53,182.66,1,0,0,0
2023-06-06 00:00:00,Bananas,358,0.53,190.06,1,0,0,0
2023-06-07 00:00:00,Bananas,351,0.56,196.69,1,0,0,0
2023-06-08 00:00:00,Bananas,353,0.55,192.61,1,0,0,0
2023-06-09 00:00:00,Bananas,337,0.55,187,1,0,0,0
2023-06-10 00:00:00,Bananas,285,0.6,169.92,0,0,1,0
2023-06-11 00:00:00,Bananas,287,0.6,170.87,0,0,1,0
2023-06-12 00:00:00,Bananas,272,0.6,161.99,0,0,0,0
2023-06-13 00:00:00,Bananas,283,0.6,168.9,0,0,0,0
2023-06-14 00:00:00,Bananas,302,0.6,180.52,0,0,0,0
2023-06-15 00:00:00,Bananas,279,0.6,166.76,0,0,0,0
2023-06-16 00:00:00,Bananas,263,0.6,157.23,0,0,0,0
2023-06-17 00:00:00,Bananas,276,0.6,165.12,0,0,1,0
2023-06-18 00:00:00,Bananas,278,0.6,166.45,0,0,1,0
2023-06-19 00:00:00,Bananas,294,0.6,175.96,0,1,0,0
2023-06-20 00:00:00,Bananas,273,0.6,163.4,0,0,0,0
2023-06-21 00:00:00,Bananas,283,0.6,169.26,0,0,0,0
2023-06-22 00:00:00,Bananas,279,0.6,167.08,0,0,0,0
2023-06-23 00:00:00,Bananas,240,0.6,143.7,0,0,0,0
2023-06-24 00:00:00,Bananas,264,0.6,158.12,0,0,1,0
2023-06-25 00:00:00,Bananas,274,0.6,164.14,0,0,1,0
2023-06-26 00:00:00,Bananas,270,0.6,161.71,0,0,0,0
2023-06-27 00:00:00,Bananas,286,0.6,171.33,0,0,0,0
2023-06-28 00:00:00,Bananas,293,0.6,175.41,0,0,0,0
2023-06-29 00:00:00,Bananas,276,0.6,165.08,0,0,0,0
2023-06-30 00:00:00,Bananas,264,0.6,157.65,0,0,0,0
2023-07-01 00:00:00,Bananas,272,0.6,162.47,0,0,1,0
2023-07-02 00:00:00,Bananas,260,0.6,155.37,0,0,1,0
2023-07-03 00:00:00,Bananas,323,0.57,182.87,1,0,0,0
2023-07-04 00:00:00,Bananas,356,0.54,192.67,1,1,0,0
2023-07-05 00:00:00,Bananas,355,0.55,196.62,1,0,0,0
2023-07-06 00:00:00,Bananas,343,0.53,181.95,1,0,0,0
2023-07-07 00:00:00,Bananas,308,0.55,169.21,1,0,0,0
2023-07-08 00:00:00,Bananas,326,0.57,184.53,1,0,1,0
2023-07-09 00:00:00,Bananas,285,0.6,170.79,0,0,1,0
2023-07-10 00:00:00,Bananas,261,0.6,156.39,0,0,0,0
2023-07-11 00:00:00,Bananas,281,0.6,168.21,0,0,0,0
2023-07-12 00:00:00,Bananas,299,0.6,178.95,0,0,0,0
2023-07-13 00:00:00,Bananas,269,0.6,161.3,0,0,0,0
2023-07-14 00:00:00,Bananas,256,0.6,153.41,0,0,0,0
2023-07-15 00:00:00,Bananas,263,0.6,157.6,0,0,1,0
2023-07-16 00:00:00,Bananas,283,0.6,169.85,0,0,1,0
2023-07-17 00:00:00,Bananas,263,0.6,157.71,0,0,0,0
2023-07-18 00:00:00,Bananas,286,0.6,171.69,0,0,0,0
2023-07-19 00:00:00,Bananas,273,0.6,164.13,0,0,0,0
2023-07-20 00:00:00,Bananas,279,0.6,167.36,0,0,0,0
2023-07-21 00:00:00,Bananas,257,0.6,154.27,0,0,0,0
2023-07-22 00:00:00,Bananas,266,0.6,159.74,0,0,1,0
2023-07-23 00:00:00,Bananas,267,0.6,160.38,0,0,1,0
2023-07-24 00:00:00,Bananas,294,0.6,176.37,0,0,0,0
2023-07-25 00:00:00,Bananas,283,0.6,169.76,0,0,0,0
2023-07-26 00:00:00,Bananas,292,0.6,175.17,0,0,0,0
2023-07-27 00:00:00,Bananas,276,0.6,165.4,0,0,0,0
2023-07-28 00:00:00,Bananas,261,0.6,156.44,0,0,0,0
2023-07-29 00:00:00,Bananas,243,0.6,145.69,0,0,1,0
2023-07-30 00:00:00,Bananas,269,0.6,161.41,0,0,1,0
2023-07-31 00:00:00,Bananas,258,0.6,154.79,0,0,0,0
2023-08-01 00:00:00,Bananas,272,0.6,163.24,0,0,0,0
2023-08-02 00:00:00,Bananas,286,0.6,171.76,0,0,0,0
2023-08-03 00:00:00,Bananas,263,0.6,158.08,0,0,0,0
2023-08-04 00:00:00,Bananas,247,0.6,148.48,0,0,0,0
2023-08-05 00:00:00,Bananas,280,0.6,168.39,0,0,1,0
2023-08-06 00:00:00,Bananas,257,0.6,154.4,0,0,1,0
2023-08-07 00:00:00,Bananas,251,0.6,150.78,0,0,0,0
2023-08-08 00:00:00,Bananas,261,0.6,156.77,0,0,0,0
2023-08-09 00:00:00,Bananas,260,0.6,156.29,0,0,0,0
2023-08-10 00:00:00,Bananas,259,0.6,155.77,0,0,0,0
2023-08-11 00:00:00,Bananas,263,0.6,158.28,0,0,0,0
2023-08-12 00:00:00,Bananas,236,0.6,141.87,0,0,1,0
2023-08-13 00:00:00,Bananas,254,0.6,152.7,0,0,1,0
2023-08-14 00:00:00,Bananas,272,0.6,163.43,0,0,0,0
2023-08-15 00:00:00,Bananas,287,0.6,172.4,0,0,0,0
2023-08-16 00:00:00,Bananas,278,0.6,167.28,0,0,0,0
2023-08-17 00:00:00,Bananas,261,0.6,156.97,0,0,0,0
2023-08-18 00:00:00,Bananas,239,0.6,143.6,0,0,0,0
2023-08-19 00:00:00,Bananas,265,0.6,159.19,0,0,1,0
2023-08-20 00:00:00,Bananas,272,0.6,163.12,0,0,1,0
2023-08-21 00:00:00,Bananas,250,0.6,150.04,0,0,0,0
2023-08-22 00:00:00,Bananas,294,0.6,176.18,0,0,0,0
2023-08-23 00:00:00,Bananas,272,0.6,162.94,0,0,0,0
2023-08-24 00:00:00,Bananas,280,0.6,167.61,0,0,0,0
2023-08-25 00:00:00,Bananas,231,0.6,138.35,0,0,0,0
2023-08-26 00:00:00,Bananas,269,0.6,160.97,0,0,1,0
2023-08-27 00:00:00,Bananas,270,0.6,161.4,0,0,1,0
2023-08-28 00:00:00,Bananas,263,0.6,157.13,0,0,0,0
2023-08-29 00:00:00,Bananas,245,0.6,146.3,0,0,0,0
2023-08-30 00:00:00,Bananas,265,0.6,158.16,0,0,0,0
2023-08-31 00:00:00,Bananas,281,0.6,167.77,0,0,0,0
2023-09-01 00:00:00,Bananas,248,0.6,148.11,0,0,0,0
2023-09-02 00:00:00,Bananas,266,0.6,158.79,0,0,1,0
2023-09-03 00:00:00,Bananas,266,0.6,159.02,0,0,1,0
2023-09-04 00:00:00,Bananas,273,0.6,163.1,0,1,0,0
2023-09-05 00:00:00,Bananas,273,0.6,163.16,0,0,0,0
2023-09-06 00:00:00,Bananas,256,0.6,153.1,0,0,0,0
2023-09-07 00:00:00,Bananas,270,0.6,161.47,0,0,0,0
2023-09-08 00:00:00,Bananas,257,0.6,153.66,0,0,0,0
2023-09-09 00:00:00,Bananas,254,0.6,152.09,0,0,1,0
2023-09-10 00:00:00,Bananas,257,0.6,154.03,0,0,1,0
2023-09-11 00:00:00,Bananas,249,0.6,149.36,0,0,0,0
2023-09-12 00:00:00,Bananas,310,0.54,168.78,1,0,0,0
2023-09-13 00:00:00,Bananas,355,0.56,198.14,1,0,0,0
2023-09-14 00:00:00,Bananas,319,0.55,175.09,1,0,0,0
2023-09-15 00:00:00,Bananas,307,0.54,166.98,1,0,0,0
2023-09-16 00:00:00,Bananas,310,0.55,169.92,1,0,1,0
2023-09-17 00:00:00,Bananas,304,0.54,165.42,1,0,1,0
2023-09-18 00:00:00,Bananas,248,0.6,148.59,0,0,0,0
2023-09-19 00:00:00,Bananas,276,0.6,165.17,0,0,0,0
2023-09-20 00:00:00,Bananas,265,0.6,158.61,0,0,0,0
2023-09-21 00:00:00,Bananas,250,0.6,149.59,0,0,0,0
2023-09-22 00:00:00,Bananas,243,0.6,145.35,0,0,0,0
2023-09-23 00:00:00,Bananas,249,0.6,148.92,0,0,1,0
2023-09-24 00:00:00,Bananas,260,0.6,155.56,0,0,1,0
2023-09-25 00:00:00,Bananas,255,0.6,152.59,0,0,0,0
2023-09-26 00:00:00,Bananas,264,0.6,157.73,0,0,0,0
2023-09-27 00:00:00,Bananas,260,0.6,155.16,0,0,0,0
2023-09-28 00:00:00,Bananas,236,0.6,140.83,0,0,0,0
2023-09-29 00:00:00,Bananas,258,0.6,153.98,0,0,0,0
2023-09-30 00:00:00,Bananas,246,0.6,146.7,0,0,1,0
2023-10-01 00:00:00,Bananas,254,0.6,151.52,0,0,1,0
2023-10-02 00:00:00,Bananas,254,0.6,151.79,0,0,0,0
2023-10-03 00:00:00,Bananas,264,0.6,157.82,0,0,0,0
2023-10-04 00:00:00,Bananas,260,0.6,155.25,0,0,0,0
2023-10-05 00:00:00,Bananas,248,0.6,148.06,0,0,0,0
2023-10-06 00:00:00,Bananas,252,0.6,150.59,0,0,0,0
2023-10-07 00:00:00,Bananas,266,0.6,158.58,0,0,1,0
2023-10-08 00:00:00,Bananas,268,0.6,159.77,0,0,1,0
2023-10-09 00:00:00,Bananas,269,0.6,160.26,0,1,0,0
2023-10-10 00:00:00,Bananas,268,0.6,159.77,0,0,0,0
2023-10-11 00:00:00,Bananas,321,0.56,181.16,1,0,0,0
2023-10-12 00:00:00,Bananas,296,0.55,162.79,1,0,0,0
2023-10-13 00:00:00,Bananas,327,0.54,175.75,1,0,0,0
2023-10-14 00:00:00,Bananas,303,0.54,164.91,1,0,1,0
2023-10-15 00:00:00,Bananas,317,0.55,175.35,1,0,1,0
2023-10-16 00:00:00,Bananas,321,0.55,176.48,1,0,0,0
2023-10-17 00:00:00,Bananas,264,0.6,157.27,0,0,0,0
2023-10-18 00:00:00,Bananas,267,0.6,159.02,0,0,0,0
2023-10-19 00:00:00,Bananas,245,0.6,145.92,0,0,0,0
2023-10-20 00:00:00,Bananas,246,0.6,146.39,0,0,0,0
2023-10-21 00:00:00,Bananas,241,0.59,143,0,0,1,0
2023-10-22 00:00:00,Bananas,255,0.59,151.19,0,0,1,0
2023-10-23 00:00:00,Bananas,249,0.59,147.51,0,0,0,0
2023-10-24 00:00:00,Bananas,263,0.59,155.81,0,0,0,0
2023-10-25 00:00:00,Bananas,282,0.59,166.99,0,0,0,0
2023-10-26 00:00:00,Bananas,265,0.59,156.62,0,0,0,0
2023-10-27 00:00:00,Bananas,246,0.59,145.51,0,0,0,0
2023-10-28 00:00:00,Bananas,256,0.59,151.22,0,0,1,0
2023-10-29 00:00:00,Bananas,258,0.59,152.57,0,0,1,0
2023-10-30 00:00:00,Bananas,251,0.59,148.69,0,0,0,0
2023-10-31 00:00:00,Bananas,254,0.59,150.47,0,0,0,0
2023-11-01 00:00:00,Bananas,263,0.59,156.12,0,0,0,0
2023-11-02 00:00:00,Bananas,259,0.59,154.07,0,0,0,0
2023-11-03 00:00:00,Bananas,246,0.6,146.39,0,0,0,0
2023-11-04 00:00:00,Bananas,273,0.6,162.52,0,0,1,0
2023-11-05 00:00:00,Bananas,254,0.59,151.02,0,0,1,0
2023-11-06 00:00:00,Bananas,274,0.59,162.83,0,0,0,0
2023-11-07 00:00:00,Bananas,257,0.6,152.97,0,0,0,0
2023-11-08 00:00:00,Bananas,267,0.6,158.99,0,0,0,0
2023-11-09 00:00:00,Bananas,271,0.6,161.49,0,0,0,0
2023-11-10 00:00:00,Bananas,275,0.6,164.02,0,1,0,0
2023-11-11 00:00:00,Bananas,272,0.6,162.15,0,0,1,0
2023-11-12 00:00:00,Bananas,255,0.6,152.22,0,0,1,0
2023-11-13 00:00:00,Bananas,255,0.6,152.38,0,0,0,0
2023-11-14 00:00:00,Bananas,274,0.6,163.91,0,0,0,0
2023-11-15 00:00:00,Bananas,272,0.6,162.65,0,0,0,0
2023-11-16 00:00:00,Bananas,272,0.6,162.32,0,0,0,0
2023-11-17 00:00:00,Bananas,305,0.53,162.08,1,0,0,0
2023-11-18 00:00:00,Bananas,311,0.55,171.73,1,0,1,0
2023-11-19 00:00:00,Bananas,351,0.54,190.51,1,0,1,0
2023-11-20 00:00:00,Bananas,324,0.55,178.87,1,0,0,0
2023-11-21 00:00:00,Bananas,334,0.53,177.84,1,0,0,0
2023-11-22 00:00:00,Bananas,337,0.55,184.53,1,0,0,0
2023-11-23 00:00:00,Bananas,356,0.54,193.88,1,1,0,0
2023-11-24 00:00:00,Bananas,337,0.54,182.15,1,0,0,0
2023-11-25 00:00:00,Bananas,307,0.56,172.67,1,0,1,0
2023-11-26 00:00:00,Bananas,323,0.57,182.54,1,0,1,0
2023-11-27 00:00:00,Bananas,266,0.6,159.02,0,0,0,0
2023-11-28 00:00:00,Bananas,285,0.6,170.31,0,0,0,0
2023-11-29 00:00:00,Bananas,263,0.6,157.29,0,0,0,0
2023-11-30 00:00:00,Bananas,262,0.6,156.75,0,0,0,0
2023-12-01 00:00:00,Bananas,234,0.6,140,0,0,0,0
2023-12-02 00:00:00,Bananas,253,0.6,151.25,0,0,1,0
2023-12-03 00:00:00,Bananas,265,0.6,158.13,0,0,1,0
2023-12-04 00:00:00,Bananas,264,0.6,157.44,0,0,0,0
2023-12-05 00:00:00,Bananas,275,0.6,164.04,0,0,0,0
2023-12-06 00:00:00,Bananas,283,0.6,168.92,0,0,0,0
2023-12-07 00:00:00,Bananas,257,0.6,153.56,0,0,0,0
2023-12-08 00:00:00,Bananas,253,0.6,151.22,0,0,0,0
2023-12-09 00:00:00,Bananas,248,0.6,148.46,0,0,1,0
2023-12-10 00:00:00,Bananas,280,0.6,167.64,0,0,1,0
2023-12-11 00:00:00,Bananas,265,0.6,158.81,0,0,0,0
2023-12-12 00:00:00,Bananas,333,0.54,178.82,1,0,0,0
2023-12-13 00:00:00,Bananas,330,0.55,179.97,1,0,0,0
2023-12-14 00:00:00,Bananas,328,0.54,175.92,1,0,0,0
2023-12-15 00:00:00,Bananas,318,0.54,171.08,1,0,0,0
2023-12-16 00:00:00,Bananas,327,0.57,185.96,1,0,1,0
2023-12-17 00:00:00,Bananas,327,0.55,178.34,1,0,1,0
2023-12-18 00:00:00,Bananas,336,0.54,180.38,1,0,0,0
2023-12-19 00:00:00,Bananas,313,0.57,177.65,1,0,0,0
2023-12-20 00:00:00,Bananas,356,0.56,197.6,1,0,0,0
2023-12-21 00:00:00,Bananas,356,0.55,196.34,1,0,0,0
2023-12-22 00:00:00,Bananas,336,0.56,188.88,1,0,0,0
2023-12-23 00:00:00,Bananas,336,0.53,177.14,1,0,1,0
2023-12-24 00:00:00,Bananas,327,0.55,178.49,1,0,1,0
2023-12-25 00:00:00,Bananas,356,0.53,190.12,1,1,0,0
2023-12-26 00:00:00,Bananas,318,0.57,179.99,1,0,0,0
2023-12-27 00:00:00,Bananas,358,0.54,192.02,1,0,0,0
2023-12-28 00:00:00,Bananas,350,0.56,195.98,1,0,0,0
2023-12-29 00:00:00,Bananas,313,0.53,166.76,1,0,0,0
2023-12-30 00:00:00,Bananas,312,0.55,170.58,1,0,1,0
2023-12-31 00:00:00,Bananas,330,0.55,182.62,1,0,1,0
2024-01-01 00:00:00,Bananas,311,0.6,187.49,0,1,0,0
2024-01-02 00:00:00,Bananas,286,0.6,172.5,0,0,0,0
2024-01-03 00:00:00,Bananas,285,0.6,171.97,0,0,0,0
2024-01-04 00:00:00,Bananas,281,0.6,169.67,0,0,0,0
2024-01-05 00:00:00,Bananas,266,0.6,160.64,0,0,0,0
2024-01-06 00:00:00,Bananas,284,0.6,171.73,0,0,1,0
2024-01-07 00:00:00,Bananas,289,0.6,174.77,0,0,1,0
2024-01-08 00:00:00,Bananas,285,0.6,172.15,0,0,0,0
2024-01-09 00:00:00,Bananas,301,0.6,181.57,0,0,0,0
2024-01-10 00:00:00,Bananas,301,0.6,181.5,0,0,0,0
2024-01-11 00:00:00,Bananas,278,0.6,167.54,0,0,0,0
2024-01-12 00:00:00,Bananas,263,0.6,158.6,0,0,0,0
2024-01-13 00:00:00,Bananas,278,0.6,167.68,0,0,1,0
2024-01-14 00:00:00,Bananas,273,0.6,164.62,0,0,1,0
2024-01-15 00:00:00,Bananas,308,0.6,186.01,0,1,0,0
2024-01-16 00:00:00,Bananas,301,0.6,181.96,0,0,0,0
2024-01-17 00:00:00,Bananas,282,0.6,170.53,0,0,0,0
2024-01-18 00:00:00,Bananas,273,0.6,165.15,0,0,0,0
2024-01-19 00:00:00,Bananas,266,0.6,160.76,0,0,0,0
2024-01-20 00:00:00,Bananas,277,0.61,167.68,0,0,1,0
2024-01-21 00:00:00,Bananas,274,0.6,165.73,0,0,1,0
2024-01-22 00:00:00,Bananas,280,0.6,169.24,0,0,0,0
2024-01-23 00:00:00,Bananas,269,0.6,162.54,0,0,0,0
2024-01-24 00:00:00,Bananas,301,0.6,181.68,0,0,0,0
2024-01-25 00:00:00,Bananas,294,0.6,177.47,0,0,0,0
2024-01-26 00:00:00,Bananas,292,0.6,176.49,0,0,0,0
2024-01-27 00:00:00,Bananas,278,0.6,167.82,0,0,1,0
2024-01-28 00:00:00,Bananas,288,0.6,173.95,0,0,1,0
2024-01-29 00:00:00,Bananas,290,0.6,175.23,0,0,0,0
2024-01-30 00:00:00,Bananas,315,0.6,190.33,0,0,0,0
2024-01-31 00:00:00,Bananas,293,0.6,177.23,0,0,0,0
2024-02-01 00:00:00,Bananas,290,0.61,175.77,0,0,0,0
2024-02-02 00:00:00,Bananas,257,0.61,155.85,0,0,0,0
2024-02-03 00:00:00,Bananas,279,0.61,169.28,0,0,1,0
2024-02-04 00:00:00,Bananas,294,0.61,178.28,0,0,1,0
2024-02-05 00:00:00,Bananas,278,0.61,168.61,0,0,0,0
2024-02-06 00:00:00,Bananas,301,0.61,182.56,0,0,0,0
2024-02-07 00:00:00,Bananas,305,0.61,184.86,0,0,0,0
2024-02-08 00:00:00,Bananas,307,0.61,185.8,0,0,0,0
2024-02-09 00:00:00,Bananas,268,0.6,161.98,0,0,0,0
2024-02-10 00:00:00,Bananas,285,0.6,172.24,0,0,1,0
2024-02-11 00:00:00,Bananas,297,0.6,179.63,0,0,1,0
2024-02-12 00:00:00,Bananas,279,0.61,168.93,0,0,0,0
2024-02-13 00:00:00,Bananas,283,0.61,171.58,0,0,0,0
2024-02-14 00:00:00,Bananas,352,0.57,201.86,1,0,0,0
2024-02-15 00:00:00,Bananas,351,0.57,201.08,1,0,0,0
2024-02-16 00:00:00,Bananas,332,0.54,179.12,1,0,0,0
2024-02-17 00:00:00,Bananas,345,0.57,197.06,1,0,1,0
2024-02-18 00:00:00,Bananas,349,0.56,194.44,1,0,1,0
2024-02-19 00:00:00,Bananas,364,0.53,194.68,1,1,0,0
2024-02-20 00:00:00,Bananas,290,0.6,175.42,0,0,0,0
2024-02-21 00:00:00,Bananas,284,0.6,171.79,0,0,0,0
2024-02-22 00:00:00,Bananas,283,0.6,171.08,0,0,0,0
2024-02-23 00:00:00,Bananas,279,0.6,168.6,0,0,0,0
2024-02-24 00:00:00,Bananas,292,0.6,176.62,0,0,1,0
2024-02-25 00:00:00,Bananas,290,0.61,175.57,0,0,1,0
2024-02-26 00:00:00,Bananas,285,0.6,172.41,0,0,0,0
2024-02-27 00:00:00,Bananas,288,0.6,174.18,0,0,0,0
2024-02-28 00:00:00,Bananas,296,0.6,178.89,0,0,0,0
2024-02-29 00:00:00,Bananas,286,0.6,172.83,0,0,0,0
2024-03-01 00:00:00,Bananas,286,0.6,172.97,0,0,0,0
2024-03-02 00:00:00,Bananas,297,0.61,179.91,0,0,1,0
2024-03-03 00:00:00,Bananas,274,0.61,165.98,0,0,1,0
2024-03-04 00:00:00,Bananas,290,0.61,175.64,0,0,0,0
2024-03-05 00:00:00,Bananas,309,0.61,186.96,0,0,0,0
2024-03-06 00:00:00,Bananas,316,0.61,191.38,0,0,0,0
2024-03-07 00:00:00,Bananas,293,0.6,177.15,0,0,0,0
2024-03-08 00:00:00,Bananas,288,0.6,174.2,0,0,0,0
2024-03-09 00:00:00,Bananas,290,0.61,175.59,0,0,1,0
2024-03-10 00:00:00,Bananas,279,0.6,168.59,0,0,1,0
2024-03-11 00:00:00,Bananas,294,0.6,177.44,0,0,0,0
2024-03-12 00:00:00,Bananas,289,0.6,174.32,0,0,0,0
2024-03-13 00:00:00,Bananas,299,0.6,180.59,0,0,0,0
2024-03-14 00:00:00,Bananas,291,0.6,175.98,0,0,0,0
2024-03-15 00:00:00,Bananas,279,0.61,168.88,0,0,0,0
2024-03-16 00:00:00,Bananas,356,0.54,193.38,1,0,1,0
2024-03-17 00:00:00,Bananas,342,0.57,196.53,1,0,1,0
2024-03-18 00:00:00,Bananas,360,0.55,197.53,1,0,0,0
2024-03-19 00:00:00,Bananas,368,0.56,206.1,1,0,0,0
2024-03-20 00:00:00,Bananas,368,0.55,204.1,1,0,0,0
2024-03-21 00:00:00,Bananas,359,0.54,195.08,1,0,0,0
2024-03-22 00:00:00,Bananas,278,0.61,168.93,0,0,0,0
2024-03-23 00:00:00,Bananas,309,0.61,187.82,0,0,1,0
2024-03-24 00:00:00,Bananas,311,0.61,189.38,0,0,1,0
2024-03-25 00:00:00,Bananas,300,0.61,183.04,0,0,0,0
2024-03-26 00:00:00,Bananas,292,0.61,178.06,0,0,0,0
2024-03-27 00:00:00,Bananas,309,0.61,188.16,0,0,0,0
2024-03-28 00:00:00,Bananas,306,0.61,186.26,0,0,0,0
2024-03-29 00:00:00,Bananas,272,0.61,165.67,0,0,0,0
2024-03-30 00:00:00,Bananas,282,0.61,171.73,0,0,1,0
2024-03-31 00:00:00,Bananas,289,0.61,175.98,0,0,1,0
2024-04-01 00:00:00,Bananas,310,0.61,188.57,0,0,0,0
2024-04-02 00:00:00,Bananas,330,0.61,200.65,0,0,0,0
2024-04-03 00:00:00,Bananas,305,0.61,185.24,0,0,0,0
2024-04-04 00:00:00,Bananas,307,0.61,186.18,0,0,0,0
2024-04-05 00:00:00,Bananas,278,0.61,168.75,0,0,0,0
2024-04-06 00:00:00,Bananas,305,0.61,185.23,0,0,1,0
2024-04-07 00:00:00,Bananas,342,0.56,191.68,1,0,1,0
2024-04-08 00:00:00,Bananas,345,0.57,196.95,1,0,0,0
2024-04-09 00:00:00,Bananas,388,0.55,214.4,1,0,0,0
2024-04-10 00:00:00,Bananas,377,0.55,207.09,1,0,0,0
2024-04-11 00:00:00,Bananas,359,0.57,205.53,1,0,0,0
2024-04-12 00:00:00,Bananas,336,0.55,184.56,1,0,0,0
2024-04-13 00:00:00,Bananas,293,0.61,178.06,0,0,1,0
2024-04-14 00:00:00,Bananas,317,0.61,192.82,0,0,1,0
2024-04-15 00:00:00,Bananas,291,0.61,177.19,0,0,0,0
2024-04-16 00:00:00,Bananas,294,0.61,179.12,0,0,0,0
2024-04-17 00:00:00,Bananas,307,0.61,187.12,0,0,0,0
2024-04-18 00:00:00,Bananas,295,0.61,179.74,0,0,0,0
2024-04-19 00:00:00,Bananas,295,0.61,179.64,0,0,0,0
2024-04-20 00:00:00,Bananas,290,0.61,176.51,0,0,1,0
2024-04-21 00:00:00,Bananas,290,0.61,176.52,0,0,1,0
2024-04-22 00:00:00,Bananas,290,0.61,176.48,0,0,0,0
2024-04-23 00:00:00,Bananas,293,0.61,178.29,0,0,0,0
2024-04-24 00:00:00,Bananas,306,0.61,186.21,0,0,0,0
2024-04-25 00:00:00,Bananas,302,0.61,183.75,0,0,0,0
2024-04-26 00:00:00,Bananas,287,0.61,175.27,0,0,0,0
2024-04-27 00:00:00,Bananas,292,0.61,178.25,0,0,1,0
2024-04-28 00:00:00,Bananas,283,0.61,172.55,0,0,1,0
2024-04-29 00:00:00,Bananas,297,0.61,181.47,0,0,0,0
2024-04-30 00:00:00,Bananas,305,0.61,186.24,0,0,0,0
2024-05-01 00:00:00,Bananas,299,0.61,182.82,0,0,0,0
2024-05-02 00:00:00,Bananas,308,0.61,188.24,0,0,0,0
2024-05-03 00:00:00,Bananas,288,0.61,176,0,0,0,0
2024-05-04 00:00:00,Bananas,271,0.61,165.47,0,0,1,0
2024-05-05 00:00:00,Bananas,288,0.61,175.71,0,0,1,0
2024-05-06 00:00:00,Bananas,294,0.61,179.5,0,0,0,0
2024-05-07 00:00:00,Bananas,349,0.56,195.11,1,0,0,0
2024-05-08 00:00:00,Bananas,386,0.57,219.95,1,0,0,0
2024-05-09 00:00:00,Bananas,343,0.56,192.68,1,0,0,0
2024-05-10 00:00:00,Bananas,328,0.56,185.19,1,0,0,0
2024-05-11 00:00:00,Bananas,345,0.56,192.03,1,0,1,0
2024-05-12 00:00:00,Bananas,355,0.58,206.16,1,0,1,0
2024-05-13 00:00:00,Bananas,300,0.61,183.57,0,0,0,0
2024-05-14 00:00:00,Bananas,306,0.61,187.24,0,0,0,0
2024-05-15 00:00:00,Bananas,315,0.61,192.78,0,0,0,0
2024-05-16 00:00:00,Bananas,306,0.61,187.32,0,0,0,0
2024-05-17 00:00:00,Bananas,273,0.61,167.19,0,0,0,0
2024-05-18 00:00:00,Bananas,284,0.61,173.72,0,0,1,0
2024-05-19 00:00:00,Bananas,299,0.61,183.05,0,0,1,0
2024-05-20 00:00:00,Bananas,265,0.61,161.87,0,0,0,0
2024-05-21 00:00:00,Bananas,286,0.61,174.67,0,0,0,0
2024-05-22 00:00:00,Bananas,281,0.61,171.44,0,0,0,0
2024-05-23 00:00:00,Bananas,293,0.61,178.89,0,0,0,0
2024-05-24 00:00:00,Bananas,271,0.61,165.53,0,0,0,0
2024-05-25 00:00:00,Bananas,276,0.61,168.51,0,0,1,0
2024-05-26 00:00:00,Bananas,282,0.61,171.94,0,0,1,0
2024-05-27 00:00:00,Bananas,306,0.61,186.47,0,1,0,0
2024-05-28 00:00:00,Bananas,304,0.61,184.9,0,0,0,0
2024-05-29 00:00:00,Bananas,291,0.61,176.85,0,0,0,0
2024-05-30 00:00:00,Bananas,278,0.61,168.88,0,0,0,0
2024-05-31 00:00:00,Bananas,273,0.61,165.81,0,0,0,0
2024-06-01 00:00:00,Bananas,285,0.61,173.17,0,0,1,0
2024-06-02 00:00:00,Bananas,244,0.61,148.32,0,0,1,0
2024-06-03 00:00:00,Bananas,288,0.61,175.14,0,0,0,0
2024-06-04 00:00:00,Bananas,302,0.61,183.48,0,0,0,0
2024-06-05 00:00:00,Bananas,297,0.61,180.36,0,0,0,0
2024-06-06 00:00:00,Bananas,293,0.61,177.86,0,0,0,0
2024-06-07 00:00:00,Bananas,259,0.61,157.37,0,0,0,0
2024-06-08 00:00:00,Bananas,268,0.61,162.93,0,0,1,0
2024-06-09 00:00:00,Bananas,275,0.61,167.04,0,0,1,0
2024-06-10 00:00:00,Bananas,285,0.61,173.2,0,0,0,0
2024-06-11 00:00:00,Bananas,278,0.61,169,0,0,0,0
2024-06-12 00:00:00,Bananas,323,0.61,196.36,0,0,0,0
2024-06-13 00:00:00,Bananas,302,0.61,183.54,0,0,0,0
2024-06-14 00:00:00,Bananas,263,0.61,159.55,0,0,0,0
2024-06-15 00:00:00,Bananas,276,0.61,167.38,0,0,1,0
2024-06-16 00:00:00,Bananas,266,0.61,161.28,0,0,1,0
2024-06-17 00:00:00,Bananas,274,0.61,165.96,0,0,0,0
2024-06-18 00:00:00,Bananas,284,0.61,172,0,0,0,0
2024-06-19 00:00:00,Bananas,318,0.6,192.32,0,1,0,0
2024-06-20 00:00:00,Bananas,294,0.6,177.52,0,0,0,0
2024-06-21 00:00:00,Bananas,263,0.6,158.66,0,0,0,0
2024-06-22 00:00:00,Bananas,269,0.6,162.05,0,0,1,0
2024-06-23 00:00:00,Bananas,277,0.6,166.82,0,0,1,0
2024-06-24 00:00:00,Bananas,280,0.6,168.44,0,0,0,0
2024-06-25 00:00:00,Bananas,283,0.6,170.19,0,0,0,0
2024-06-26 00:00:00,Bananas,287,0.6,172.81,0,0,0,0
2024-06-27 00:00:00,Bananas,285,0.6,171.64,0,0,0,0
2024-06-28 00:00:00,Bananas,274,0.6,165.03,0,0,0,0
2024-06-29 00:00:00,Bananas,263,0.6,158.4,0,0,1,0
2024-06-30 00:00:00,Bananas,276,0.6,166.16,0,0,1,0
2024-07-01 00:00:00,Bananas,278,0.6,167.23,0,0,0,0
2024-07-02 00:00:00,Bananas,282,0.6,169.75,0,0,0,0
2024-07-03 00:00:00,Bananas,283,0.6,170.26,0,0,0,0
2024-07-04 00:00:00,Bananas,316,0.6,190.05,0,1,0,0
2024-07-05 00:00:00,Bananas,264,0.6,159.02,0,0,0,0
2024-07-06 00:00:00,Bananas,271,0.6,163.16,0,0,1,0
2024-07-07 00:00:00,Bananas,278,0.6,167.15,0,0,1,0
2024-07-08 00:00:00,Bananas,274,0.6,164.87,0,0,0,0
2024-07-09 00:00:00,Bananas,284,0.6,170.85,0,0,0,0
2024-07-10 00:00:00,Bananas,285,0.6,171.46,0,0,0,0
2024-07-11 00:00:00,Bananas,296,0.6,178.04,0,0,0,0
2024-07-12 00:00:00,Bananas,254,0.6,152.91,0,0,0,0
2024-07-13 00:00:00,Bananas,279,0.6,167.78,0,0,1,0
2024-07-14 00:00:00,Bananas,268,0.6,160.92,0,0,1,0
2024-07-15 00:00:00,Bananas,274,0.6,164.47,0,0,0,0
2024-07-16 00:00:00,Bananas,277,0.6,166.09,0,0,0,0
2024-07-17 00:00:00,Bananas,278,0.6,166.61,0,0,0,0
2024-07-18 00:00:00,Bananas,278,0.6,166.8,0,0,0,0
2024-07-19 00:00:00,Bananas,253,0.6,152.02,0,0,0,0
2024-07-20 00:00:00,Bananas,272,0.6,163.47,0,0,1,0
2024-07-21 00:00:00,Bananas,277,0.6,166.52,0,0,1,0
2024-07-22 00:00:00,Bananas,267,0.6,160.43,0,0,0,0
2024-07-23 00:00:00,Bananas,280,0.6,168.46,0,0,0,0
2024-07-24 00:00:00,Bananas,283,0.6,170.36,0,0,0,0
2024-07-25 00:00:00,Bananas,289,0.6,173.71,0,0,0,0
2024-07-26 00:00:00,Bananas,265,0.6,159.22,0,0,0,0
2024-07-27 00:00:00,Bananas,263,0.6,158.13,0,0,1,0
2024-07-28 00:00:00,Bananas,269,0.6,161.54,0,0,1,0
2024-07-29 00:00:00,Bananas,254,0.6,152.48,0,0,0,0
2024-07-30 00:00:00,Bananas,297,0.6,178.05,0,0,0,0
2024-07-31 00:00:00,Bananas,277,0.6,165.96,0,0,0,0
2024-08-01 00:00:00,Bananas,271,0.6,162.67,0,0,0,0
2024-08-02 00:00:00,Bananas,259,0.6,155.53,0,0,0,0
2024-08-03 00:00:00,Bananas,268,0.6,161.03,0,0,1,0
2024-08-04 00:00:00,Bananas,263,0.6,158.12,0,0,1,0
2024-08-05 00:00:00,Bananas,255,0.6,153.33,0,0,0,0
2024-08-06 00:00:00,Bananas,283,0.6,170.16,0,0,0,0
2024-08-07 00:00:00,Bananas,333,0.55,183.74,1,0,0,0
2024-08-08 00:00:00,Bananas,322,0.57,182.57,1,0,0,0
2024-08-09 00:00:00,Bananas,303,0.53,160.98,1,0,0,0
2024-08-10 00:00:00,Bananas,312,0.55,172.79,1,0,1,0
2024-08-11 00:00:00,Bananas,327,0.57,185.03,1,0,1,0
2024-08-12 00:00:00,Bananas,335,0.57,190.24,1,0,0,0
2024-08-13 00:00:00,Bananas,264,0.6,158.29,0,0,0,0
2024-08-14 00:00:00,Bananas,297,0.6,177.92,0,0,0,0
2024-08-15 00:00:00,Bananas,270,0.6,161.51,0,0,0,0
2024-08-16 00:00:00,Bananas,270,0.6,161.67,0,0,0,0
2024-08-17 00:00:00,Bananas,252,0.6,151.2,0,0,1,0
2024-08-18 00:00:00,Bananas,245,0.6,147.01,0,0,1,0
2024-08-19 00:00:00,Bananas,275,0.6,164.99,0,0,0,0
2024-08-20 00:00:00,Bananas,273,0.6,163.58,0,0,0,0
2024-08-21 00:00:00,Bananas,279,0.6,167.31,0,0,0,0
2024-08-22 00:00:00,Bananas,278,0.6,166.74,0,0,0,0
2024-08-23 00:00:00,Bananas,257,0.6,154.14,0,0,0,0
2024-08-24 00:00:00,Bananas,269,0.6,161.5,0,0,1,0
2024-08-25 00:00:00,Bananas,269,0.6,161.49,0,0,1,0
2024-08-26 00:00:00,Bananas,257,0.6,154.13,0,0,0,0
2024-08-27 00:00:00,Bananas,271,0.6,162.36,0,0,0,0
2024-08-28 00:00:00,Bananas,255,0.6,153.25,0,0,0,0
2024-08-29 00:00:00,Bananas,261,0.6,156.79,0,0,0,0
2024-08-30 00:00:00,Bananas,263,0.6,157.94,0,0,0,0
2024-08-31 00:00:00,Bananas,260,0.6,156.11,0,0,1,0
2024-09-01 00:00:00,Bananas,268,0.6,161.03,0,0,1,0
2024-09-02 00:00:00,Bananas,255,0.6,153.37,0,1,0,0
2024-09-03 00:00:00,Bananas,269,0.6,161.75,0,0,0,0
2024-09-04 00:00:00,Bananas,267,0.6,160.62,0,0,0,0
2024-09-05 00:00:00,Bananas,262,0.6,157.49,0,0,0,0
2024-09-06 00:00:00,Bananas,253,0.6,152.17,0,0,0,0
2024-09-07 00:00:00,Bananas,271,0.6,163.27,0,0,1,0
2024-09-08 00:00:00,Bananas,269,0.6,161.97,0,0,1,0
2024-09-09 00:00:00,Bananas,267,0.6,160.51,0,0,0,0
2024-09-10 00:00:00,Bananas,289,0.6,173.87,0,0,0,0
2024-09-11 00:00:00,Bananas,248,0.6,149,0,0,0,0
2024-09-12 00:00:00,Bananas,269,0.6,161.5,0,0,0,0
2024-09-13 00:00:00,Bananas,254,0.6,152.54,0,0,0,0
2024-09-14 00:00:00,Bananas,255,0.6,153.01,0,0,1,0
2024-09-15 00:00:00,Bananas,261,0.6,156.59,0,0,1,0
2024-09-16 00:00:00,Bananas,258,0.6,154.74,0,0,0,0
2024-09-17 00:00:00,Bananas,280,0.6,168.04,0,0,0,0
2024-09-18 00:00:00,Bananas,275,0.6,165.02,0,0,0,0
2024-09-19 00:00:00,Bananas,268,0.6,160.76,0,0,0,0
2024-09-20 00:00:00,Bananas,254,0.6,152.3,0,0,0,0
2024-09-21 00:00:00,Bananas,269,0.6,161.5,0,0,1,0
2024-09-22 00:00:00,Bananas,260,0.6,155.79,0,0,1,0
2024-09-23 00:00:00,Bananas,262,0.6,157.28,0,0,0,0
2024-09-24 00:00:00,Bananas,276,0.6,165.77,0,0,0,0
2024-09-25 00:00:00,Bananas,296,0.6,177.58,0,0,0,0
2024-09-26 00:00:00,Bananas,256,0.6,153.55,0,0,0,0
2024-09-27 00:00:00,Bananas,243,0.6,145.66,0,0,0,0
2024-09-28 00:00:00,Bananas,264,0.6,158.19,0,0,1,0
2024-09-29 00:00:00,Bananas,260,0.6,155.61,0,0,1,0
2024-09-30 00:00:00,Bananas,242,0.6,144.82,0,0,0,0
2024-10-01 00:00:00,Bananas,264,0.6,157.78,0,0,0,0
2024-10-02 00:00:00,Bananas,276,0.6,164.94,0,0,0,0
2024-10-03 00:00:00,Bananas,250,0.6,149.35,0,0,0,0
2024-10-04 00:00:00,Bananas,266,0.6,158.8,0,0,0,0
2024-10-05 00:00:00,Bananas,256,0.6,152.78,0,0,1,0
2024-10-06 00:00:00,Bananas,252,0.6,150.18,0,0,1,0
2024-10-07 00:00:00,Bananas,270,0.6,160.66,0,0,0,0
2024-10-08 00:00:00,Bananas,271,0.59,161.13,0,0,0,0
2024-10-09 00:00:00,Bananas,254,0.59,151.02,0,0,0,0
2024-10-10 00:00:00,Bananas,257,0.59,152.84,0,0,0,0
2024-10-11 00:00:00,Bananas,263,0.6,156.61,0,0,0,0
2024-10-12 00:00:00,Bananas,247,0.6,147.01,0,0,1,0
2024-10-13 00:00:00,Bananas,263,0.59,156.48,0,0,1,0
2024-10-14 00:00:00,Bananas,286,0.59,169.98,0,1,0,0
2024-10-15 00:00:00,Bananas,277,0.59,164.79,0,0,0,0
2024-10-16 00:00:00,Bananas,333,0.54,180.85,1,0,0,0
2024-10-17 00:00:00,Bananas,330,0.54,179.83,1,0,0,0
2024-10-18 00:00:00,Bananas,307,0.55,168,1,0,0,0
2024-10-19 00:00:00,Bananas,323,0.53,170.97,1,0,1,0
2024-10-20 00:00:00,Bananas,311,0.56,172.91,1,0,1,0
2024-10-21 00:00:00,Bananas,326,0.55,178.95,1,0,0,0
2024-10-22 00:00:00,Bananas,275,0.6,163.79,0,0,0,0
2024-10-23 00:00:00,Bananas,254,0.6,151.4,0,0,0,0
2024-10-24 00:00:00,Bananas,283,0.6,168.67,0,0,0,0
2024-10-25 00:00:00,Bananas,245,0.6,146.15,0,0,0,0
2024-10-26 00:00:00,Bananas,278,0.6,165.56,0,0,1,0
2024-10-27 00:00:00,Bananas,269,0.6,160.48,0,0,1,0
2024-10-28 00:00:00,Bananas,249,0.6,148.53,0,0,0,0
2024-10-29 00:00:00,Bananas,285,0.6,169.8,0,0,0,0
2024-10-30 00:00:00,Bananas,293,0.6,174.83,0,0,0,0
2024-10-31 00:00:00,Bananas,258,0.6,154.22,0,0,0,0
2024-11-01 00:00:00,Bananas,311,0.57,176.1,1,0,0,0
2024-11-02 00:00:00,Bananas,327,0.54,176.54,1,0,1,0
2024-11-03 00:00:00,Bananas,319,0.55,173.86,1,0,1,0
2024-11-04 00:00:00,Bananas,322,0.57,182.5,1,0,0,0
2024-11-05 00:00:00,Bananas,332,0.56,184.31,1,0,0,0
2024-11-06 00:00:00,Bananas,344,0.54,184.81,1,0,0,0
2024-11-07 00:00:00,Bananas,275,0.6,164.76,0,0,0,0
2024-11-08 00:00:00,Bananas,267,0.6,160.1,0,0,0,0
2024-11-09 00:00:00,Bananas,281,0.6,168.36,0,0,1,0
2024-11-10 00:00:00,Bananas,274,0.6,164.18,0,0,1,0
2024-11-11 00:00:00,Bananas,294,0.6,176.6,0,1,0,0
2024-11-12 00:00:00,Bananas,273,0.6,164.01,0,0,0,0
2024-11-13 00:00:00,Bananas,277,0.6,166.33,0,0,0,0
2024-11-14 00:00:00,Bananas,290,0.6,174.05,0,0,0,0
2024-11-15 00:00:00,Bananas,263,0.6,158.01,0,0,0,0
2024-11-16 00:00:00,Bananas,264,0.6,158.61,0,0,1,0
2024-11-17 00:00:00,Bananas,264,0.6,158.61,0,0,1,0
2024-11-18 00:00:00,Bananas,265,0.6,159.31,0,0,0,0
2024-11-19 00:00:00,Bananas,263,0.6,158.2,0,0,0,0
2024-11-20 00:00:00,Bananas,276,0.6,165.89,0,0,0,0
2024-11-21 00:00:00,Bananas,267,0.6,160.44,0,0,0,0
2024-11-22 00:00:00,Bananas,256,0.6,153.99,0,0,0,0
2024-11-23 00:00:00,Bananas,258,0.6,155.5,0,0,1,0
2024-11-24 00:00:00,Bananas,280,0.6,168.95,0,0,1,0
2024-11-25 00:00:00,Bananas,342,0.56,192.19,1,0,0,0
2024-11-26 00:00:00,Bananas,336,0.54,181.26,1,0,0,0
2024-11-27 00:00:00,Bananas,320,0.57,182.83,1,0,0,0
2024-11-28 00:00:00,Bananas,381,0.57,216.69,1,1,0,0
2024-11-29 00:00:00,Bananas,313,0.55,172.87,1,0,0,0
2024-11-30 00:00:00,Bananas,348,0.54,188.17,1,0,1,0
2024-12-01 00:00:00,Bananas,339,0.56,188.44,1,0,1,0
2024-12-02 00:00:00,Bananas,265,0.6,160.06,0,0,0,0
2024-12-03 00:00:00,Bananas,285,0.6,172.11,0,0,0,0
2024-12-04 00:00:00,Bananas,281,0.6,169.68,0,0,0,0
2024-12-05 00:00:00,Bananas,264,0.61,159.72,0,0,0,0
2024-12-06 00:00:00,Bananas,254,0.61,153.71,0,0,0,0
2024-12-07 00:00:00,Bananas,274,0.6,165.71,0,0,1,0
2024-12-08 00:00:00,Bananas,273,0.61,165.24,0,0,1,0
2024-12-09 00:00:00,Bananas,290,0.6,175.39,0,0,0,0
2024-12-10 00:00:00,Bananas,290,0.61,175.53,0,0,0,0
2024-12-11 00:00:00,Bananas,277,0.6,167.43,0,0,0,0
2024-12-12 00:00:00,Bananas,283,0.6,171.09,0,0,0,0
2024-12-13 00:00:00,Bananas,275,0.6,166.33,0,0,0,0
2024-12-14 00:00:00,Bananas,272,0.6,164.53,0,0,1,0
2024-12-15 00:00:00,Bananas,270,0.6,163.31,0,0,1,0
2024-12-16 00:00:00,Bananas,267,0.61,161.78,0,0,0,0
2024-12-17 00:00:00,Bananas,281,0.61,170.01,0,0,0,0
2024-12-18 00:00:00,Bananas,363,0.53,193.55,1,0,0,0
2024-12-19 00:00:00,Bananas,327,0.55,180.36,1,0,0,0
2024-12-20 00:00:00,Bananas,344,0.55,190.81,1,0,0,0
2024-12-21 00:00:00,Bananas,329,0.55,181.78,1,0,1,0
2024-12-22 00:00:00,Bananas,333,0.56,187.36,1,0,1,0
2024-12-23 00:00:00,Bananas,350,0.55,192.17,1,0,0,0
2024-12-24 00:00:00,Bananas,352,0.55,194.28,1,0,0,0
2024-12-25 00:00:00,Bananas,378,0.57,215.89,1,1,0,0
2024-12-26 00:00:00,Bananas,341,0.53,182.29,1,0,0,0
2024-12-27 00:00:00,Bananas,339,0.54,181.5,1,0,0,0
2024-12-28 00:00:00,Bananas,337,0.56,189.81,1,0,1,0
2024-12-29 00:00:00,Bananas,347,0.56,194.85,1,0,1,0
2024-12-30 00:00:00,Bananas,361,0.55,197.62,1,0,0,0
2024-12-31 00:00:00,Bananas,350,0.57,198.08,1,0,0,0
2025-01-01 00:00:00,Bananas,316,0.6,190.47,0,1,0,0
2025-01-02 00:00:00,Bananas,292,0.6,175.88,0,0,0,0
2025-01-03 00:00:00,Bananas,279,0.6,167.91,0,0,0,0
2025-01-04 00:00:00,Bananas,266,0.6,159.91,0,0,1,0
2025-01-05 00:00:00,Bananas,270,0.6,162.19,0,0,1,0
2025-01-06 00:00:00,Bananas,288,0.6,173.14,0,0,0,0
2025-01-07 00:00:00,Bananas,303,0.6,182.14,0,0,0,0
2025-01-08 00:00:00,Bananas,289,0.6,173.72,0,0,0,0
2025-01-09 00:00:00,Bananas,290,0.6,174.34,0,0,0,0
2025-01-10 00:00:00,Bananas,264,0.6,158.74,0,0,0,0
2025-01-11 00:00:00,Bananas,279,0.6,167.77,0,0,1,0
2025-01-12 00:00:00,Bananas,283,0.6,170.36,0,0,1,0
2025-01-13 00:00:00,Bananas,291,0.6,175.27,0,0,0,0
2025-01-14 00:00:00,Bananas,278,0.6,167.25,0,0,0,0
2025-01-15 00:00:00,Bananas,310,0.6,186.59,0,0,0,0
2025-01-16 00:00:00,Bananas,270,0.6,162.58,0,0,0,0
2025-01-17 00:00:00,Bananas,289,0.6,174.13,0,0,0,0
2025-01-18 00:00:00,Bananas,294,0.6,176.99,0,0,1,0
2025-01-19 00:00:00,Bananas,317,0.6,190.84,0,0,1,0
2025-01-20 00:00:00,Bananas,302,0.6,181.84,0,1,0,0
2025-01-21 00:00:00,Bananas,292,0.6,175.82,0,0,0,0
2025-01-22 00:00:00,Bananas,313,0.6,188.13,0,0,0,0
2025-01-23 00:00:00,Bananas,280,0.6,168.24,0,0,0,0
2025-01-24 00:00:00,Bananas,282,0.6,169.46,0,0,0,0
2025-01-25 00:00:00,Bananas,286,0.6,171.87,0,0,1,0
2025-01-26 00:00:00,Bananas,291,0.6,174.84,0,0,1,0
2025-01-27 00:00:00,Bananas,290,0.6,174.2,0,0,0,0
2025-01-28 00:00:00,Bananas,293,0.6,176.05,0,0,0,0
2025-01-29 00:00:00,Bananas,302,0.6,181.43,0,0,0,0
2025-01-30 00:00:00,Bananas,274,0.6,164.58,0,0,0,0
2025-01-31 00:00:00,Bananas,298,0.6,179.15,0,0,0,0
2025-02-01 00:00:00,Bananas,294,0.6,176.59,0,0,1,0
2025-02-02 00:00:00,Bananas,301,0.6,180.8,0,0,1,0
2025-02-03 00:00:00,Bananas,98,0.6,58.87,0,0,0,1
2025-02-04 00:00:00,Bananas,90,0.6,54.05,0,0,0,1
2025-02-05 00:00:00,Bananas,310,0.6,185.92,0,0,0,0
2025-02-06 00:00:00,Bananas,307,0.6,184.19,0,0,0,0
2025-02-07 00:00:00,Bananas,273,0.6,163.77,0,0,0,0
2025-02-08 00:00:00,Bananas,283,0.6,169.7,0,0,1,0
2025-02-09 00:00:00,Bananas,303,0.6,181.93,0,0,1,0
2025-02-10 00:00:00,Bananas,286,0.6,171.92,0,0,0,0
2025-02-11 00:00:00,Bananas,316,0.6,189.8,0,0,0,0
2025-02-12 00:00:00,Bananas,359,0.54,192.49,1,0,0,0
2025-02-13 00:00:00,Bananas,369,0.56,206.88,1,0,0,0
2025-02-14 00:00:00,Bananas,353,0.56,198.95,1,0,0,0
2025-02-15 00:00:00,Bananas,344,0.53,182.54,1,0,1,0
2025-02-16 00:00:00,Bananas,364,0.53,194.19,1,0,1,0
2025-02-17 00:00:00,Bananas,386,0.54,209.76,1,1,0,0
2025-02-18 00:00:00,Bananas,303,0.6,181.96,0,0,0,0
2025-02-19 00:00:00,Bananas,287,0.6,172.53,0,0,0,0
2025-02-20 00:00:00,Bananas,289,0.6,173.65,0,0,0,0
2025-02-21 00:00:00,Bananas,279,0.6,167.42,0,0,0,0
2025-02-22 00:00:00,Bananas,301,0.6,180.9,0,0,1,0
2025-02-23 00:00:00,Bananas,288,0.6,173.11,0,0,1,0
2025-02-24 00:00:00,Bananas,301,0.6,181.03,0,0,0,0
2025-02-25 00:00:00,Bananas,306,0.6,183.93,0,0,0,0
2025-02-26 00:00:00,Bananas,299,0.6,179.72,0,0,0,0
2025-02-27 00:00:00,Bananas,288,0.6,173.24,0,0,0,0
2025-02-28 00:00:00,Bananas,294,0.6,176.72,0,0,0,0
2025-03-01 00:00:00,Bananas,298,0.6,178.98,0,0,1,0
2025-03-02 00:00:00,Bananas,289,0.6,173.49,0,0,1,0
2025-03-03 00:00:00,Bananas,300,0.6,179.91,0,0,0,0
2025-03-04 00:00:00,Bananas,303,0.6,182.24,0,0,0,0
2025-03-05 00:00:00,Bananas,315,0.6,189.1,0,0,0,0
2025-03-06 00:00:00,Bananas,305,0.6,182.86,0,0,0,0
2025-03-07 00:00:00,Bananas,304,0.6,182.04,0,0,0,0
2025-03-08 00:00:00,Bananas,306,0.6,182.93,0,0,1,0
2025-03-09 00:00:00,Bananas,298,0.6,177.96,0,0,1,0
2025-03-10 00:00:00,Bananas,300,0.6,179.32,0,0,0,0
2025-03-11 00:00:00,Bananas,323,0.6,192.91,0,0,0,0
2025-03-12 00:00:00,Bananas,305,0.6,182.09,0,0,0,0
2025-03-13 00:00:00,Bananas,297,0.6,177.38,0,0,0,0
2025-03-14 00:00:00,Bananas,299,0.6,178.46,0,0,0,0
2025-03-15 00:00:00,Bananas,291,0.6,173.53,0,0,1,0
2025-03-16 00:00:00,Bananas,299,0.6,178.24,0,0,1,0
2025-03-17 00:00:00,Bananas,305,0.6,181.87,0,0,0,0
2025-03-18 00:00:00,Bananas,310,0.6,184.9,0,0,0,0
2025-03-19 00:00:00,Bananas,313,0.6,186.55,0,0,0,0
2025-03-20 00:00:00,Bananas,301,0.6,179.33,0,0,0,0
2025-03-21 00:00:00,Bananas,286,0.6,170.2,0,0,0,0
2025-03-22 00:00:00,Bananas,283,0.6,168.58,0,0,1,0
2025-03-23 00:00:00,Bananas,303,0.6,180.62,0,0,1,0
2025-03-24 00:00:00,Bananas,308,0.6,183.81,0,0,0,0
2025-03-25 00:00:00,Bananas,300,0.6,178.65,0,0,0,0
2025-03-26 00:00:00,Bananas,319,0.59,189.55,0,0,0,0
2025-03-27 00:00:00,Bananas,307,0.59,182.26,0,0,0,0
2025-03-28 00:00:00,Bananas,303,0.59,179.92,0,0,0,0
2025-03-29 00:00:00,Bananas,298,0.59,176.91,0,0,1,0
2025-03-30 00:00:00,Bananas,319,0.59,189.4,0,0,1,0
2025-03-31 00:00:00,Bananas,304,0.59,180.39,0,0,0,0
2025-04-01 00:00:00,Bananas,298,0.59,176.81,0,0,0,0
2025-04-02 00:00:00,Bananas,301,0.59,178.4,0,0,0,0
2025-04-03 00:00:00,Bananas,305,0.59,180.54,0,0,0,0
2025-04-04 00:00:00,Bananas,303,0.59,179.16,0,0,0,0
2025-04-05 00:00:00,Bananas,295,0.59,174.4,0,0,1,0
2025-04-06 00:00:00,Bananas,313,0.59,185.1,0,0,1,0
2025-04-07 00:00:00,Bananas,302,0.59,178.45,0,0,0,0
2025-04-08 00:00:00,Bananas,298,0.59,176.08,0,0,0,0
2025-04-09 00:00:00,Bananas,322,0.59,190.28,0,0,0,0
2025-04-10 00:00:00,Bananas,299,0.59,176.61,0,0,0,0
2025-04-11 00:00:00,Bananas,272,0.59,160.63,0,0,0,0
2025-04-12 00:00:00,Bananas,302,0.59,178.68,0,0,1,0
2025-04-13 00:00:00,Bananas,291,0.59,172.19,0,0,1,0
2025-04-14 00:00:00,Bananas,307,0.59,181.93,0,0,0,0
2025-04-15 00:00:00,Bananas,310,0.59,184.06,0,0,0,0
2025-04-16 00:00:00,Bananas,320,0.59,189.91,0,0,0,0
2025-04-17 00:00:00,Bananas,295,0.59,175.33,0,0,0,0
2025-04-18 00:00:00,Bananas,308,0.59,183.22,0,0,0,0
2025-04-19 00:00:00,Bananas,307,0.59,182.4,0,0,1,0
2025-04-20 00:00:00,Bananas,366,0.56,204.93,1,0,1,0
2025-04-21 00:00:00,Bananas,366,0.54,196.84,1,0,0,0
2025-04-22 00:00:00,Bananas,366,0.53,195.62,1,0,0,0
2025-04-23 00:00:00,Bananas,376,0.54,202.18,1,0,0,0
2025-04-24 00:00:00,Bananas,351,0.53,187.69,1,0,0,0
2025-04-25 00:00:00,Bananas,351,0.56,198.09,1,0,0,0
2025-04-26 00:00:00,Bananas,304,0.6,180.92,0,0,1,0
2025-04-27 00:00:00,Bananas,297,0.59,176.65,0,0,1,0
2025-04-28 00:00:00,Bananas,303,0.59,180.04,0,0,0,0
2025-04-29 00:00:00,Bananas,312,0.59,185.5,0,0,0,0
2025-04-30 00:00:00,Bananas,301,0.6,179.29,0,0,0,0
2025-05-01 00:00:00,Bananas,301,0.6,179.43,0,0,0,0
2025-05-02 00:00:00,Bananas,296,0.6,176.6,0,0,0,0
2025-05-03 00:00:00,Bananas,300,0.6,179.11,0,0,1,0
2025-05-04 00:00:00,Bananas,288,0.6,171.82,0,0,1,0
2025-05-05 00:00:00,Bananas,292,0.6,174.08,0,0,0,0
2025-05-06 00:00:00,Bananas,311,0.6,185.34,0,0,0,0
2025-05-07 00:00:00,Bananas,302,0.6,180.05,0,0,0,0
2025-05-08 00:00:00,Bananas,287,0.59,170.61,0,0,0,0
2025-05-09 00:00:00,Bananas,290,0.59,172.29,0,0,0,0
2025-05-10 00:00:00,Bananas,303,0.59,179.99,0,0,1,0
2025-05-11 00:00:00,Bananas,296,0.59,175.81,0,0,1,0
2025-05-12 00:00:00,Bananas,292,0.59,173.4,0,0,0,0
2025-05-13 00:00:00,Bananas,306,0.59,181.77,0,0,0,0
2025-05-14 00:00:00,Bananas,302,0.59,179.49,0,0,0,0
2025-05-15 00:00:00,Bananas,300,0.59,178.14,0,0,0,0
2025-05-16 00:00:00,Bananas,290,0.59,172.49,0,0,0,0
2025-05-17 00:00:00,Bananas,300,0.59,178.35,0,0,1,0
2025-05-18 00:00:00,Bananas,356,0.53,188.06,1,0,1,0
2025-05-19 00:00:00,Bananas,343,0.54,185.68,1,0,0,0
2025-05-20 00:00:00,Bananas,392,0.56,217.99,1,0,0,0
2025-05-21 00:00:00,Bananas,375,0.56,210.22,1,0,0,0
2025-05-22 00:00:00,Bananas,354,0.54,191.15,1,0,0,0
2025-05-23 00:00:00,Bananas,337,0.55,184.76,1,0,0,0
2025-05-24 00:00:00,Bananas,289,0.6,172.05,0,0,1,0
2025-05-25 00:00:00,Bananas,288,0.6,171.54,0,0,1,0
2025-05-26 00:00:00,Bananas,302,0.6,179.88,0,1,0,0
2025-05-27 00:00:00,Bananas,313,0.6,186.66,0,0,0,0
2025-05-28 00:00:00,Bananas,303,0.6,180.69,0,0,0,0
2025-05-29 00:00:00,Bananas,289,0.6,172.28,0,0,0,0
2025-05-30 00:00:00,Bananas,273,0.6,162.53,0,0,0,0
2025-05-31 00:00:00,Bananas,306,0.6,182.26,0,0,1,0
2025-06-01 00:00:00,Bananas,307,0.6,183,0,0,1,0
2025-06-02 00:00:00,Bananas,299,0.6,177.95,0,0,0,0
2025-06-03 00:00:00,Bananas,321,0.6,191.28,0,0,0,0
2025-06-04 00:00:00,Bananas,304,0.6,180.93,0,0,0,0
2025-06-05 00:00:00,Bananas,290,0.6,172.63,0,0,0,0
2025-06-06 00:00:00,Bananas,307,0.6,182.67,0,0,0,0
2025-06-07 00:00:00,Bananas,302,0.6,179.78,0,0,1,0
2025-06-08 00:00:00,Bananas,274,0.6,163.07,0,0,1,0
2025-06-09 00:00:00,Bananas,288,0.59,171.12,0,0,0,0
2025-06-10 00:00:00,Bananas,304,0.6,180.92,0,0,0,0
2025-06-11 00:00:00,Bananas,295,0.6,175.81,0,0,0,0
2025-06-12 00:00:00,Bananas,308,0.6,183.44,0,0,0,0
2025-06-13 00:00:00,Bananas,267,0.6,159.08,0,0,0,0
2025-06-14 00:00:00,Bananas,296,0.6,176.38,0,0,1,0
2025-06-15 00:00:00,Bananas,288,0.6,171.44,0,0,1,0
2025-06-16 00:00:00,Bananas,295,0.59,175.52,0,0,0,0
2025-06-17 00:00:00,Bananas,301,0.59,178.89,0,0,0,0
2025-06-18 00:00:00,Bananas,312,0.59,185.56,0,0,0,0
2025-06-19 00:00:00,Bananas,325,0.59,193.24,0,1,0,0
2025-06-20 00:00:00,Bananas,269,0.59,160,0,0,0,0
2025-06-21 00:00:00,Bananas,281,0.59,166.87,0,0,1,0
2025-06-22 00:00:00,Bananas,292,0.59,173.35,0,0,1,0
2025-06-23 00:00:00,Bananas,281,0.59,166.79,0,0,0,0
2025-06-24 00:00:00,Bananas,304,0.59,180.4,0,0,0,0
2025-06-25 00:00:00,Bananas,305,0.59,180.85,0,0,0,0
2025-06-26 00:00:00,Bananas,274,0.59,162.53,0,0,0,0
2025-06-27 00:00:00,Bananas,287,0.59,170.43,0,0,0,0
2025-06-28 00:00:00,Bananas,273,0.59,162.27,0,0,1,0
2025-06-29 00:00:00,Bananas,289,0.59,171.78,0,0,1,0
2025-06-30 00:00:00,Bananas,282,0.59,167.58,0,0,0,0
2025-07-01 00:00:00,Bananas,277,0.59,164.43,0,0,0,0
2025-07-02 00:00:00,Bananas,305,0.59,180.93,0,0,0,0
2025-07-03 00:00:00,Bananas,284,0.59,168.57,0,0,0,0
2025-07-04 00:00:00,Bananas,307,0.59,182.25,0,1,0,0
2025-07-05 00:00:00,Bananas,267,0.59,158.75,0,0,1,0
2025-07-06 00:00:00,Bananas,261,0.59,155.25,0,0,1,0
2025-07-07 00:00:00,Bananas,264,0.59,157,0,0,0,0
2025-07-08 00:00:00,Bananas,311,0.59,184.86,0,0,0,0
2025-07-09 00:00:00,Bananas,303,0.59,180.26,0,0,0,0
2025-07-10 00:00:00,Bananas,280,0.6,166.66,0,0,0,0
2025-07-11 00:00:00,Bananas,267,0.6,159.06,0,0,0,0
2025-07-12 00:00:00,Bananas,285,0.6,169.59,0,0,1,0
2025-07-13 00:00:00,Bananas,284,0.59,168.9,0,0,1,0
2025-07-14 00:00:00,Bananas,272,0.59,161.34,0,0,0,0
2025-07-15 00:00:00,Bananas,283,0.59,167.99,0,0,0,0
2025-07-16 00:00:00,Bananas,306,0.59,181.59,0,0,0,0
2025-07-17 00:00:00,Bananas,276,0.59,163.69,0,0,0,0
2025-07-18 00:00:00,Bananas,288,0.59,170.9,0,0,0,0
2025-07-19 00:00:00,Bananas,276,0.59,163.43,0,0,1,0
2025-07-20 00:00:00,Bananas,283,0.59,167.68,0,0,1,0
2025-07-21 00:00:00,Bananas,281,0.59,166.44,0,0,0,0
2025-07-22 00:00:00,Bananas,291,0.59,172.58,0,0,0,0
2025-07-23 00:00:00,Bananas,345,0.53,182.11,1,0,0,0
2025-07-24 00:00:00,Bananas,353,0.54,190.46,1,0,0,0
2025-07-25 00:00:00,Bananas,344,0.53,182.25,1,0,0,0
2025-07-26 00:00:00,Bananas,337,0.56,187.32,1,0,1,0
2025-07-27 00:00:00,Bananas,326,0.54,177.6,1,0,1,0
2025-07-28 00:00:00,Bananas,328,0.56,183.42,1,0,0,0
2025-07-29 00:00:00,Bananas,273,0.59,161.66,0,0,0,0
2025-07-30 00:00:00,Bananas,284,0.59,167.96,0,0,0,0
2025-07-31 00:00:00,Bananas,299,0.59,176.82,0,0,0,0
2025-08-01 00:00:00,Bananas,276,0.59,163.41,0,0,0,0
2025-08-02 00:00:00,Bananas,273,0.59,161.56,0,0,1,0
2025-08-03 00:00:00,Bananas,277,0.59,164.07,0,0,1,0
2025-08-04 00:00:00,Bananas,253,0.59,149.61,0,0,0,0
2025-08-05 00:00:00,Bananas,284,0.59,168.02,0,0,0,0
2025-08-06 00:00:00,Bananas,288,0.59,170.41,0,0,0,0
2025-08-07 00:00:00,Bananas,282,0.59,166.96,0,0,0,0
2025-08-08 00:00:00,Bananas,273,0.59,161.58,0,0,0,0
2025-08-09 00:00:00,Bananas,317,0.54,169.82,1,0,1,0
2025-08-10 00:00:00,Bananas,350,0.53,184.42,1,0,1,0
2025-08-11 00:00:00,Bananas,318,0.53,167.05,1,0,0,0
2025-08-12 00:00:00,Bananas,333,0.52,174.78,1,0,0,0
2025-08-13 00:00:00,Bananas,345,0.53,183.58,1,0,0,0
2025-08-14 00:00:00,Bananas,339,0.55,185.23,1,0,0,0
2025-08-15 00:00:00,Bananas,278,0.59,164.83,0,0,0,0
2025-08-16 00:00:00,Bananas,267,0.59,158.38,0,0,1,0
2025-08-17 00:00:00,Bananas,298,0.59,176.64,0,0,1,0
2025-08-18 00:00:00,Bananas,264,0.59,156.54,0,0,0,0
2025-08-19 00:00:00,Bananas,292,0.59,173.16,0,0,0,0
2025-08-20 00:00:00,Bananas,275,0.59,163.23,0,0,0,0
2025-08-21 00:00:00,Bananas,284,0.59,168.57,0,0,0,0
2025-08-22 00:00:00,Bananas,256,0.59,151.83,0,0,0,0
2025-08-23 00:00:00,Bananas,275,0.59,163.05,0,0,1,0
2025-08-24 00:00:00,Bananas,273,0.59,161.73,0,0,1,0
2025-08-25 00:00:00,Bananas,264,0.59,156.58,0,0,0,0
2025-08-26 00:00:00,Bananas,282,0.59,167.12,0,0,0,0
2025-08-27 00:00:00,Bananas,279,0.59,165.13,0,0,0,0
2025-08-28 00:00:00,Bananas,266,0.59,157.49,0,0,0,0
2025-08-29 00:00:00,Bananas,229,0.59,135.66,0,0,0,0
2025-08-30 00:00:00,Bananas,275,0.59,163.1,0,0,1,0
2025-08-31 00:00:00,Bananas,263,0.59,155.79,0,0,1,0
2025-09-01 00:00:00,Bananas,303,0.59,179.66,0,1,0,0
2025-09-02 00:00:00,Bananas,256,0.59,151.79,0,0,0,0
2025-09-03 00:00:00,Bananas,279,0.59,165.32,0,0,0,0
2025-09-04 00:00:00,Bananas,282,0.59,167.11,0,0,0,0
2025-09-05 00:00:00,Bananas,247,0.59,146.28,0,0,0,0
2025-09-06 00:00:00,Bananas,314,0.54,169.64,1,0,1,0
2025-09-07 00:00:00,Bananas,328,0.53,173.02,1,0,1,0
2025-09-08 00:00:00,Bananas,334,0.53,176.48,1,0,0,0
2025-09-09 00:00:00,Bananas,339,0.53,178.81,1,0,0,0
2025-09-10 00:00:00,Bananas,331,0.52,173.72,1,0,0,0
2025-09-11 00:00:00,Bananas,339,0.52,177.91,1,0,0,0
2025-09-12 00:00:00,Bananas,256,0.59,151.73,0,0,0,0
2025-09-13 00:00:00,Bananas,273,0.59,161.93,0,0,1,0
2025-09-14 00:00:00,Bananas,275,0.59,162.97,0,0,1,0
2025-09-15 00:00:00,Bananas,265,0.59,156.84,0,0,0,0
2025-09-16 00:00:00,Bananas,283,0.59,167.47,0,0,0,0
2025-09-17 00:00:00,Bananas,271,0.59,160.34,0,0,0,0
2025-09-18 00:00:00,Bananas,288,0.59,170.41,0,0,0,0
2025-09-19 00:00:00,Bananas,250,0.59,147.87,0,0,0,0
2025-09-20 00:00:00,Bananas,273,0.59,161.61,0,0,1,0
2025-09-21 00:00:00,Bananas,282,0.59,166.81,0,0,1,0
2025-09-22 00:00:00,Bananas,287,0.59,169.74,0,0,0,0
2025-09-23 00:00:00,Bananas,284,0.59,168.09,0,0,0,0
2025-09-24 00:00:00,Bananas,274,0.59,162.3,0,0,0,0
2025-09-25 00:00:00,Bananas,268,0.59,158.58,0,0,0,0
2025-09-26 00:00:00,Bananas,268,0.59,158.54,0,0,0,0
2025-09-27 00:00:00,Bananas,276,0.59,163.46,0,0,1,0
2025-09-28 00:00:00,Bananas,280,0.59,165.8,0,0,1,0
2025-09-29 00:00:00,Bananas,270,0.59,159.87,0,0,0,0
2025-09-30 00:00:00,Bananas,275,0.59,162.9,0,0,0,0
2025-10-01 00:00:00,Bananas,278,0.59,164.54,0,0,0,0
2025-10-02 00:00:00,Bananas,281,0.59,166.54,0,0,0,0
2025-10-03 00:00:00,Bananas,249,0.59,147.69,0,0,0,0
2025-10-04 00:00:00,Bananas,271,0.59,160.69,0,0,1,0
2025-10-05 00:00:00,Bananas,281,0.59,166.43,0,0,1,0
2025-10-06 00:00:00,Bananas,242,0.59,143.43,0,0,0,0
2025-10-07 00:00:00,Bananas,275,0.59,163.22,0,0,0,0
2025-10-08 00:00:00,Bananas,297,0.59,176.36,0,0,0,0
2025-10-09 00:00:00,Bananas,277,0.59,164.45,0,0,0,0
2025-10-10 00:00:00,Bananas,264,0.59,156.96,0,0,0,0
2025-10-11 00:00:00,Bananas,268,0.59,159.26,0,0,1,0
2025-10-12 00:00:00,Bananas,267,0.6,158.87,0,0,1,0
2025-10-13 00:00:00,Bananas,282,0.59,167.57,0,1,0,0
2025-10-14 00:00:00,Bananas,279,0.6,166.05,0,0,0,0
2025-10-15 00:00:00,Bananas,278,0.6,165.49,0,0,0,0
2025-10-16 00:00:00,Bananas,260,0.6,154.76,0,0,0,0
2025-10-17 00:00:00,Bananas,263,0.6,156.7,0,0,0,0
2025-10-18 00:00:00,Bananas,271,0.6,161.54,0,0,1,0
2025-10-19 00:00:00,Bananas,272,0.6,162.25,0,0,1,0
2025-10-20 00:00:00,Bananas,278,0.6,166.02,0,0,0,0
2025-10-21 00:00:00,Bananas,282,0.6,168.46,0,0,0,0
2025-10-22 00:00:00,Bananas,277,0.6,165.58,0,0,0,0
2025-10-23 00:00:00,Bananas,273,0.6,163.09,0,0,0,0
2025-10-24 00:00:00,Bananas,271,0.6,162.13,0,0,0,0
2025-10-25 00:00:00,Bananas,265,0.6,158.39,0,0,1,0
2025-10-26 00:00:00,Bananas,267,0.6,159.42,0,0,1,0
2025-10-27 00:00:00,Bananas,250,0.6,149.25,0,0,0,0
2025-10-28 00:00:00,Bananas,286,0.6,170.87,0,0,0,0
2025-10-29 00:00:00,Bananas,272,0.6,162.68,0,0,0,0
2025-10-30 00:00:00,Bananas,265,0.6,158.59,0,0,0,0
2025-10-31 00:00:00,Bananas,278,0.6,166.16,0,0,0,0
2025-11-01 00:00:00,Bananas,267,0.6,159.65,0,0,1,0
2025-11-02 00:00:00,Bananas,276,0.6,165.22,0,0,1,0
2025-11-03 00:00:00,Bananas,268,0.6,160.53,0,0,0,0
2025-11-04 00:00:00,Bananas,290,0.6,173.51,0,0,0,0
2025-11-05 00:00:00,Bananas,280,0.6,167.44,0,0,0,0
2025-11-06 00:00:00,Bananas,285,0.6,170.36,0,0,0,0
2025-11-07 00:00:00,Bananas,255,0.6,152.58,0,0,0,0
2025-11-08 00:00:00,Bananas,279,0.6,166.84,0,0,1,0
2025-11-09 00:00:00,Bananas,262,0.6,156.81,0,0,1,0
2025-11-10 00:00:00,Bananas,265,0.6,158.62,0,0,0,0
2025-11-11 00:00:00,Bananas,293,0.6,175.44,0,1,0,0
2025-11-12 00:00:00,Bananas,285,0.6,170.45,0,0,0,0
2025-11-13 00:00:00,Bananas,266,0.6,158.91,0,0,0,0
2025-11-14 00:00:00,Bananas,324,0.54,175.1,1,0,0,0
2025-11-15 00:00:00,Bananas,339,0.55,184.98,1,0,1,0
2025-11-16 00:00:00,Bananas,339,0.53,181.21,1,0,1,0
2025-11-17 00:00:00,Bananas,313,0.53,167,1,0,0,0
2025-11-18 00:00:00,Bananas,339,0.56,190.25,1,0,0,0
2025-11-19 00:00:00,Bananas,351,0.55,191.49,1,0,0,0
2025-11-20 00:00:00,Bananas,265,0.6,158.29,0,0,0,0
2025-11-21 00:00:00,Bananas,266,0.6,158.63,0,0,0,0
2025-11-22 00:00:00,Bananas,265,0.6,158,0,0,1,0
2025-11-23 00:00:00,Bananas,289,0.6,172.27,0,0,1,0
2025-11-24 00:00:00,Bananas,342,0.53,181.49,1,0,0,0
2025-11-25 00:00:00,Bananas,344,0.54,185.5,1,0,0,0
2025-11-26 00:00:00,Bananas,359,0.53,191,1,0,0,0
2025-11-27 00:00:00,Bananas,370,0.53,196.6,1,1,0,0
2025-11-28 00:00:00,Bananas,329,0.56,184.43,1,0,0,0
2025-11-29 00:00:00,Bananas,341,0.53,180.24,1,0,1,0
2025-11-30 00:00:00,Bananas,340,0.56,191.72,1,0,1,0
2025-12-01 00:00:00,Bananas,269,0.6,160.11,0,0,0,0
2025-12-02 00:00:00,Bananas,298,0.6,177.38,0,0,0,0
2025-12-03 00:00:00,Bananas,292,0.6,173.83,0,0,0,0
2025-12-04 00:00:00,Bananas,265,0.6,157.79,0,0,0,0
2025-12-05 00:00:00,Bananas,270,0.6,160.77,0,0,0,0
2025-12-06 00:00:00,Bananas,281,0.6,167.63,0,0,1,0
2025-12-07 00:00:00,Bananas,287,0.6,171.27,0,0,1,0
2025-12-08 00:00:00,Bananas,282,0.6,168.45,0,0,0,0
2025-12-09 00:00:00,Bananas,294,0.6,175.43,0,0,0,0
2025-12-10 00:00:00,Bananas,301,0.6,179.75,0,0,0,0
2025-12-11 00:00:00,Bananas,90,0.6,53.74,0,0,0,1
2025-12-12 00:00:00,Bananas,114,0.6,68.11,0,0,0,1
2025-12-13 00:00:00,Bananas,278,0.6,166.29,0,0,1,0
2025-12-14 00:00:00,Bananas,298,0.6,178.21,0,0,1,0
2025-12-15 00:00:00,Bananas,279,0.6,166.8,0,0,0,0
2025-12-16 00:00:00,Bananas,346,0.53,182.15,1,0,0,0
2025-12-17 00:00:00,Bananas,360,0.54,192.92,1,0,0,0
2025-12-18 00:00:00,Bananas,344,0.55,188.14,1,0,0,0
2025-12-19 00:00:00,Bananas,339,0.56,188.48,1,0,0,0
2025-12-20 00:00:00,Bananas,350,0.56,197.73,1,0,1,0
2025-12-21 00:00:00,Bananas,350,0.57,198.22,1,0,1,0
2025-12-22 00:00:00,Bananas,344,0.54,186.47,1,0,0,0
2025-12-23 00:00:00,Bananas,365,0.56,203.97,1,0,0,0
2025-12-24 00:00:00,Bananas,349,0.55,191.92,1,0,0,0
2025-12-25 00:00:00,Bananas,367,0.55,201.58,1,1,0,0
2025-12-26 00:00:00,Bananas,345,0.55,190.61,1,0,0,0
2025-12-27 00:00:00,Bananas,365,0.55,201.56,1,0,1,0
2025-12-28 00:00:00,Bananas,346,0.55,191.8,1,0,1,0
2025-12-29 00:00:00,Bananas,344,0.55,189.88,1,0,0,0
2025-12-30 00:00:00,Bananas,344,0.53,183.36,1,0,0,0
2025-12-31 00:00:00,Bananas,361,0.53,191.9,1,0,0,0
2026-01-01 00:00:00,Bananas,322,0.6,193.14,0,1,0,0
2026-01-02 00:00:00,Bananas,275,0.6,165.05,0,0,0,0
2026-01-03 00:00:00,Bananas,288,0.6,172.88,0,0,1,0
2026-01-04 00:00:00,Bananas,287,0.6,172.31,0,0,1,0
2026-01-05 00:00:00,Bananas,295,0.6,177.07,0,0,0,0
2026-01-06 00:00:00,Bananas,301,0.6,180.73,0,0,0,0
2026-01-07 00:00:00,Bananas,301,0.6,180.79,0,0,0,0
2026-01-08 00:00:00,Bananas,299,0.6,179.57,0,0,0,0
2026-01-09 00:00:00,Bananas,270,0.6,162.33,0,0,0,0
2026-01-10 00:00:00,Bananas,303,0.6,182.11,0,0,1,0
2026-01-11 00:00:00,Bananas,300,0.6,180.41,0,0,1,0
2026-01-12 00:00:00,Bananas,293,0.6,176.14,0,0,0,0
2026-01-13 00:00:00,Bananas,296,0.6,178.14,0,0,0,0
2026-01-14 00:00:00,Bananas,312,0.6,187.72,0,0,0,0
2026-01-15 00:00:00,Bananas,315,0.6,189.66,0,0,0,0
2026-01-16 00:00:00,Bananas,297,0.6,178.98,0,0,0,0
2026-01-17 00:00:00,Bananas,289,0.6,174.39,0,0,1,0
2026-01-18 00:00:00,Bananas,278,0.6,167.76,0,0,1,0
2026-01-19 00:00:00,Bananas,304,0.6,183.24,0,1,0,0
2026-01-20 00:00:00,Bananas,308,0.6,185.83,0,0,0,0
2026-01-21 00:00:00,Bananas,303,0.6,182.95,0,0,0,0
2026-01-22 00:00:00,Bananas,291,0.6,175.72,0,0,0,0
2026-01-23 00:00:00,Bananas,290,0.6,175.3,0,0,0,0
2026-01-24 00:00:00,Bananas,272,0.6,164.51,0,0,1,0
2026-01-25 00:00:00,Bananas,304,0.6,183.86,0,0,1,0
2026-01-26 00:00:00,Bananas,282,0.6,170.37,0,0,0,0
2026-01-27 00:00:00,Bananas,311,0.6,187.83,0,0,0,0
2026-01-28 00:00:00,Bananas,312,0.6,188.11,0,0,0,0
2026-01-29 00:00:00,Bananas,307,0.6,185.23,0,0,0,0
2026-01-30 00:00:00,Bananas,286,0.6,172.59,0,0,0,0
2026-01-31 00:00:00,Bananas,300,0.6,180.99,0,0,1,0
2026-02-01 00:00:00,Bananas,312,0.6,188.26,0,0,1,0
2026-02-02 00:00:00,Bananas,291,0.6,175.6,0,0,0,0
2026-02-03 00:00:00,Bananas,314,0.6,189.37,0,0,0,0
2026-02-04 00:00:00,Bananas,311,0.6,187.45,0,0,0,0
2026-02-05 00:00:00,Bananas,302,0.6,182.08,0,0,0,0
2026-02-06 00:00:00,Bananas,275,0.6,165.7,0,0,0,0
2026-02-07 00:00:00,Bananas,278,0.6,167.51,0,0,1,0
2026-02-08 00:00:00,Bananas,322,0.6,193.84,0,0,1,0
2026-02-09 00:00:00,Bananas,294,0.6,177.01,0,0,0,0
2026-02-10 00:00:00,Bananas,315,0.6,189.41,0,0,0,0
2026-02-11 00:00:00,Bananas,307,0.6,184.69,0,0,0,0
2026-02-12 00:00:00,Bananas,312,0.6,187.65,0,0,0,0
2022-01-01 00:00:00,Bread_Whole,182,2.49,453.18,0,0,1,0
2022-01-02 00:00:00,Bread_Whole,203,2.49,505.72,0,0,1,0
2022-01-03 00:00:00,Bread_Whole,195,2.49,486.12,0,0,0,0
2022-01-04 00:00:00,Bread_Whole,273,2.36,644.49,1,0,0,0
2022-01-05 00:00:00,Bread_Whole,262,2.35,615.55,1,0,0,0
2022-01-06 00:00:00,Bread_Whole,267,2.21,589.68,1,0,0,0
2022-01-07 00:00:00,Bread_Whole,243,2.24,544.56,1,0,0,0
2022-01-08 00:00:00,Bread_Whole,235,2.3,540.89,1,0,1,0
2022-01-09 00:00:00,Bread_Whole,255,2.22,565.93,1,0,1,0
2022-01-10 00:00:00,Bread_Whole,207,2.5,517.44,0,0,0,0
2022-01-11 00:00:00,Bread_Whole,216,2.5,539.19,0,0,0,0
2022-01-12 00:00:00,Bread_Whole,218,2.5,544.28,0,0,0,0
2022-01-13 00:00:00,Bread_Whole,214,2.5,534.6,0,0,0,0
2022-01-14 00:00:00,Bread_Whole,195,2.5,486.76,0,0,0,0
2022-01-15 00:00:00,Bread_Whole,207,2.49,516.44,0,0,1,0
2022-01-16 00:00:00,Bread_Whole,213,2.49,530.64,0,0,1,0
2022-01-17 00:00:00,Bread_Whole,223,2.49,555.26,0,1,0,0
2022-01-18 00:00:00,Bread_Whole,211,2.49,525.68,0,0,0,0
2022-01-19 00:00:00,Bread_Whole,214,2.49,532.44,0,0,0,0
2022-01-20 00:00:00,Bread_Whole,206,2.48,511.58,0,0,0,0
2022-01-21 00:00:00,Bread_Whole,200,2.48,496.45,0,0,0,0
2022-01-22 00:00:00,Bread_Whole,209,2.49,519.45,0,0,1,0
2022-01-23 00:00:00,Bread_Whole,209,2.48,519.34,0,0,1,0
2022-01-24 00:00:00,Bread_Whole,227,2.48,563.77,0,0,0,0
2022-01-25 00:00:00,Bread_Whole,208,2.49,516.91,0,0,0,0
2022-01-26 00:00:00,Bread_Whole,220,2.48,546.49,0,0,0,0
2022-01-27 00:00:00,Bread_Whole,221,2.48,548.38,0,0,0,0
2022-01-28 00:00:00,Bread_Whole,196,2.48,486.53,0,0,0,0
2022-01-29 00:00:00,Bread_Whole,194,2.48,481.21,0,0,1,0
2022-01-30 00:00:00,Bread_Whole,215,2.48,532.81,0,0,1,0
2022-01-31 00:00:00,Bread_Whole,190,2.48,470.7,0,0,0,0
2022-02-01 00:00:00,Bread_Whole,225,2.48,557.7,0,0,0,0
2022-02-02 00:00:00,Bread_Whole,228,2.48,565.37,0,0,0,0
2022-02-03 00:00:00,Bread_Whole,215,2.48,533.56,0,0,0,0
2022-02-04 00:00:00,Bread_Whole,204,2.48,506.09,0,0,0,0
2022-02-05 00:00:00,Bread_Whole,206,2.48,511.23,0,0,1,0
2022-02-06 00:00:00,Bread_Whole,216,2.48,536.18,0,0,1,0
2022-02-07 00:00:00,Bread_Whole,212,2.49,526.9,0,0,0,0
2022-02-08 00:00:00,Bread_Whole,224,2.48,556.52,0,0,0,0
2022-02-09 00:00:00,Bread_Whole,226,2.48,560.36,0,0,0,0
2022-02-10 00:00:00,Bread_Whole,226,2.48,560.47,0,0,0,0
2022-02-11 00:00:00,Bread_Whole,203,2.48,503.02,0,0,0,0
2022-02-12 00:00:00,Bread_Whole,202,2.48,501.37,0,0,1,0
2022-02-13 00:00:00,Bread_Whole,207,2.48,513.1,0,0,1,0
2022-02-14 00:00:00,Bread_Whole,217,2.48,537.93,0,0,0,0
2022-02-15 00:00:00,Bread_Whole,222,2.48,550.53,0,0,0,0
2022-02-16 00:00:00,Bread_Whole,240,2.47,593.91,0,0,0,0
2022-02-17 00:00:00,Bread_Whole,210,2.48,520.18,0,0,0,0
2022-02-18 00:00:00,Bread_Whole,271,2.27,615.9,1,0,0,0
2022-02-19 00:00:00,Bread_Whole,241,2.24,540.38,1,0,1,0
2022-02-20 00:00:00,Bread_Whole,261,2.33,607.85,1,0,1,0
2022-02-21 00:00:00,Bread_Whole,289,2.24,646.74,1,1,0,0
2022-02-22 00:00:00,Bread_Whole,287,2.2,631.09,1,0,0,0
2022-02-23 00:00:00,Bread_Whole,295,2.23,659.25,1,0,0,0
2022-02-24 00:00:00,Bread_Whole,226,2.48,561.08,0,0,0,0
2022-02-25 00:00:00,Bread_Whole,215,2.48,534.03,0,0,0,0
2022-02-26 00:00:00,Bread_Whole,205,2.48,508.51,0,0,1,0
2022-02-27 00:00:00,Bread_Whole,210,2.48,520.57,0,0,1,0
2022-02-28 00:00:00,Bread_Whole,205,2.47,507.31,0,0,0,0
2022-03-01 00:00:00,Bread_Whole,238,2.48,589.91,0,0,0,0
2022-03-02 00:00:00,Bread_Whole,212,2.48,526.4,0,0,0,0
2022-03-03 00:00:00,Bread_Whole,232,2.49,576.68,0,0,0,0
2022-03-04 00:00:00,Bread_Whole,225,2.49,559.61,0,0,0,0
2022-03-05 00:00:00,Bread_Whole,231,2.49,575.24,0,0,1,0
2022-03-06 00:00:00,Bread_Whole,204,2.49,507.9,0,0,1,0
2022-03-07 00:00:00,Bread_Whole,207,2.49,515.35,0,0,0,0
2022-03-08 00:00:00,Bread_Whole,243,2.49,605.49,0,0,0,0
2022-03-09 00:00:00,Bread_Whole,227,2.49,564.62,0,0,0,0
2022-03-10 00:00:00,Bread_Whole,217,2.49,539.53,0,0,0,0
2022-03-11 00:00:00,Bread_Whole,214,2.49,532.26,0,0,0,0
2022-03-12 00:00:00,Bread_Whole,225,2.49,559.54,0,0,1,0
2022-03-13 00:00:00,Bread_Whole,216,2.49,536.76,0,0,1,0
2022-03-14 00:00:00,Bread_Whole,212,2.49,526.83,0,0,0,0
2022-03-15 00:00:00,Bread_Whole,239,2.49,594.15,0,0,0,0
2022-03-16 00:00:00,Bread_Whole,250,2.49,621.53,0,0,0,0
2022-03-17 00:00:00,Bread_Whole,224,2.49,557.35,0,0,0,0
2022-03-18 00:00:00,Bread_Whole,217,2.49,540.05,0,0,0,0
2022-03-19 00:00:00,Bread_Whole,209,2.49,519.93,0,0,1,0
2022-03-20 00:00:00,Bread_Whole,227,2.49,564.95,0,0,1,0
2022-03-21 00:00:00,Bread_Whole,225,2.49,560.16,0,0,0,0
2022-03-22 00:00:00,Bread_Whole,235,2.49,585.3,0,0,0,0
2022-03-23 00:00:00,Bread_Whole,228,2.49,566.79,0,0,0,0
2022-03-24 00:00:00,Bread_Whole,223,2.49,554.41,0,0,0,0
2022-03-25 00:00:00,Bread_Whole,229,2.49,569.95,0,0,0,0
2022-03-26 00:00:00,Bread_Whole,208,2.49,517.15,0,0,1,0
2022-03-27 00:00:00,Bread_Whole,216,2.49,537.3,0,0,1,0
2022-03-28 00:00:00,Bread_Whole,211,2.49,524.93,0,0,0,0
2022-03-29 00:00:00,Bread_Whole,257,2.49,639.54,0,0,0,0
2022-03-30 00:00:00,Bread_Whole,239,2.49,595.52,0,0,0,0
2022-03-31 00:00:00,Bread_Whole,220,2.49,547.44,0,0,0,0
2022-04-01 00:00:00,Bread_Whole,202,2.49,503.24,0,0,0,0
2022-04-02 00:00:00,Bread_Whole,230,2.49,573.02,0,0,1,0
2022-04-03 00:00:00,Bread_Whole,226,2.49,562.23,0,0,1,0
2022-04-04 00:00:00,Bread_Whole,213,2.49,530.52,0,0,0,0
2022-04-05 00:00:00,Bread_Whole,228,2.49,567.16,0,0,0,0
2022-04-06 00:00:00,Bread_Whole,239,2.48,593.17,0,0,0,0
2022-04-07 00:00:00,Bread_Whole,231,2.48,573.03,0,0,0,0
2022-04-08 00:00:00,Bread_Whole,225,2.48,559.08,0,0,0,0
2022-04-09 00:00:00,Bread_Whole,193,2.48,479.43,0,0,1,0
2022-04-10 00:00:00,Bread_Whole,221,2.49,549.66,0,0,1,0
2022-04-11 00:00:00,Bread_Whole,226,2.49,563,0,0,0,0
2022-04-12 00:00:00,Bread_Whole,227,2.49,564.81,0,0,0,0
2022-04-13 00:00:00,Bread_Whole,219,2.49,545.25,0,0,0,0
2022-04-14 00:00:00,Bread_Whole,230,2.49,572.55,0,0,0,0
2022-04-15 00:00:00,Bread_Whole,219,2.49,545.73,0,0,0,0
2022-04-16 00:00:00,Bread_Whole,214,2.49,533.73,0,0,1,0
2022-04-17 00:00:00,Bread_Whole,226,2.5,564.55,0,0,1,0
2022-04-18 00:00:00,Bread_Whole,222,2.5,554.65,0,0,0,0
2022-04-19 00:00:00,Bread_Whole,223,2.5,557.24,0,0,0,0
2022-04-20 00:00:00,Bread_Whole,227,2.5,566.93,0,0,0,0
2022-04-21 00:00:00,Bread_Whole,230,2.49,573.09,0,0,0,0
2022-04-22 00:00:00,Bread_Whole,230,2.49,572.97,0,0,0,0
2022-04-23 00:00:00,Bread_Whole,220,2.49,548.48,0,0,1,0
2022-04-24 00:00:00,Bread_Whole,215,2.49,535.96,0,0,1,0
2022-04-25 00:00:00,Bread_Whole,227,2.49,566.29,0,0,0,0
2022-04-26 00:00:00,Bread_Whole,231,2.49,575.83,0,0,0,0
2022-04-27 00:00:00,Bread_Whole,232,2.49,578.31,0,0,0,0
2022-04-28 00:00:00,Bread_Whole,229,2.49,571.16,0,0,0,0
2022-04-29 00:00:00,Bread_Whole,210,2.49,523.95,0,0,0,0
2022-04-30 00:00:00,Bread_Whole,210,2.49,523.44,0,0,1,0
2022-05-01 00:00:00,Bread_Whole,216,2.5,538.92,0,0,1,0
2022-05-02 00:00:00,Bread_Whole,207,2.5,516.64,0,0,0,0
2022-05-03 00:00:00,Bread_Whole,232,2.49,578.3,0,0,0,0
2022-05-04 00:00:00,Bread_Whole,228,2.5,569.04,0,0,0,0
2022-05-05 00:00:00,Bread_Whole,238,2.5,593.84,0,0,0,0
2022-05-06 00:00:00,Bread_Whole,211,2.49,526.23,0,0,0,0
2022-05-07 00:00:00,Bread_Whole,210,2.49,523.31,0,0,1,0
2022-05-08 00:00:00,Bread_Whole,200,2.49,498.56,0,0,1,0
2022-05-09 00:00:00,Bread_Whole,233,2.49,580.32,0,0,0,0
2022-05-10 00:00:00,Bread_Whole,215,2.49,535.15,0,0,0,0
2022-05-11 00:00:00,Bread_Whole,243,2.49,604.74,0,0,0,0
2022-05-12 00:00:00,Bread_Whole,234,2.49,582.52,0,0,0,0
2022-05-13 00:00:00,Bread_Whole,203,2.49,505.58,0,0,0,0
2022-05-14 00:00:00,Bread_Whole,209,2.49,520.1,0,0,1,0
2022-05-15 00:00:00,Bread_Whole,206,2.49,513.2,0,0,1,0
2022-05-16 00:00:00,Bread_Whole,232,2.49,578.19,0,0,0,0
2022-05-17 00:00:00,Bread_Whole,223,2.49,556.03,0,0,0,0
2022-05-18 00:00:00,Bread_Whole,240,2.49,597.32,0,0,0,0
2022-05-19 00:00:00,Bread_Whole,238,2.49,592.41,0,0,0,0
2022-05-20 00:00:00,Bread_Whole,196,2.49,488.31,0,0,0,0
2022-05-21 00:00:00,Bread_Whole,201,2.49,501.1,0,0,1,0
2022-05-22 00:00:00,Bread_Whole,219,2.49,546.24,0,0,1,0
2022-05-23 00:00:00,Bread_Whole,208,2.5,519.7,0,0,0,0
2022-05-24 00:00:00,Bread_Whole,220,2.5,549.53,0,0,0,0
2022-05-25 00:00:00,Bread_Whole,228,2.5,569.69,0,0,0,0
2022-05-26 00:00:00,Bread_Whole,248,2.5,618.89,0,0,0,0
2022-05-27 00:00:00,Bread_Whole,221,2.49,551.11,0,0,0,0
2022-05-28 00:00:00,Bread_Whole,220,2.5,548.98,0,0,1,0
2022-05-29 00:00:00,Bread_Whole,221,2.49,551.23,0,0,1,0
2022-05-30 00:00:00,Bread_Whole,223,2.5,556.68,0,1,0,0
2022-05-31 00:00:00,Bread_Whole,209,2.5,521.76,0,0,0,0
2022-06-01 00:00:00,Bread_Whole,227,2.5,567.26,0,0,0,0
2022-06-02 00:00:00,Bread_Whole,214,2.5,534.95,0,0,0,0
2022-06-03 00:00:00,Bread_Whole,209,2.5,521.93,0,0,0,0
2022-06-04 00:00:00,Bread_Whole,207,2.5,516.54,0,0,1,0
2022-06-05 00:00:00,Bread_Whole,203,2.49,506.04,0,0,1,0
2022-06-06 00:00:00,Bread_Whole,214,2.5,534.1,0,0,0,0
2022-06-07 00:00:00,Bread_Whole,226,2.5,564.03,0,0,0,0
2022-06-08 00:00:00,Bread_Whole,239,2.5,596.34,0,0,0,0
2022-06-09 00:00:00,Bread_Whole,219,2.5,547.52,0,0,0,0
2022-06-10 00:00:00,Bread_Whole,206,2.5,514.56,0,0,0,0
2022-06-11 00:00:00,Bread_Whole,206,2.5,514.18,0,0,1,0
2022-06-12 00:00:00,Bread_Whole,227,2.5,567.57,0,0,1,0
2022-06-13 00:00:00,Bread_Whole,201,2.5,502.79,0,0,0,0
2022-06-14 00:00:00,Bread_Whole,210,2.5,525.56,0,0,0,0
2022-06-15 00:00:00,Bread_Whole,236,2.51,591.31,0,0,0,0
2022-06-16 00:00:00,Bread_Whole,214,2.51,536.85,0,0,0,0
2022-06-17 00:00:00,Bread_Whole,205,2.51,513.66,0,0,0,0
2022-06-18 00:00:00,Bread_Whole,206,2.5,515.69,0,0,1,0
2022-06-19 00:00:00,Bread_Whole,195,2.51,488.48,0,0,1,0
2022-06-20 00:00:00,Bread_Whole,226,2.51,566.37,0,1,0,0
2022-06-21 00:00:00,Bread_Whole,218,2.51,546.53,0,0,0,0
2022-06-22 00:00:00,Bread_Whole,224,2.51,561.98,0,0,0,0
2022-06-23 00:00:00,Bread_Whole,208,2.51,521.34,0,0,0,0
2022-06-24 00:00:00,Bread_Whole,222,2.51,556.29,0,0,0,0
2022-06-25 00:00:00,Bread_Whole,208,2.51,521.66,0,0,1,0
2022-06-26 00:00:00,Bread_Whole,203,2.51,509.37,0,0,1,0
2022-06-27 00:00:00,Bread_Whole,207,2.51,519.42,0,0,0,0
2022-06-28 00:00:00,Bread_Whole,223,2.51,559.31,0,0,0,0
2022-06-29 00:00:00,Bread_Whole,223,2.51,559.09,0,0,0,0
2022-06-30 00:00:00,Bread_Whole,206,2.51,517.33,0,0,0,0
2022-07-01 00:00:00,Bread_Whole,180,2.51,452.58,0,0,0,0
2022-07-02 00:00:00,Bread_Whole,203,2.52,511.07,0,0,1,0
2022-07-03 00:00:00,Bread_Whole,212,2.52,533.56,0,0,1,0
2022-07-04 00:00:00,Bread_Whole,222,2.51,557.51,0,1,0,0
2022-07-05 00:00:00,Bread_Whole,207,2.51,519.97,0,0,0,0
2022-07-06 00:00:00,Bread_Whole,226,2.51,567.39,0,0,0,0
2022-07-07 00:00:00,Bread_Whole,220,2.51,552.86,0,0,0,0
2022-07-08 00:00:00,Bread_Whole,196,2.52,493.26,0,0,0,0
2022-07-09 00:00:00,Bread_Whole,209,2.52,526.09,0,0,1,0
2022-07-10 00:00:00,Bread_Whole,203,2.52,511.24,0,0,1,0
2022-07-11 00:00:00,Bread_Whole,191,2.52,480.85,0,0,0,0
2022-07-12 00:00:00,Bread_Whole,220,2.52,554.05,0,0,0,0
2022-07-13 00:00:00,Bread_Whole,222,2.51,558,0,0,0,0
2022-07-14 00:00:00,Bread_Whole,213,2.51,534.88,0,0,0,0
2022-07-15 00:00:00,Bread_Whole,184,2.51,461.9,0,0,0,0
2022-07-16 00:00:00,Bread_Whole,198,2.51,497.29,0,0,1,0
2022-07-17 00:00:00,Bread_Whole,202,2.51,507.5,0,0,1,0
2022-07-18 00:00:00,Bread_Whole,215,2.51,540.53,0,0,0,0
2022-07-19 00:00:00,Bread_Whole,201,2.51,505.41,0,0,0,0
2022-07-20 00:00:00,Bread_Whole,203,2.51,509.99,0,0,0,0
2022-07-21 00:00:00,Bread_Whole,205,2.51,515.32,0,0,0,0
2022-07-22 00:00:00,Bread_Whole,240,2.24,536.77,1,0,0,0
2022-07-23 00:00:00,Bread_Whole,258,2.33,601.69,1,0,1,0
2022-07-24 00:00:00,Bread_Whole,239,2.37,567.04,1,0,1,0
2022-07-25 00:00:00,Bread_Whole,245,2.35,574.98,1,0,0,0
2022-07-26 00:00:00,Bread_Whole,248,2.27,563.87,1,0,0,0
2022-07-27 00:00:00,Bread_Whole,257,2.29,589.45,1,0,0,0
2022-07-28 00:00:00,Bread_Whole,190,2.52,478.82,0,0,0,0
2022-07-29 00:00:00,Bread_Whole,169,2.52,426.12,0,0,0,0
2022-07-30 00:00:00,Bread_Whole,185,2.52,466.75,0,0,1,0
2022-07-31 00:00:00,Bread_Whole,192,2.52,484.63,0,0,1,0
2022-08-01 00:00:00,Bread_Whole,190,2.52,479.24,0,0,0,0
2022-08-02 00:00:00,Bread_Whole,199,2.52,502.16,0,0,0,0
2022-08-03 00:00:00,Bread_Whole,195,2.52,492.25,0,0,0,0
2022-08-04 00:00:00,Bread_Whole,201,2.53,507.86,0,0,0,0
2022-08-05 00:00:00,Bread_Whole,179,2.52,451.67,0,0,0,0
2022-08-06 00:00:00,Bread_Whole,235,2.25,527.7,1,0,1,0
2022-08-07 00:00:00,Bread_Whole,242,2.27,550.17,1,0,1,0
2022-08-08 00:00:00,Bread_Whole,236,2.3,542.27,1,0,0,0
2022-08-09 00:00:00,Bread_Whole,269,2.24,603.75,1,0,0,0
2022-08-10 00:00:00,Bread_Whole,263,2.3,606.12,1,0,0,0
2022-08-11 00:00:00,Bread_Whole,232,2.24,520.11,1,0,0,0
2022-08-12 00:00:00,Bread_Whole,197,2.51,494.89,0,0,0,0
2022-08-13 00:00:00,Bread_Whole,183,2.51,458.51,0,0,1,0
2022-08-14 00:00:00,Bread_Whole,179,2.5,448.18,0,0,1,0
2022-08-15 00:00:00,Bread_Whole,195,2.5,488.04,0,0,0,0
2022-08-16 00:00:00,Bread_Whole,207,2.5,517.77,0,0,0,0
2022-08-17 00:00:00,Bread_Whole,201,2.5,502.97,0,0,0,0
2022-08-18 00:00:00,Bread_Whole,193,2.5,483,0,0,0,0
2022-08-19 00:00:00,Bread_Whole,174,2.5,434.62,0,0,0,0
2022-08-20 00:00:00,Bread_Whole,189,2.5,472.34,0,0,1,0
2022-08-21 00:00:00,Bread_Whole,197,2.5,492.44,0,0,1,0
2022-08-22 00:00:00,Bread_Whole,172,2.5,429.45,0,0,0,0
2022-08-23 00:00:00,Bread_Whole,184,2.5,459.55,0,0,0,0
2022-08-24 00:00:00,Bread_Whole,199,2.5,497.52,0,0,0,0
2022-08-25 00:00:00,Bread_Whole,188,2.5,469.6,0,0,0,0
2022-08-26 00:00:00,Bread_Whole,194,2.5,484.61,0,0,0,0
2022-08-27 00:00:00,Bread_Whole,202,2.49,503.84,0,0,1,0
2022-08-28 00:00:00,Bread_Whole,191,2.5,477.15,0,0,1,0
2022-08-29 00:00:00,Bread_Whole,183,2.5,456.75,0,0,0,0
2022-08-30 00:00:00,Bread_Whole,186,2.5,464.55,0,0,0,0
2022-08-31 00:00:00,Bread_Whole,186,2.5,464.15,0,0,0,0
2022-09-01 00:00:00,Bread_Whole,212,2.5,528.94,0,0,0,0
2022-09-02 00:00:00,Bread_Whole,158,2.5,395.02,0,0,0,0
2022-09-03 00:00:00,Bread_Whole,200,2.5,499.09,0,0,1,0
2022-09-04 00:00:00,Bread_Whole,199,2.5,496.82,0,0,1,0
2022-09-05 00:00:00,Bread_Whole,195,2.5,486.69,0,1,0,0
2022-09-06 00:00:00,Bread_Whole,209,2.49,519.97,0,0,0,0
2022-09-07 00:00:00,Bread_Whole,201,2.49,500.38,0,0,0,0
2022-09-08 00:00:00,Bread_Whole,205,2.49,510.69,0,0,0,0
2022-09-09 00:00:00,Bread_Whole,172,2.49,428.41,0,0,0,0
2022-09-10 00:00:00,Bread_Whole,196,2.49,488.4,0,0,1,0
2022-09-11 00:00:00,Bread_Whole,165,2.49,411.11,0,0,1,0
2022-09-12 00:00:00,Bread_Whole,198,2.49,493.25,0,0,0,0
2022-09-13 00:00:00,Bread_Whole,210,2.49,522.79,0,0,0,0
2022-09-14 00:00:00,Bread_Whole,215,2.49,534.92,0,0,0,0
2022-09-15 00:00:00,Bread_Whole,199,2.49,495.47,0,0,0,0
2022-09-16 00:00:00,Bread_Whole,182,2.49,453.61,0,0,0,0
2022-09-17 00:00:00,Bread_Whole,185,2.49,461.33,0,0,1,0
2022-09-18 00:00:00,Bread_Whole,192,2.49,478.68,0,0,1,0
2022-09-19 00:00:00,Bread_Whole,182,2.49,453.75,0,0,0,0
2022-09-20 00:00:00,Bread_Whole,203,2.5,506.49,0,0,0,0
2022-09-21 00:00:00,Bread_Whole,188,2.5,469.45,0,0,0,0
2022-09-22 00:00:00,Bread_Whole,206,2.5,514.6,0,0,0,0
2022-09-23 00:00:00,Bread_Whole,195,2.5,487.19,0,0,0,0
2022-09-24 00:00:00,Bread_Whole,182,2.5,455.45,0,0,1,0
2022-09-25 00:00:00,Bread_Whole,183,2.51,458.52,0,0,1,0
2022-09-26 00:00:00,Bread_Whole,183,2.51,458.57,0,0,0,0
2022-09-27 00:00:00,Bread_Whole,199,2.5,497.9,0,0,0,0
2022-09-28 00:00:00,Bread_Whole,195,2.5,488.07,0,0,0,0
2022-09-29 00:00:00,Bread_Whole,199,2.5,497.48,0,0,0,0
2022-09-30 00:00:00,Bread_Whole,174,2.5,434.2,0,0,0,0
2022-10-01 00:00:00,Bread_Whole,174,2.49,434.09,0,0,1,0
2022-10-02 00:00:00,Bread_Whole,196,2.5,489.18,0,0,1,0
2022-10-03 00:00:00,Bread_Whole,169,2.5,422.36,0,0,0,0
2022-10-04 00:00:00,Bread_Whole,188,2.5,469.83,0,0,0,0
2022-10-05 00:00:00,Bread_Whole,210,2.5,524.19,0,0,0,0
2022-10-06 00:00:00,Bread_Whole,194,2.5,484.64,0,0,0,0
2022-10-07 00:00:00,Bread_Whole,182,2.49,453.86,0,0,0,0
2022-10-08 00:00:00,Bread_Whole,185,2.5,461.77,0,0,1,0
2022-10-09 00:00:00,Bread_Whole,197,2.49,491.41,0,0,1,0
2022-10-10 00:00:00,Bread_Whole,198,2.49,493.61,0,1,0,0
2022-10-11 00:00:00,Bread_Whole,187,2.5,466.91,0,0,0,0
2022-10-12 00:00:00,Bread_Whole,205,2.5,511.72,0,0,0,0
2022-10-13 00:00:00,Bread_Whole,199,2.5,497.47,0,0,0,0
2022-10-14 00:00:00,Bread_Whole,179,2.5,447.9,0,0,0,0
2022-10-15 00:00:00,Bread_Whole,226,2.34,528.96,1,0,1,0
2022-10-16 00:00:00,Bread_Whole,240,2.24,538.28,1,0,1,0
2022-10-17 00:00:00,Bread_Whole,235,2.34,550.11,1,0,0,0
2022-10-18 00:00:00,Bread_Whole,247,2.24,552.12,1,0,0,0
2022-10-19 00:00:00,Bread_Whole,252,2.36,594.98,1,0,0,0
2022-10-20 00:00:00,Bread_Whole,251,2.32,582.52,1,0,0,0
2022-10-21 00:00:00,Bread_Whole,181,2.52,455.36,0,0,0,0
2022-10-22 00:00:00,Bread_Whole,191,2.52,481.09,0,0,1,0
2022-10-23 00:00:00,Bread_Whole,206,2.52,518.48,0,0,1,0
2022-10-24 00:00:00,Bread_Whole,174,2.52,438.08,0,0,0,0
2022-10-25 00:00:00,Bread_Whole,201,2.51,505.17,0,0,0,0
2022-10-26 00:00:00,Bread_Whole,212,2.52,533.2,0,0,0,0
2022-10-27 00:00:00,Bread_Whole,204,2.52,513.41,0,0,0,0
2022-10-28 00:00:00,Bread_Whole,172,2.51,432.09,0,0,0,0
2022-10-29 00:00:00,Bread_Whole,159,2.52,400.21,0,0,1,0
2022-10-30 00:00:00,Bread_Whole,190,2.52,478.51,0,0,1,0
2022-10-31 00:00:00,Bread_Whole,177,2.52,445.57,0,0,0,0
2022-11-01 00:00:00,Bread_Whole,212,2.52,533.92,0,0,0,0
2022-11-02 00:00:00,Bread_Whole,267,2.31,617.69,1,0,0,0
2022-11-03 00:00:00,Bread_Whole,252,2.34,588.83,1,0,0,0
2022-11-04 00:00:00,Bread_Whole,228,2.29,521.35,1,0,0,0
2022-11-05 00:00:00,Bread_Whole,259,2.24,580.85,1,0,1,0
2022-11-06 00:00:00,Bread_Whole,253,2.26,572.24,1,0,1,0
2022-11-07 00:00:00,Bread_Whole,251,2.26,566.13,1,0,0,0
2022-11-08 00:00:00,Bread_Whole,181,2.52,456.63,0,0,0,0
2022-11-09 00:00:00,Bread_Whole,183,2.52,461.8,0,0,0,0
2022-11-10 00:00:00,Bread_Whole,200,2.52,504.33,0,0,0,0
2022-11-11 00:00:00,Bread_Whole,203,2.52,511.2,0,1,0,0
2022-11-12 00:00:00,Bread_Whole,189,2.52,475.83,0,0,1,0
2022-11-13 00:00:00,Bread_Whole,198,2.52,498.31,0,0,1,0
2022-11-14 00:00:00,Bread_Whole,197,2.51,495.37,0,0,0,0
2022-11-15 00:00:00,Bread_Whole,200,2.51,502.98,0,0,0,0
2022-11-16 00:00:00,Bread_Whole,195,2.52,490.65,0,0,0,0
2022-11-17 00:00:00,Bread_Whole,202,2.52,508.37,0,0,0,0
2022-11-18 00:00:00,Bread_Whole,184,2.52,463.53,0,0,0,0
2022-11-19 00:00:00,Bread_Whole,189,2.52,475.73,0,0,1,0
2022-11-20 00:00:00,Bread_Whole,202,2.52,508.1,0,0,1,0
2022-11-21 00:00:00,Bread_Whole,247,2.33,576.31,1,0,0,0
2022-11-22 00:00:00,Bread_Whole,263,2.25,590.7,1,0,0,0
2022-11-23 00:00:00,Bread_Whole,261,2.22,580.04,1,0,0,0
2022-11-24 00:00:00,Bread_Whole,275,2.34,643.86,1,1,0,0
2022-11-25 00:00:00,Bread_Whole,246,2.24,550.83,1,0,0,0
2022-11-26 00:00:00,Bread_Whole,242,2.34,565.9,1,0,1,0
2022-11-27 00:00:00,Bread_Whole,251,2.39,600.2,1,0,1,0
2022-11-28 00:00:00,Bread_Whole,198,2.52,498.86,0,0,0,0
2022-11-29 00:00:00,Bread_Whole,191,2.52,482.01,0,0,0,0
2022-11-30 00:00:00,Bread_Whole,194,2.53,490.45,0,0,0,0
2022-12-01 00:00:00,Bread_Whole,221,2.53,558.66,0,0,0,0
2022-12-02 00:00:00,Bread_Whole,195,2.53,493.58,0,0,0,0
2022-12-03 00:00:00,Bread_Whole,205,2.53,518.61,0,0,1,0
2022-12-04 00:00:00,Bread_Whole,198,2.53,500.82,0,0,1,0
2022-12-05 00:00:00,Bread_Whole,202,2.53,511.1,0,0,0,0
2022-12-06 00:00:00,Bread_Whole,213,2.53,538.94,0,0,0,0
2022-12-07 00:00:00,Bread_Whole,214,2.53,541.03,0,0,0,0
2022-12-08 00:00:00,Bread_Whole,215,2.53,543.43,0,0,0,0
2022-12-09 00:00:00,Bread_Whole,187,2.52,471.8,0,0,0,0
2022-12-10 00:00:00,Bread_Whole,208,2.52,524.39,0,0,1,0
2022-12-11 00:00:00,Bread_Whole,195,2.53,492.42,0,0,1,0
2022-12-12 00:00:00,Bread_Whole,200,2.52,504.81,0,0,0,0
2022-12-13 00:00:00,Bread_Whole,202,2.53,510.08,0,0,0,0
2022-12-14 00:00:00,Bread_Whole,209,2.52,527.36,0,0,0,0
2022-12-15 00:00:00,Bread_Whole,214,2.53,540.91,0,0,0,0
2022-12-16 00:00:00,Bread_Whole,196,2.53,494.92,0,0,0,0
2022-12-17 00:00:00,Bread_Whole,181,2.52,456.83,0,0,1,0
2022-12-18 00:00:00,Bread_Whole,264,2.28,601.09,1,0,1,0
2022-12-19 00:00:00,Bread_Whole,246,2.3,566.03,1,0,0,0
2022-12-20 00:00:00,Bread_Whole,246,2.28,560.01,1,0,0,0
2022-12-21 00:00:00,Bread_Whole,243,2.25,547.2,1,0,0,0
2022-12-22 00:00:00,Bread_Whole,246,2.28,561.45,1,0,0,0
2022-12-23 00:00:00,Bread_Whole,254,2.36,598.23,1,0,0,0
2022-12-24 00:00:00,Bread_Whole,243,2.3,558.13,1,0,1,0
2022-12-25 00:00:00,Bread_Whole,247,2.26,558.04,1,0,1,0
2022-12-26 00:00:00,Bread_Whole,275,2.29,629.39,1,1,0,0
2022-12-27 00:00:00,Bread_Whole,265,2.27,601.07,1,0,0,0
2022-12-28 00:00:00,Bread_Whole,281,2.35,660.47,1,0,0,0
2022-12-29 00:00:00,Bread_Whole,274,2.3,629.55,1,0,0,0
2022-12-30 00:00:00,Bread_Whole,232,2.31,534.93,1,0,0,0
2022-12-31 00:00:00,Bread_Whole,268,2.3,617.03,1,0,1,0
2023-01-01 00:00:00,Bread_Whole,207,2.51,519.22,0,0,1,0
2023-01-02 00:00:00,Bread_Whole,220,2.51,551.27,0,1,0,0
2023-01-03 00:00:00,Bread_Whole,217,2.51,543.8,0,0,0,0
2023-01-04 00:00:00,Bread_Whole,228,2.5,571,0,0,0,0
2023-01-05 00:00:00,Bread_Whole,216,2.51,541.16,0,0,0,0
2023-01-06 00:00:00,Bread_Whole,190,2.51,476.34,0,0,0,0
2023-01-07 00:00:00,Bread_Whole,205,2.51,514.24,0,0,1,0
2023-01-08 00:00:00,Bread_Whole,207,2.51,519.4,0,0,1,0
2023-01-09 00:00:00,Bread_Whole,208,2.51,522.58,0,0,0,0
2023-01-10 00:00:00,Bread_Whole,207,2.51,520.45,0,0,0,0
2023-01-11 00:00:00,Bread_Whole,223,2.51,560.64,0,0,0,0
2023-01-12 00:00:00,Bread_Whole,191,2.51,479.98,0,0,0,0
2023-01-13 00:00:00,Bread_Whole,211,2.51,530.02,0,0,0,0
2023-01-14 00:00:00,Bread_Whole,232,2.51,582.92,0,0,1,0
2023-01-15 00:00:00,Bread_Whole,219,2.51,550.3,0,0,1,0
2023-01-16 00:00:00,Bread_Whole,232,2.51,582.08,0,1,0,0
2023-01-17 00:00:00,Bread_Whole,225,2.51,564.32,0,0,0,0
2023-01-18 00:00:00,Bread_Whole,224,2.51,561.66,0,0,0,0
2023-01-19 00:00:00,Bread_Whole,194,2.51,486.89,0,0,0,0
2023-01-20 00:00:00,Bread_Whole,214,2.51,536.92,0,0,0,0
2023-01-21 00:00:00,Bread_Whole,221,2.51,554.44,0,0,1,0
2023-01-22 00:00:00,Bread_Whole,207,2.51,518.98,0,0,1,0
2023-01-23 00:00:00,Bread_Whole,225,2.51,564.62,0,0,0,0
2023-01-24 00:00:00,Bread_Whole,228,2.51,572.11,0,0,0,0
2023-01-25 00:00:00,Bread_Whole,235,2.51,590.25,0,0,0,0
2023-01-26 00:00:00,Bread_Whole,228,2.52,573.7,0,0,0,0
2023-01-27 00:00:00,Bread_Whole,214,2.52,539,0,0,0,0
2023-01-28 00:00:00,Bread_Whole,215,2.52,541.2,0,0,1,0
2023-01-29 00:00:00,Bread_Whole,208,2.52,523.97,0,0,1,0
2023-01-30 00:00:00,Bread_Whole,213,2.52,537.08,0,0,0,0
2023-01-31 00:00:00,Bread_Whole,236,2.52,595.15,0,0,0,0
2023-02-01 00:00:00,Bread_Whole,234,2.52,590.01,0,0,0,0
2023-02-02 00:00:00,Bread_Whole,226,2.52,568.81,0,0,0,0
2023-02-03 00:00:00,Bread_Whole,198,2.52,498.45,0,0,0,0
2023-02-04 00:00:00,Bread_Whole,220,2.52,554.3,0,0,1,0
2023-02-05 00:00:00,Bread_Whole,210,2.52,529.55,0,0,1,0
2023-02-06 00:00:00,Bread_Whole,220,2.52,554.19,0,0,0,0
2023-02-07 00:00:00,Bread_Whole,233,2.52,587.58,0,0,0,0
2023-02-08 00:00:00,Bread_Whole,215,2.53,542.9,0,0,0,0
2023-02-09 00:00:00,Bread_Whole,211,2.52,532.03,0,0,0,0
2023-02-10 00:00:00,Bread_Whole,204,2.52,514.23,0,0,0,0
2023-02-11 00:00:00,Bread_Whole,203,2.52,511.3,0,0,1,0
2023-02-12 00:00:00,Bread_Whole,227,2.52,571.81,0,0,1,0
2023-02-13 00:00:00,Bread_Whole,210,2.53,530.62,0,0,0,0
2023-02-14 00:00:00,Bread_Whole,238,2.53,600.98,0,0,0,0
2023-02-15 00:00:00,Bread_Whole,235,2.52,593.36,0,0,0,0
2023-02-16 00:00:00,Bread_Whole,217,2.52,547.72,0,0,0,0
2023-02-17 00:00:00,Bread_Whole,216,2.52,544.68,0,0,0,0
2023-02-18 00:00:00,Bread_Whole,202,2.52,509.69,0,0,1,0
2023-02-19 00:00:00,Bread_Whole,222,2.52,559.93,0,0,1,0
2023-02-20 00:00:00,Bread_Whole,246,2.52,620.09,0,1,0,0
2023-02-21 00:00:00,Bread_Whole,229,2.52,577,0,0,0,0
2023-02-22 00:00:00,Bread_Whole,241,2.52,606.26,0,0,0,0
2023-02-23 00:00:00,Bread_Whole,215,2.52,541.43,0,0,0,0
2023-02-24 00:00:00,Bread_Whole,224,2.52,564,0,0,0,0
2023-02-25 00:00:00,Bread_Whole,211,2.52,531.3,0,0,1,0
2023-02-26 00:00:00,Bread_Whole,204,2.52,513.34,0,0,1,0
2023-02-27 00:00:00,Bread_Whole,211,2.52,530.7,0,0,0,0
2023-02-28 00:00:00,Bread_Whole,228,2.51,573.1,0,0,0,0
2023-03-01 00:00:00,Bread_Whole,238,2.51,596.7,0,0,0,0
2023-03-02 00:00:00,Bread_Whole,220,2.5,550.71,0,0,0,0
2023-03-03 00:00:00,Bread_Whole,202,2.5,505.62,0,0,0,0
2023-03-04 00:00:00,Bread_Whole,222,2.5,554.81,0,0,1,0
2023-03-05 00:00:00,Bread_Whole,220,2.5,549.34,0,0,1,0
2023-03-06 00:00:00,Bread_Whole,225,2.5,562.27,0,0,0,0
2023-03-07 00:00:00,Bread_Whole,226,2.5,564.79,0,0,0,0
2023-03-08 00:00:00,Bread_Whole,224,2.5,559.98,0,0,0,0
2023-03-09 00:00:00,Bread_Whole,231,2.5,577.84,0,0,0,0
2023-03-10 00:00:00,Bread_Whole,207,2.5,518.23,0,0,0,0
2023-03-11 00:00:00,Bread_Whole,227,2.51,569.16,0,0,1,0
2023-03-12 00:00:00,Bread_Whole,230,2.51,576.49,0,0,1,0
2023-03-13 00:00:00,Bread_Whole,206,2.5,515.46,0,0,0,0
2023-03-14 00:00:00,Bread_Whole,242,2.5,605.8,0,0,0,0
2023-03-15 00:00:00,Bread_Whole,232,2.5,580.51,0,0,0,0
2023-03-16 00:00:00,Bread_Whole,240,2.51,601.97,0,0,0,0
2023-03-17 00:00:00,Bread_Whole,263,2.36,619.73,1,0,0,0
2023-03-18 00:00:00,Bread_Whole,250,2.31,577.47,1,0,1,0
2023-03-19 00:00:00,Bread_Whole,262,2.35,614.58,1,0,1,0
2023-03-20 00:00:00,Bread_Whole,268,2.35,629.35,1,0,0,0
2023-03-21 00:00:00,Bread_Whole,283,2.33,658.9,1,0,0,0
2023-03-22 00:00:00,Bread_Whole,292,2.33,681.03,1,0,0,0
2023-03-23 00:00:00,Bread_Whole,243,2.52,611.3,0,0,0,0
2023-03-24 00:00:00,Bread_Whole,216,2.51,542.75,0,0,0,0
2023-03-25 00:00:00,Bread_Whole,222,2.51,557.6,0,0,1,0
2023-03-26 00:00:00,Bread_Whole,222,2.51,556.75,0,0,1,0
2023-03-27 00:00:00,Bread_Whole,206,2.51,516.52,0,0,0,0
2023-03-28 00:00:00,Bread_Whole,227,2.51,568.7,0,0,0,0
2023-03-29 00:00:00,Bread_Whole,242,2.51,607.29,0,0,0,0
2023-03-30 00:00:00,Bread_Whole,236,2.51,592.66,0,0,0,0
2023-03-31 00:00:00,Bread_Whole,220,2.51,552.1,0,0,0,0
2023-04-01 00:00:00,Bread_Whole,229,2.51,574.46,0,0,1,0
2023-04-02 00:00:00,Bread_Whole,213,2.51,534.34,0,0,1,0
2023-04-03 00:00:00,Bread_Whole,224,2.51,562.44,0,0,0,0
2023-04-04 00:00:00,Bread_Whole,232,2.51,583.31,0,0,0,0
2023-04-05 00:00:00,Bread_Whole,229,2.51,574.82,0,0,0,0
2023-04-06 00:00:00,Bread_Whole,235,2.51,589.75,0,0,0,0
2023-04-07 00:00:00,Bread_Whole,201,2.51,504.02,0,0,0,0
2023-04-08 00:00:00,Bread_Whole,230,2.51,577.05,0,0,1,0
2023-04-09 00:00:00,Bread_Whole,219,2.51,548.65,0,0,1,0
2023-04-10 00:00:00,Bread_Whole,233,2.51,584.37,0,0,0,0
2023-04-11 00:00:00,Bread_Whole,237,2.51,594.41,0,0,0,0
2023-04-12 00:00:00,Bread_Whole,228,2.51,571.82,0,0,0,0
2023-04-13 00:00:00,Bread_Whole,236,2.51,591.86,0,0,0,0
2023-04-14 00:00:00,Bread_Whole,209,2.5,523.23,0,0,0,0
2023-04-15 00:00:00,Bread_Whole,217,2.51,543.83,0,0,1,0
2023-04-16 00:00:00,Bread_Whole,234,2.51,586.93,0,0,1,0
2023-04-17 00:00:00,Bread_Whole,230,2.5,575.93,0,0,0,0
2023-04-18 00:00:00,Bread_Whole,233,2.5,582.6,0,0,0,0
2023-04-19 00:00:00,Bread_Whole,249,2.5,622.3,0,0,0,0
2023-04-20 00:00:00,Bread_Whole,238,2.5,595.1,0,0,0,0
2023-04-21 00:00:00,Bread_Whole,226,2.5,564.45,0,0,0,0
2023-04-22 00:00:00,Bread_Whole,208,2.5,520.01,0,0,1,0
2023-04-23 00:00:00,Bread_Whole,237,2.5,592.81,0,0,1,0
2023-04-24 00:00:00,Bread_Whole,224,2.5,559.79,0,0,0,0
2023-04-25 00:00:00,Bread_Whole,232,2.5,579.59,0,0,0,0
2023-04-26 00:00:00,Bread_Whole,232,2.5,579.51,0,0,0,0
2023-04-27 00:00:00,Bread_Whole,210,2.5,524.08,0,0,0,0
2023-04-28 00:00:00,Bread_Whole,196,2.5,489.06,0,0,0,0
2023-04-29 00:00:00,Bread_Whole,235,2.5,587.62,0,0,1,0
2023-04-30 00:00:00,Bread_Whole,208,2.5,520.23,0,0,1,0
2023-05-01 00:00:00,Bread_Whole,202,2.5,504.96,0,0,0,0
2023-05-02 00:00:00,Bread_Whole,232,2.5,579.55,0,0,0,0
2023-05-03 00:00:00,Bread_Whole,245,2.49,611.03,0,0,0,0
2023-05-04 00:00:00,Bread_Whole,229,2.5,572.18,0,0,0,0
2023-05-05 00:00:00,Bread_Whole,234,2.5,584.51,0,0,0,0
2023-05-06 00:00:00,Bread_Whole,215,2.5,536.92,0,0,1,0
2023-05-07 00:00:00,Bread_Whole,213,2.5,532.76,0,0,1,0
2023-05-08 00:00:00,Bread_Whole,246,2.5,615.35,0,0,0,0
2023-05-09 00:00:00,Bread_Whole,241,2.5,603.12,0,0,0,0
2023-05-10 00:00:00,Bread_Whole,230,2.5,575.87,0,0,0,0
2023-05-11 00:00:00,Bread_Whole,209,2.5,522.8,0,0,0,0
2023-05-12 00:00:00,Bread_Whole,199,2.5,497.09,0,0,0,0
2023-05-13 00:00:00,Bread_Whole,220,2.49,548.23,0,0,1,0
2023-05-14 00:00:00,Bread_Whole,233,2.49,579.91,0,0,1,0
2023-05-15 00:00:00,Bread_Whole,224,2.49,557.33,0,0,0,0
2023-05-16 00:00:00,Bread_Whole,283,2.34,663.53,1,0,0,0
2023-05-17 00:00:00,Bread_Whole,263,2.2,577.89,1,0,0,0
2023-05-18 00:00:00,Bread_Whole,272,2.24,609.77,1,0,0,0
2023-05-19 00:00:00,Bread_Whole,267,2.23,596.45,1,0,0,0
2023-05-20 00:00:00,Bread_Whole,254,2.33,591.8,1,0,1,0
2023-05-21 00:00:00,Bread_Whole,272,2.25,611.37,1,0,1,0
2023-05-22 00:00:00,Bread_Whole,227,2.5,567.22,0,0,0,0
2023-05-23 00:00:00,Bread_Whole,250,2.5,623.86,0,0,0,0
2023-05-24 00:00:00,Bread_Whole,245,2.49,610.72,0,0,0,0
2023-05-25 00:00:00,Bread_Whole,230,2.49,573.74,0,0,0,0
2023-05-26 00:00:00,Bread_Whole,198,2.5,494.83,0,0,0,0
2023-05-27 00:00:00,Bread_Whole,195,2.49,486.35,0,0,1,0
2023-05-28 00:00:00,Bread_Whole,216,2.49,538.62,0,0,1,0
2023-05-29 00:00:00,Bread_Whole,229,2.49,570.18,0,1,0,0
2023-05-30 00:00:00,Bread_Whole,228,2.49,567.71,0,0,0,0
2023-05-31 00:00:00,Bread_Whole,237,2.49,590.32,0,0,0,0
2023-06-01 00:00:00,Bread_Whole,239,2.49,594.84,0,0,0,0
2023-06-02 00:00:00,Bread_Whole,215,2.49,536.31,0,0,0,0
2023-06-03 00:00:00,Bread_Whole,224,2.49,558.73,0,0,1,0
2023-06-04 00:00:00,Bread_Whole,230,2.5,574.01,0,0,1,0
2023-06-05 00:00:00,Bread_Whole,202,2.5,504.39,0,0,0,0
2023-06-06 00:00:00,Bread_Whole,213,2.5,531.93,0,0,0,0
2023-06-07 00:00:00,Bread_Whole,228,2.49,568.47,0,0,0,0
2023-06-08 00:00:00,Bread_Whole,208,2.49,518.81,0,0,0,0
2023-06-09 00:00:00,Bread_Whole,218,2.49,543.8,0,0,0,0
2023-06-10 00:00:00,Bread_Whole,231,2.5,576.66,0,0,1,0
2023-06-11 00:00:00,Bread_Whole,217,2.49,541.27,0,0,1,0
2023-06-12 00:00:00,Bread_Whole,212,2.5,529.1,0,0,0,0
2023-06-13 00:00:00,Bread_Whole,214,2.49,533.65,0,0,0,0
2023-06-14 00:00:00,Bread_Whole,224,2.49,558.45,0,0,0,0
2023-06-15 00:00:00,Bread_Whole,210,2.49,523.82,0,0,0,0
2023-06-16 00:00:00,Bread_Whole,201,2.49,500.96,0,0,0,0
2023-06-17 00:00:00,Bread_Whole,197,2.5,491.9,0,0,1,0
2023-06-18 00:00:00,Bread_Whole,219,2.49,545.98,0,0,1,0
2023-06-19 00:00:00,Bread_Whole,240,2.49,598.61,0,1,0,0
2023-06-20 00:00:00,Bread_Whole,222,2.5,554.08,0,0,0,0
2023-06-21 00:00:00,Bread_Whole,233,2.5,581.79,0,0,0,0
2023-06-22 00:00:00,Bread_Whole,235,2.5,586.86,0,0,0,0
2023-06-23 00:00:00,Bread_Whole,212,2.5,529.65,0,0,0,0
2023-06-24 00:00:00,Bread_Whole,214,2.5,534.67,0,0,1,0
2023-06-25 00:00:00,Bread_Whole,211,2.5,527.48,0,0,1,0
2023-06-26 00:00:00,Bread_Whole,229,2.5,571.85,0,0,0,0
2023-06-27 00:00:00,Bread_Whole,213,2.5,531.54,0,0,0,0
2023-06-28 00:00:00,Bread_Whole,222,2.5,554.31,0,0,0,0
2023-06-29 00:00:00,Bread_Whole,210,2.5,524.41,0,0,0,0
2023-06-30 00:00:00,Bread_Whole,201,2.49,500.94,0,0,0,0
2023-07-01 00:00:00,Bread_Whole,223,2.5,556.86,0,0,1,0
2023-07-02 00:00:00,Bread_Whole,212,2.5,530.07,0,0,1,0
2023-07-03 00:00:00,Bread_Whole,192,2.5,479.84,0,0,0,0
2023-07-04 00:00:00,Bread_Whole,239,2.5,597.02,0,1,0,0
2023-07-05 00:00:00,Bread_Whole,238,2.5,594.27,0,0,0,0
2023-07-06 00:00:00,Bread_Whole,207,2.5,516.72,0,0,0,0
2023-07-07 00:00:00,Bread_Whole,207,2.5,516.82,0,0,0,0
2023-07-08 00:00:00,Bread_Whole,200,2.5,499.24,0,0,1,0
2023-07-09 00:00:00,Bread_Whole,210,2.5,524.01,0,0,1,0
2023-07-10 00:00:00,Bread_Whole,202,2.5,504.05,0,0,0,0
2023-07-11 00:00:00,Bread_Whole,200,2.49,498.62,0,0,0,0
2023-07-12 00:00:00,Bread_Whole,241,2.49,600.13,0,0,0,0
2023-07-13 00:00:00,Bread_Whole,193,2.49,480.36,0,0,0,0
2023-07-14 00:00:00,Bread_Whole,190,2.49,473.44,0,0,0,0
2023-07-15 00:00:00,Bread_Whole,214,2.49,533.17,0,0,1,0
2023-07-16 00:00:00,Bread_Whole,203,2.49,506.16,0,0,1,0
2023-07-17 00:00:00,Bread_Whole,202,2.49,503.26,0,0,0,0
2023-07-18 00:00:00,Bread_Whole,222,2.49,552.85,0,0,0,0
2023-07-19 00:00:00,Bread_Whole,216,2.49,538.56,0,0,0,0
2023-07-20 00:00:00,Bread_Whole,212,2.5,529.18,0,0,0,0
2023-07-21 00:00:00,Bread_Whole,221,2.22,490.91,1,0,0,0
2023-07-22 00:00:00,Bread_Whole,260,2.34,607.21,1,0,1,0
2023-07-23 00:00:00,Bread_Whole,252,2.2,553.48,1,0,1,0
2023-07-24 00:00:00,Bread_Whole,270,2.22,598.16,1,0,0,0
2023-07-25 00:00:00,Bread_Whole,284,2.26,642.61,1,0,0,0
2023-07-26 00:00:00,Bread_Whole,251,2.21,554.53,1,0,0,0
2023-07-27 00:00:00,Bread_Whole,202,2.49,503.46,0,0,0,0
2023-07-28 00:00:00,Bread_Whole,199,2.49,496.02,0,0,0,0
2023-07-29 00:00:00,Bread_Whole,214,2.49,533.74,0,0,1,0
2023-07-30 00:00:00,Bread_Whole,212,2.49,528.85,0,0,1,0
2023-07-31 00:00:00,Bread_Whole,192,2.49,479.03,0,0,0,0
2023-08-01 00:00:00,Bread_Whole,193,2.5,481.86,0,0,0,0
2023-08-02 00:00:00,Bread_Whole,215,2.5,537.04,0,0,0,0
2023-08-03 00:00:00,Bread_Whole,208,2.49,518.84,0,0,0,0
2023-08-04 00:00:00,Bread_Whole,183,2.49,456.38,0,0,0,0
2023-08-05 00:00:00,Bread_Whole,199,2.49,496.16,0,0,1,0
2023-08-06 00:00:00,Bread_Whole,183,2.5,456.75,0,0,1,0
2023-08-07 00:00:00,Bread_Whole,197,2.5,491.87,0,0,0,0
2023-08-08 00:00:00,Bread_Whole,222,2.49,553.83,0,0,0,0
2023-08-09 00:00:00,Bread_Whole,202,2.5,504.32,0,0,0,0
2023-08-10 00:00:00,Bread_Whole,205,2.5,511.71,0,0,0,0
2023-08-11 00:00:00,Bread_Whole,179,2.5,446.61,0,0,0,0
2023-08-12 00:00:00,Bread_Whole,181,2.5,451.62,0,0,1,0
2023-08-13 00:00:00,Bread_Whole,189,2.5,472.46,0,0,1,0
2023-08-14 00:00:00,Bread_Whole,209,2.5,522.33,0,0,0,0
2023-08-15 00:00:00,Bread_Whole,217,2.5,542.84,0,0,0,0
2023-08-16 00:00:00,Bread_Whole,206,2.5,515.6,0,0,0,0
2023-08-17 00:00:00,Bread_Whole,217,2.5,543.48,0,0,0,0
2023-08-18 00:00:00,Bread_Whole,201,2.5,503.42,0,0,0,0
2023-08-19 00:00:00,Bread_Whole,174,2.5,435.55,0,0,1,0
2023-08-20 00:00:00,Bread_Whole,197,2.5,492.6,0,0,1,0
2023-08-21 00:00:00,Bread_Whole,191,2.5,477.7,0,0,0,0
2023-08-22 00:00:00,Bread_Whole,213,2.5,532.56,0,0,0,0
2023-08-23 00:00:00,Bread_Whole,215,2.49,536.31,0,0,0,0
2023-08-24 00:00:00,Bread_Whole,191,2.5,477.38,0,0,0,0
2023-08-25 00:00:00,Bread_Whole,186,2.5,465,0,0,0,0
2023-08-26 00:00:00,Bread_Whole,196,2.5,489.82,0,0,1,0
2023-08-27 00:00:00,Bread_Whole,200,2.5,499.77,0,0,1,0
2023-08-28 00:00:00,Bread_Whole,197,2.5,492.11,0,0,0,0
2023-08-29 00:00:00,Bread_Whole,205,2.5,512.27,0,0,0,0
2023-08-30 00:00:00,Bread_Whole,210,2.5,524.85,0,0,0,0
2023-08-31 00:00:00,Bread_Whole,192,2.5,480.11,0,0,0,0
2023-09-01 00:00:00,Bread_Whole,250,2.22,555.34,1,0,0,0
2023-09-02 00:00:00,Bread_Whole,220,2.28,501.95,1,0,1,0
2023-09-03 00:00:00,Bread_Whole,247,2.35,581.18,1,0,1,0
2023-09-04 00:00:00,Bread_Whole,263,2.3,604.63,1,1,0,0
2023-09-05 00:00:00,Bread_Whole,259,2.34,606.01,1,0,0,0
2023-09-06 00:00:00,Bread_Whole,263,2.21,580.29,1,0,0,0
2023-09-07 00:00:00,Bread_Whole,190,2.49,473.06,0,0,0,0
2023-09-08 00:00:00,Bread_Whole,171,2.49,425.23,0,0,0,0
2023-09-09 00:00:00,Bread_Whole,191,2.49,474.7,0,0,1,0
2023-09-10 00:00:00,Bread_Whole,199,2.49,494.55,0,0,1,0
2023-09-11 00:00:00,Bread_Whole,193,2.49,480.2,0,0,0,0
2023-09-12 00:00:00,Bread_Whole,185,2.49,459.85,0,0,0,0
2023-09-13 00:00:00,Bread_Whole,216,2.49,537.51,0,0,0,0
2023-09-14 00:00:00,Bread_Whole,196,2.49,488.07,0,0,0,0
2023-09-15 00:00:00,Bread_Whole,169,2.49,420.97,0,0,0,0
2023-09-16 00:00:00,Bread_Whole,188,2.49,468.53,0,0,1,0
2023-09-17 00:00:00,Bread_Whole,205,2.49,510.77,0,0,1,0
2023-09-18 00:00:00,Bread_Whole,182,2.49,453.64,0,0,0,0
2023-09-19 00:00:00,Bread_Whole,210,2.49,523.1,0,0,0,0
2023-09-20 00:00:00,Bread_Whole,209,2.49,520.36,0,0,0,0
2023-09-21 00:00:00,Bread_Whole,190,2.49,472.36,0,0,0,0
2023-09-22 00:00:00,Bread_Whole,192,2.48,476.42,0,0,0,0
2023-09-23 00:00:00,Bread_Whole,194,2.48,481.48,0,0,1,0
2023-09-24 00:00:00,Bread_Whole,188,2.48,467.09,0,0,1,0
2023-09-25 00:00:00,Bread_Whole,194,2.48,480.91,0,0,0,0
2023-09-26 00:00:00,Bread_Whole,206,2.48,511.19,0,0,0,0
2023-09-27 00:00:00,Bread_Whole,191,2.49,474.88,0,0,0,0
2023-09-28 00:00:00,Bread_Whole,194,2.49,482.52,0,0,0,0
2023-09-29 00:00:00,Bread_Whole,178,2.48,441.44,0,0,0,0
2023-09-30 00:00:00,Bread_Whole,190,2.48,470.99,0,0,1,0
2023-10-01 00:00:00,Bread_Whole,205,2.48,507.86,0,0,1,0
2023-10-02 00:00:00,Bread_Whole,171,2.48,423.78,0,0,0,0
2023-10-03 00:00:00,Bread_Whole,198,2.48,490.8,0,0,0,0
2023-10-04 00:00:00,Bread_Whole,202,2.48,501.05,0,0,0,0
2023-10-05 00:00:00,Bread_Whole,205,2.48,508.36,0,0,0,0
2023-10-06 00:00:00,Bread_Whole,194,2.48,481.5,0,0,0,0
2023-10-07 00:00:00,Bread_Whole,184,2.48,456.34,0,0,1,0
2023-10-08 00:00:00,Bread_Whole,201,2.48,498.8,0,0,1,0
2023-10-09 00:00:00,Bread_Whole,257,2.34,601.05,1,1,0,0
2023-10-10 00:00:00,Bread_Whole,263,2.32,610.07,1,0,0,0
2023-10-11 00:00:00,Bread_Whole,264,2.24,591.41,1,0,0,0
2023-10-12 00:00:00,Bread_Whole,241,2.35,565.46,1,0,0,0
2023-10-13 00:00:00,Bread_Whole,228,2.33,531,1,0,0,0
2023-10-14 00:00:00,Bread_Whole,245,2.23,545.61,1,0,1,0
2023-10-15 00:00:00,Bread_Whole,199,2.48,493.92,0,0,1,0
2023-10-16 00:00:00,Bread_Whole,188,2.48,467.05,0,0,0,0
2023-10-17 00:00:00,Bread_Whole,209,2.49,519.95,0,0,0,0
2023-10-18 00:00:00,Bread_Whole,210,2.48,521.84,0,0,0,0
2023-10-19 00:00:00,Bread_Whole,200,2.49,497.04,0,0,0,0
2023-10-20 00:00:00,Bread_Whole,179,2.48,444.71,0,0,0,0
2023-10-21 00:00:00,Bread_Whole,190,2.48,472.08,0,0,1,0
2023-10-22 00:00:00,Bread_Whole,191,2.49,474.75,0,0,1,0
2023-10-23 00:00:00,Bread_Whole,201,2.48,499.36,0,0,0,0
2023-10-24 00:00:00,Bread_Whole,206,2.48,511.01,0,0,0,0
2023-10-25 00:00:00,Bread_Whole,219,2.48,543.71,0,0,0,0
2023-10-26 00:00:00,Bread_Whole,214,2.48,531.52,0,0,0,0
2023-10-27 00:00:00,Bread_Whole,186,2.49,462.44,0,0,0,0
2023-10-28 00:00:00,Bread_Whole,186,2.49,462.28,0,0,1,0
2023-10-29 00:00:00,Bread_Whole,190,2.49,472.4,0,0,1,0
2023-10-30 00:00:00,Bread_Whole,199,2.49,495.19,0,0,0,0
2023-10-31 00:00:00,Bread_Whole,210,2.48,521.79,0,0,0,0
2023-11-01 00:00:00,Bread_Whole,186,2.48,462.21,0,0,0,0
2023-11-02 00:00:00,Bread_Whole,195,2.48,484.02,0,0,0,0
2023-11-03 00:00:00,Bread_Whole,188,2.48,466.59,0,0,0,0
2023-11-04 00:00:00,Bread_Whole,184,2.48,456.47,0,0,1,0
2023-11-05 00:00:00,Bread_Whole,173,2.48,429.06,0,0,1,0
2023-11-06 00:00:00,Bread_Whole,188,2.48,466.09,0,0,0,0
2023-11-07 00:00:00,Bread_Whole,209,2.48,518.2,0,0,0,0
2023-11-08 00:00:00,Bread_Whole,207,2.48,513.13,0,0,0,0
2023-11-09 00:00:00,Bread_Whole,191,2.48,472.83,0,0,0,0
2023-11-10 00:00:00,Bread_Whole,211,2.48,522.42,0,1,0,0
2023-11-11 00:00:00,Bread_Whole,202,2.48,500.96,0,0,1,0
2023-11-12 00:00:00,Bread_Whole,235,2.28,534.73,1,0,1,0
2023-11-13 00:00:00,Bread_Whole,236,2.24,529.21,1,0,0,0
2023-11-14 00:00:00,Bread_Whole,257,2.24,575.08,1,0,0,0
2023-11-15 00:00:00,Bread_Whole,279,2.23,622.67,1,0,0,0
2023-11-16 00:00:00,Bread_Whole,253,2.27,573.22,1,0,0,0
2023-11-17 00:00:00,Bread_Whole,214,2.31,495.26,1,0,0,0
2023-11-18 00:00:00,Bread_Whole,204,2.47,504.79,0,0,1,0
2023-11-19 00:00:00,Bread_Whole,199,2.48,493.07,0,0,1,0
2023-11-20 00:00:00,Bread_Whole,228,2.25,512.88,1,0,0,0
2023-11-21 00:00:00,Bread_Whole,267,2.27,606.23,1,0,0,0
2023-11-22 00:00:00,Bread_Whole,247,2.35,579.67,1,0,0,0
2023-11-23 00:00:00,Bread_Whole,275,2.27,624.94,1,1,0,0
2023-11-24 00:00:00,Bread_Whole,235,2.26,531.56,1,0,0,0
2023-11-25 00:00:00,Bread_Whole,252,2.22,560.16,1,0,1,0
2023-11-26 00:00:00,Bread_Whole,252,2.35,592.77,1,0,1,0
2023-11-27 00:00:00,Bread_Whole,180,2.49,448.84,0,0,0,0
2023-11-28 00:00:00,Bread_Whole,209,2.5,522.11,0,0,0,0
2023-11-29 00:00:00,Bread_Whole,209,2.5,522.57,0,0,0,0
2023-11-30 00:00:00,Bread_Whole,195,2.5,487.25,0,0,0,0
2023-12-01 00:00:00,Bread_Whole,209,2.5,521.96,0,0,0,0
2023-12-02 00:00:00,Bread_Whole,200,2.5,499.79,0,0,1,0
2023-12-03 00:00:00,Bread_Whole,196,2.5,490.48,0,0,1,0
2023-12-04 00:00:00,Bread_Whole,211,2.5,527.86,0,0,0,0
2023-12-05 00:00:00,Bread_Whole,220,2.5,550.85,0,0,0,0
2023-12-06 00:00:00,Bread_Whole,216,2.51,541.29,0,0,0,0
2023-12-07 00:00:00,Bread_Whole,203,2.51,509.13,0,0,0,0
2023-12-08 00:00:00,Bread_Whole,207,2.5,518.51,0,0,0,0
2023-12-09 00:00:00,Bread_Whole,194,2.5,485.81,0,0,1,0
2023-12-10 00:00:00,Bread_Whole,209,2.5,523.24,0,0,1,0
2023-12-11 00:00:00,Bread_Whole,204,2.5,510.19,0,0,0,0
2023-12-12 00:00:00,Bread_Whole,204,2.5,510.28,0,0,0,0
2023-12-13 00:00:00,Bread_Whole,213,2.5,532.59,0,0,0,0
2023-12-14 00:00:00,Bread_Whole,213,2.5,531.69,0,0,0,0
2023-12-15 00:00:00,Bread_Whole,201,2.5,501.74,0,0,0,0
2023-12-16 00:00:00,Bread_Whole,203,2.49,506.44,0,0,1,0
2023-12-17 00:00:00,Bread_Whole,240,2.21,530.06,1,0,1,0
2023-12-18 00:00:00,Bread_Whole,264,2.24,591.86,1,0,0,0
2023-12-19 00:00:00,Bread_Whole,275,2.25,619.41,1,0,0,0
2023-12-20 00:00:00,Bread_Whole,270,2.34,632.53,1,0,0,0
2023-12-21 00:00:00,Bread_Whole,268,2.2,590.67,1,0,0,0
2023-12-22 00:00:00,Bread_Whole,245,2.34,572.88,1,0,0,0
2023-12-23 00:00:00,Bread_Whole,258,2.25,581.09,1,0,1,0
2023-12-24 00:00:00,Bread_Whole,251,2.27,568.53,1,0,1,0
2023-12-25 00:00:00,Bread_Whole,286,2.29,656.07,1,1,0,0
2023-12-26 00:00:00,Bread_Whole,260,2.27,589.74,1,0,0,0
2023-12-27 00:00:00,Bread_Whole,260,2.26,588.72,1,0,0,0
2023-12-28 00:00:00,Bread_Whole,271,2.27,614.88,1,0,0,0
2023-12-29 00:00:00,Bread_Whole,269,2.22,598.5,1,0,0,0
2023-12-30 00:00:00,Bread_Whole,267,2.22,592.28,1,0,1,0
2023-12-31 00:00:00,Bread_Whole,260,2.32,604.15,1,0,1,0
2024-01-01 00:00:00,Bread_Whole,217,2.5,543.49,0,1,0,0
2024-01-02 00:00:00,Bread_Whole,209,2.51,524.79,0,0,0,0
2024-01-03 00:00:00,Bread_Whole,233,2.51,585.84,0,0,0,0
2024-01-04 00:00:00,Bread_Whole,223,2.52,561.43,0,0,0,0
2024-01-05 00:00:00,Bread_Whole,202,2.52,508.5,0,0,0,0
2024-01-06 00:00:00,Bread_Whole,205,2.52,516.07,0,0,1,0
2024-01-07 00:00:00,Bread_Whole,215,2.52,541.07,0,0,1,0
2024-01-08 00:00:00,Bread_Whole,216,2.51,543.09,0,0,0,0
2024-01-09 00:00:00,Bread_Whole,228,2.51,572.79,0,0,0,0
2024-01-10 00:00:00,Bread_Whole,229,2.51,574.64,0,0,0,0
2024-01-11 00:00:00,Bread_Whole,209,2.51,524.45,0,0,0,0
2024-01-12 00:00:00,Bread_Whole,210,2.51,526.64,0,0,0,0
2024-01-13 00:00:00,Bread_Whole,212,2.51,531.41,0,0,1,0
2024-01-14 00:00:00,Bread_Whole,213,2.51,533.94,0,0,1,0
2024-01-15 00:00:00,Bread_Whole,234,2.51,586.6,0,1,0,0
2024-01-16 00:00:00,Bread_Whole,229,2.5,572.76,0,0,0,0
2024-01-17 00:00:00,Bread_Whole,232,2.5,580.75,0,0,0,0
2024-01-18 00:00:00,Bread_Whole,275,2.33,639.56,1,0,0,0
2024-01-19 00:00:00,Bread_Whole,269,2.33,627.11,1,0,0,0
2024-01-20 00:00:00,Bread_Whole,277,2.2,610.48,1,0,1,0
2024-01-21 00:00:00,Bread_Whole,269,2.32,624.35,1,0,1,0
2024-01-22 00:00:00,Bread_Whole,248,2.27,562.87,1,0,0,0
2024-01-23 00:00:00,Bread_Whole,261,2.35,612.68,1,0,0,0
2024-01-24 00:00:00,Bread_Whole,244,2.5,610.63,0,0,0,0
2024-01-25 00:00:00,Bread_Whole,229,2.5,573.31,0,0,0,0
2024-01-26 00:00:00,Bread_Whole,207,2.5,518.45,0,0,0,0
2024-01-27 00:00:00,Bread_Whole,222,2.51,556.73,0,0,1,0
2024-01-28 00:00:00,Bread_Whole,227,2.51,568.68,0,0,1,0
2024-01-29 00:00:00,Bread_Whole,216,2.5,540.94,0,0,0,0
2024-01-30 00:00:00,Bread_Whole,213,2.51,534.06,0,0,0,0
2024-01-31 00:00:00,Bread_Whole,249,2.51,624.97,0,0,0,0
2024-02-01 00:00:00,Bread_Whole,229,2.51,574.01,0,0,0,0
2024-02-02 00:00:00,Bread_Whole,199,2.51,498.57,0,0,0,0
2024-02-03 00:00:00,Bread_Whole,250,2.26,565.17,1,0,1,0
2024-02-04 00:00:00,Bread_Whole,285,2.21,630.26,1,0,1,0
2024-02-05 00:00:00,Bread_Whole,272,2.31,627.89,1,0,0,0
2024-02-06 00:00:00,Bread_Whole,279,2.29,638.32,1,0,0,0
2024-02-07 00:00:00,Bread_Whole,288,2.34,673.62,1,0,0,0
2024-02-08 00:00:00,Bread_Whole,269,2.28,613.22,1,0,0,0
2024-02-09 00:00:00,Bread_Whole,192,2.5,480.51,0,0,0,0
2024-02-10 00:00:00,Bread_Whole,209,2.5,523.45,0,0,1,0
2024-02-11 00:00:00,Bread_Whole,210,2.5,525.65,0,0,1,0
2024-02-12 00:00:00,Bread_Whole,216,2.51,541.36,0,0,0,0
2024-02-13 00:00:00,Bread_Whole,220,2.51,551.69,0,0,0,0
2024-02-14 00:00:00,Bread_Whole,245,2.51,614.22,0,0,0,0
2024-02-15 00:00:00,Bread_Whole,231,2.5,578.53,0,0,0,0
2024-02-16 00:00:00,Bread_Whole,192,2.5,480.84,0,0,0,0
2024-02-17 00:00:00,Bread_Whole,224,2.51,561.25,0,0,1,0
2024-02-18 00:00:00,Bread_Whole,204,2.51,511.08,0,0,1,0
2024-02-19 00:00:00,Bread_Whole,251,2.51,629.19,0,1,0,0
2024-02-20 00:00:00,Bread_Whole,234,2.51,587.48,0,0,0,0
2024-02-21 00:00:00,Bread_Whole,219,2.52,550.95,0,0,0,0
2024-02-22 00:00:00,Bread_Whole,229,2.51,575.74,0,0,0,0
2024-02-23 00:00:00,Bread_Whole,216,2.52,543.37,0,0,0,0
2024-02-24 00:00:00,Bread_Whole,232,2.52,584.55,0,0,1,0
2024-02-25 00:00:00,Bread_Whole,232,2.52,584.37,0,0,1,0
2024-02-26 00:00:00,Bread_Whole,218,2.52,549.47,0,0,0,0
2024-02-27 00:00:00,Bread_Whole,232,2.52,584.57,0,0,0,0
2024-02-28 00:00:00,Bread_Whole,242,2.52,609.35,0,0,0,0
2024-02-29 00:00:00,Bread_Whole,249,2.52,626.8,0,0,0,0
2024-03-01 00:00:00,Bread_Whole,218,2.52,549.21,0,0,0,0
2024-03-02 00:00:00,Bread_Whole,226,2.52,569.38,0,0,1,0
2024-03-03 00:00:00,Bread_Whole,238,2.52,599.55,0,0,1,0
2024-03-04 00:00:00,Bread_Whole,211,2.52,530.99,0,0,0,0
2024-03-05 00:00:00,Bread_Whole,245,2.52,616.43,0,0,0,0
2024-03-06 00:00:00,Bread_Whole,222,2.51,558.02,0,0,0,0
2024-03-07 00:00:00,Bread_Whole,232,2.51,582.51,0,0,0,0
2024-03-08 00:00:00,Bread_Whole,233,2.51,584.99,0,0,0,0
2024-03-09 00:00:00,Bread_Whole,232,2.51,582.35,0,0,1,0
2024-03-10 00:00:00,Bread_Whole,277,2.21,613.19,1,0,1,0
2024-03-11 00:00:00,Bread_Whole,281,2.3,646.88,1,0,0,0
2024-03-12 00:00:00,Bread_Whole,287,2.34,672.74,1,0,0,0
2024-03-13 00:00:00,Bread_Whole,299,2.23,667.18,1,0,0,0
2024-03-14 00:00:00,Bread_Whole,270,2.28,615.34,1,0,0,0
2024-03-15 00:00:00,Bread_Whole,254,2.38,604.85,1,0,0,0
2024-03-16 00:00:00,Bread_Whole,220,2.51,552.28,0,0,1,0
2024-03-17 00:00:00,Bread_Whole,230,2.51,577.35,0,0,1,0
2024-03-18 00:00:00,Bread_Whole,240,2.51,602.57,0,0,0,0
2024-03-19 00:00:00,Bread_Whole,236,2.51,593.48,0,0,0,0
2024-03-20 00:00:00,Bread_Whole,251,2.52,631.4,0,0,0,0
2024-03-21 00:00:00,Bread_Whole,247,2.51,621.1,0,0,0,0
2024-03-22 00:00:00,Bread_Whole,236,2.51,592.13,0,0,0,0
2024-03-23 00:00:00,Bread_Whole,236,2.51,593.04,0,0,1,0
2024-03-24 00:00:00,Bread_Whole,236,2.51,592.91,0,0,1,0
2024-03-25 00:00:00,Bread_Whole,227,2.51,569.55,0,0,0,0
2024-03-26 00:00:00,Bread_Whole,229,2.51,574.27,0,0,0,0
2024-03-27 00:00:00,Bread_Whole,249,2.51,624.83,0,0,0,0
2024-03-28 00:00:00,Bread_Whole,229,2.51,573.91,0,0,0,0
2024-03-29 00:00:00,Bread_Whole,226,2.51,566.6,0,0,0,0
2024-03-30 00:00:00,Bread_Whole,230,2.51,577.15,0,0,1,0
2024-03-31 00:00:00,Bread_Whole,216,2.51,542.24,0,0,1,0
2024-04-01 00:00:00,Bread_Whole,222,2.5,556.1,0,0,0,0
2024-04-02 00:00:00,Bread_Whole,253,2.5,633.66,0,0,0,0
2024-04-03 00:00:00,Bread_Whole,233,2.5,583.61,0,0,0,0
2024-04-04 00:00:00,Bread_Whole,246,2.51,616.4,0,0,0,0
2024-04-05 00:00:00,Bread_Whole,279,2.24,626.16,1,0,0,0
2024-04-06 00:00:00,Bread_Whole,280,2.32,649.77,1,0,1,0
2024-04-07 00:00:00,Bread_Whole,261,2.32,604.33,1,0,1,0
2024-04-08 00:00:00,Bread_Whole,286,2.35,671.76,1,0,0,0
2024-04-09 00:00:00,Bread_Whole,271,2.36,639.32,1,0,0,0
2024-04-10 00:00:00,Bread_Whole,287,2.24,641.9,1,0,0,0
2024-04-11 00:00:00,Bread_Whole,239,2.51,599.01,0,0,0,0
2024-04-12 00:00:00,Bread_Whole,211,2.51,529.03,0,0,0,0
2024-04-13 00:00:00,Bread_Whole,231,2.51,579.75,0,0,1,0
2024-04-14 00:00:00,Bread_Whole,241,2.51,605.66,0,0,1,0
2024-04-15 00:00:00,Bread_Whole,216,2.51,542.58,0,0,0,0
2024-04-16 00:00:00,Bread_Whole,249,2.51,625.67,0,0,0,0
2024-04-17 00:00:00,Bread_Whole,243,2.51,610.94,0,0,0,0
2024-04-18 00:00:00,Bread_Whole,240,2.51,603.29,0,0,0,0
2024-04-19 00:00:00,Bread_Whole,213,2.51,535.36,0,0,0,0
2024-04-20 00:00:00,Bread_Whole,253,2.51,635.12,0,0,1,0
2024-04-21 00:00:00,Bread_Whole,230,2.5,576.12,0,0,1,0
2024-04-22 00:00:00,Bread_Whole,237,2.51,594.07,0,0,0,0
2024-04-23 00:00:00,Bread_Whole,251,2.51,629.76,0,0,0,0
2024-04-24 00:00:00,Bread_Whole,240,2.51,602.45,0,0,0,0
2024-04-25 00:00:00,Bread_Whole,227,2.51,569.54,0,0,0,0
2024-04-26 00:00:00,Bread_Whole,216,2.51,541.94,0,0,0,0
2024-04-27 00:00:00,Bread_Whole,236,2.51,591.74,0,0,1,0
2024-04-28 00:00:00,Bread_Whole,215,2.51,539.73,0,0,1,0
2024-04-29 00:00:00,Bread_Whole,223,2.51,559.94,0,0,0,0
2024-04-30 00:00:00,Bread_Whole,240,2.51,602.76,0,0,0,0
2024-05-01 00:00:00,Bread_Whole,249,2.51,625.94,0,0,0,0
2024-05-02 00:00:00,Bread_Whole,217,2.52,546,0,0,0,0
2024-05-03 00:00:00,Bread_Whole,217,2.52,546.55,0,0,0,0
2024-05-04 00:00:00,Bread_Whole,235,2.52,592.3,0,0,1,0
2024-05-05 00:00:00,Bread_Whole,239,2.52,602,0,0,1,0
2024-05-06 00:00:00,Bread_Whole,237,2.52,596.92,0,0,0,0
2024-05-07 00:00:00,Bread_Whole,232,2.52,584.5,0,0,0,0
2024-05-08 00:00:00,Bread_Whole,233,2.52,587.74,0,0,0,0
2024-05-09 00:00:00,Bread_Whole,235,2.52,593.32,0,0,0,0
2024-05-10 00:00:00,Bread_Whole,216,2.53,546.09,0,0,0,0
2024-05-11 00:00:00,Bread_Whole,224,2.53,566.54,0,0,1,0
2024-05-12 00:00:00,Bread_Whole,213,2.53,538.59,0,0,1,0
2024-05-13 00:00:00,Bread_Whole,223,2.53,563.63,0,0,0,0
2024-05-14 00:00:00,Bread_Whole,243,2.53,613.86,0,0,0,0
2024-05-15 00:00:00,Bread_Whole,243,2.53,614.88,0,0,0,0
2024-05-16 00:00:00,Bread_Whole,228,2.53,576.83,0,0,0,0
2024-05-17 00:00:00,Bread_Whole,270,2.26,608.99,1,0,0,0
2024-05-18 00:00:00,Bread_Whole,288,2.27,654.93,1,0,1,0
2024-05-19 00:00:00,Bread_Whole,280,2.38,666.34,1,0,1,0
2024-05-20 00:00:00,Bread_Whole,269,2.35,631.13,1,0,0,0
2024-05-21 00:00:00,Bread_Whole,288,2.32,667.35,1,0,0,0
2024-05-22 00:00:00,Bread_Whole,259,2.23,577.57,1,0,0,0
2024-05-23 00:00:00,Bread_Whole,240,2.53,606.99,0,0,0,0
2024-05-24 00:00:00,Bread_Whole,227,2.53,573.87,0,0,0,0
2024-05-25 00:00:00,Bread_Whole,240,2.52,605.85,0,0,1,0
2024-05-26 00:00:00,Bread_Whole,213,2.52,537.36,0,0,1,0
2024-05-27 00:00:00,Bread_Whole,232,2.52,584.79,0,1,0,0
2024-05-28 00:00:00,Bread_Whole,249,2.52,627.69,0,0,0,0
2024-05-29 00:00:00,Bread_Whole,229,2.52,577.39,0,0,0,0
2024-05-30 00:00:00,Bread_Whole,219,2.52,552.32,0,0,0,0
2024-05-31 00:00:00,Bread_Whole,204,2.53,515.28,0,0,0,0
2024-06-01 00:00:00,Bread_Whole,217,2.53,548,0,0,1,0
2024-06-02 00:00:00,Bread_Whole,220,2.53,556.06,0,0,1,0
2024-06-03 00:00:00,Bread_Whole,216,2.53,545.96,0,0,0,0
2024-06-04 00:00:00,Bread_Whole,237,2.53,599.09,0,0,0,0
2024-06-05 00:00:00,Bread_Whole,225,2.53,569,0,0,0,0
2024-06-06 00:00:00,Bread_Whole,212,2.53,536.35,0,0,0,0
2024-06-07 00:00:00,Bread_Whole,217,2.53,549.04,0,0,0,0
2024-06-08 00:00:00,Bread_Whole,210,2.53,531.52,0,0,1,0
2024-06-09 00:00:00,Bread_Whole,204,2.53,516.46,0,0,1,0
2024-06-10 00:00:00,Bread_Whole,219,2.53,553.83,0,0,0,0
2024-06-11 00:00:00,Bread_Whole,222,2.53,561.9,0,0,0,0
2024-06-12 00:00:00,Bread_Whole,239,2.53,605.47,0,0,0,0
2024-06-13 00:00:00,Bread_Whole,224,2.53,566.9,0,0,0,0
2024-06-14 00:00:00,Bread_Whole,199,2.53,503.59,0,0,0,0
2024-06-15 00:00:00,Bread_Whole,262,2.23,584.55,1,0,1,0
2024-06-16 00:00:00,Bread_Whole,261,2.33,608.7,1,0,1,0
2024-06-17 00:00:00,Bread_Whole,248,2.34,581.38,1,0,0,0
2024-06-18 00:00:00,Bread_Whole,276,2.34,645.11,1,0,0,0
2024-06-19 00:00:00,Bread_Whole,311,2.27,707.25,1,1,0,0
2024-06-20 00:00:00,Bread_Whole,270,2.38,643.93,1,0,0,0
2024-06-21 00:00:00,Bread_Whole,206,2.53,521.87,0,0,0,0
2024-06-22 00:00:00,Bread_Whole,235,2.53,594.57,0,0,1,0
2024-06-23 00:00:00,Bread_Whole,218,2.53,551.42,0,0,1,0
2024-06-24 00:00:00,Bread_Whole,220,2.53,556.35,0,0,0,0
2024-06-25 00:00:00,Bread_Whole,210,2.53,530.86,0,0,0,0
2024-06-26 00:00:00,Bread_Whole,222,2.53,561.52,0,0,0,0
2024-06-27 00:00:00,Bread_Whole,212,2.53,535.87,0,0,0,0
2024-06-28 00:00:00,Bread_Whole,187,2.52,472.1,0,0,0,0
2024-06-29 00:00:00,Bread_Whole,203,2.52,512.48,0,0,1,0
2024-06-30 00:00:00,Bread_Whole,215,2.52,542.85,0,0,1,0
2024-07-01 00:00:00,Bread_Whole,227,2.53,574.2,0,0,0,0
2024-07-02 00:00:00,Bread_Whole,226,2.53,571.53,0,0,0,0
2024-07-03 00:00:00,Bread_Whole,226,2.53,571.41,0,0,0,0
2024-07-04 00:00:00,Bread_Whole,247,2.53,624.86,0,1,0,0
2024-07-05 00:00:00,Bread_Whole,206,2.53,521.49,0,0,0,0
2024-07-06 00:00:00,Bread_Whole,206,2.53,521.62,0,0,1,0
2024-07-07 00:00:00,Bread_Whole,232,2.53,587.28,0,0,1,0
2024-07-08 00:00:00,Bread_Whole,200,2.53,505.7,0,0,0,0
2024-07-09 00:00:00,Bread_Whole,218,2.53,550.98,0,0,0,0
2024-07-10 00:00:00,Bread_Whole,220,2.53,556.19,0,0,0,0
2024-07-11 00:00:00,Bread_Whole,226,2.53,571.55,0,0,0,0
2024-07-12 00:00:00,Bread_Whole,219,2.53,553.79,0,0,0,0
2024-07-13 00:00:00,Bread_Whole,224,2.53,565.65,0,0,1,0
2024-07-14 00:00:00,Bread_Whole,227,2.53,573.54,0,0,1,0
2024-07-15 00:00:00,Bread_Whole,195,2.53,492.39,0,0,0,0
2024-07-16 00:00:00,Bread_Whole,222,2.52,559.88,0,0,0,0
2024-07-17 00:00:00,Bread_Whole,217,2.53,548.08,0,0,0,0
2024-07-18 00:00:00,Bread_Whole,203,2.52,512.53,0,0,0,0
2024-07-19 00:00:00,Bread_Whole,207,2.52,522.15,0,0,0,0
2024-07-20 00:00:00,Bread_Whole,211,2.53,533.17,0,0,1,0
2024-07-21 00:00:00,Bread_Whole,198,2.53,500.78,0,0,1,0
2024-07-22 00:00:00,Bread_Whole,204,2.53,515.69,0,0,0,0
2024-07-23 00:00:00,Bread_Whole,203,2.53,513.17,0,0,0,0
2024-07-24 00:00:00,Bread_Whole,214,2.53,541.23,0,0,0,0
2024-07-25 00:00:00,Bread_Whole,210,2.53,532.1,0,0,0,0
2024-07-26 00:00:00,Bread_Whole,195,2.53,494.04,0,0,0,0
2024-07-27 00:00:00,Bread_Whole,189,2.53,479.03,0,0,1,0
2024-07-28 00:00:00,Bread_Whole,203,2.54,515.52,0,0,1,0
2024-07-29 00:00:00,Bread_Whole,193,2.54,490.24,0,0,0,0
2024-07-30 00:00:00,Bread_Whole,201,2.54,510.8,0,0,0,0
2024-07-31 00:00:00,Bread_Whole,216,2.54,548.54,0,0,0,0
2024-08-01 00:00:00,Bread_Whole,238,2.54,605.18,0,0,0,0
2024-08-02 00:00:00,Bread_Whole,187,2.54,475.5,0,0,0,0
2024-08-03 00:00:00,Bread_Whole,185,2.54,469.39,0,0,1,0
2024-08-04 00:00:00,Bread_Whole,199,2.54,505,0,0,1,0
2024-08-05 00:00:00,Bread_Whole,197,2.54,499.9,0,0,0,0
2024-08-06 00:00:00,Bread_Whole,203,2.54,515.01,0,0,0,0
2024-08-07 00:00:00,Bread_Whole,215,2.54,545.21,0,0,0,0
2024-08-08 00:00:00,Bread_Whole,200,2.54,507.13,0,0,0,0
2024-08-09 00:00:00,Bread_Whole,180,2.53,456.22,0,0,0,0
2024-08-10 00:00:00,Bread_Whole,202,2.54,512.17,0,0,1,0
2024-08-11 00:00:00,Bread_Whole,198,2.54,502.65,0,0,1,0
2024-08-12 00:00:00,Bread_Whole,203,2.54,514.8,0,0,0,0
2024-08-13 00:00:00,Bread_Whole,209,2.54,530.03,0,0,0,0
2024-08-14 00:00:00,Bread_Whole,221,2.54,561.93,0,0,0,0
2024-08-15 00:00:00,Bread_Whole,183,2.54,465.26,0,0,0,0
2024-08-16 00:00:00,Bread_Whole,204,2.55,519.66,0,0,0,0
2024-08-17 00:00:00,Bread_Whole,200,2.55,509.26,0,0,1,0
2024-08-18 00:00:00,Bread_Whole,201,2.55,512.3,0,0,1,0
2024-08-19 00:00:00,Bread_Whole,182,2.55,464.25,0,0,0,0
2024-08-20 00:00:00,Bread_Whole,201,2.55,513.2,0,0,0,0
2024-08-21 00:00:00,Bread_Whole,213,2.56,544.52,0,0,0,0
2024-08-22 00:00:00,Bread_Whole,195,2.56,498.39,0,0,0,0
2024-08-23 00:00:00,Bread_Whole,196,2.56,501.14,0,0,0,0
2024-08-24 00:00:00,Bread_Whole,214,2.56,547.56,0,0,1,0
2024-08-25 00:00:00,Bread_Whole,192,2.56,491.36,0,0,1,0
2024-08-26 00:00:00,Bread_Whole,216,2.56,552.58,0,0,0,0
2024-08-27 00:00:00,Bread_Whole,214,2.56,546.81,0,0,0,0
2024-08-28 00:00:00,Bread_Whole,203,2.55,518.44,0,0,0,0
2024-08-29 00:00:00,Bread_Whole,197,2.55,503.01,0,0,0,0
2024-08-30 00:00:00,Bread_Whole,191,2.55,487.23,0,0,0,0
2024-08-31 00:00:00,Bread_Whole,206,2.55,524.86,0,0,1,0
2024-09-01 00:00:00,Bread_Whole,205,2.55,522.04,0,0,1,0
2024-09-02 00:00:00,Bread_Whole,232,2.55,590.53,0,1,0,0
2024-09-03 00:00:00,Bread_Whole,197,2.54,500.59,0,0,0,0
2024-09-04 00:00:00,Bread_Whole,221,2.54,561.71,0,0,0,0
2024-09-05 00:00:00,Bread_Whole,211,2.54,536.2,0,0,0,0
2024-09-06 00:00:00,Bread_Whole,196,2.54,498.08,0,0,0,0
2024-09-07 00:00:00,Bread_Whole,204,2.54,518.59,0,0,1,0
2024-09-08 00:00:00,Bread_Whole,189,2.54,480.64,0,0,1,0
2024-09-09 00:00:00,Bread_Whole,201,2.54,511.03,0,0,0,0
2024-09-10 00:00:00,Bread_Whole,194,2.54,492.38,0,0,0,0
2024-09-11 00:00:00,Bread_Whole,207,2.54,525.74,0,0,0,0
2024-09-12 00:00:00,Bread_Whole,202,2.54,513.27,0,0,0,0
2024-09-13 00:00:00,Bread_Whole,182,2.54,462.08,0,0,0,0
2024-09-14 00:00:00,Bread_Whole,205,2.54,520.3,0,0,1,0
2024-09-15 00:00:00,Bread_Whole,196,2.54,496.94,0,0,1,0
2024-09-16 00:00:00,Bread_Whole,184,2.54,467.33,0,0,0,0
2024-09-17 00:00:00,Bread_Whole,208,2.54,529.32,0,0,0,0
2024-09-18 00:00:00,Bread_Whole,211,2.55,537.74,0,0,0,0
2024-09-19 00:00:00,Bread_Whole,211,2.55,537.8,0,0,0,0
2024-09-20 00:00:00,Bread_Whole,182,2.55,463.71,0,0,0,0
2024-09-21 00:00:00,Bread_Whole,193,2.55,492.03,0,0,1,0
2024-09-22 00:00:00,Bread_Whole,244,2.3,560,1,0,1,0
2024-09-23 00:00:00,Bread_Whole,254,2.26,574.98,1,0,0,0
2024-09-24 00:00:00,Bread_Whole,251,2.27,569.25,1,0,0,0
2024-09-25 00:00:00,Bread_Whole,254,2.4,608.72,1,0,0,0
2024-09-26 00:00:00,Bread_Whole,254,2.33,592.49,1,0,0,0
2024-09-27 00:00:00,Bread_Whole,222,2.37,526.67,1,0,0,0
2024-09-28 00:00:00,Bread_Whole,194,2.55,494.15,0,0,1,0
2024-09-29 00:00:00,Bread_Whole,196,2.55,499.35,0,0,1,0
2024-09-30 00:00:00,Bread_Whole,198,2.55,504.31,0,0,0,0
2024-10-01 00:00:00,Bread_Whole,208,2.55,529.85,0,0,0,0
2024-10-02 00:00:00,Bread_Whole,211,2.54,536.93,0,0,0,0
2024-10-03 00:00:00,Bread_Whole,204,2.54,518.67,0,0,0,0
2024-10-04 00:00:00,Bread_Whole,185,2.54,470.34,0,0,0,0
2024-10-05 00:00:00,Bread_Whole,192,2.54,488.06,0,0,1,0
2024-10-06 00:00:00,Bread_Whole,193,2.54,491.13,0,0,1,0
2024-10-07 00:00:00,Bread_Whole,206,2.55,524.6,0,0,0,0
2024-10-08 00:00:00,Bread_Whole,197,2.55,501.75,0,0,0,0
2024-10-09 00:00:00,Bread_Whole,208,2.55,530.69,0,0,0,0
2024-10-10 00:00:00,Bread_Whole,193,2.56,493.26,0,0,0,0
2024-10-11 00:00:00,Bread_Whole,179,2.55,457.12,0,0,0,0
2024-10-12 00:00:00,Bread_Whole,183,2.55,466.49,0,0,1,0
2024-10-13 00:00:00,Bread_Whole,187,2.55,476.81,0,0,1,0
2024-10-14 00:00:00,Bread_Whole,223,2.55,568.64,0,1,0,0
2024-10-15 00:00:00,Bread_Whole,209,2.55,532.42,0,0,0,0
2024-10-16 00:00:00,Bread_Whole,209,2.55,532.85,0,0,0,0
2024-10-17 00:00:00,Bread_Whole,218,2.55,556.5,0,0,0,0
2024-10-18 00:00:00,Bread_Whole,192,2.55,489.28,0,0,0,0
2024-10-19 00:00:00,Bread_Whole,203,2.55,517.38,0,0,1,0
2024-10-20 00:00:00,Bread_Whole,183,2.55,466.24,0,0,1,0
2024-10-21 00:00:00,Bread_Whole,205,2.55,522.33,0,0,0,0
2024-10-22 00:00:00,Bread_Whole,208,2.54,529.01,0,0,0,0
2024-10-23 00:00:00,Bread_Whole,202,2.55,514.15,0,0,0,0
2024-10-24 00:00:00,Bread_Whole,197,2.55,501.68,0,0,0,0
2024-10-25 00:00:00,Bread_Whole,197,2.55,501.43,0,0,0,0
2024-10-26 00:00:00,Bread_Whole,206,2.54,523.25,0,0,1,0
2024-10-27 00:00:00,Bread_Whole,193,2.54,490.43,0,0,1,0
2024-10-28 00:00:00,Bread_Whole,195,2.54,495.12,0,0,0,0
2024-10-29 00:00:00,Bread_Whole,213,2.54,540.17,0,0,0,0
2024-10-30 00:00:00,Bread_Whole,205,2.54,519.86,0,0,0,0
2024-10-31 00:00:00,Bread_Whole,196,2.54,497.83,0,0,0,0
2024-11-01 00:00:00,Bread_Whole,189,2.53,478.95,0,0,0,0
2024-11-02 00:00:00,Bread_Whole,214,2.53,541.76,0,0,1,0
2024-11-03 00:00:00,Bread_Whole,213,2.53,538.81,0,0,1,0
2024-11-04 00:00:00,Bread_Whole,216,2.53,545.61,0,0,0,0
2024-11-05 00:00:00,Bread_Whole,206,2.53,520.35,0,0,0,0
2024-11-06 00:00:00,Bread_Whole,219,2.53,553.18,0,0,0,0
2024-11-07 00:00:00,Bread_Whole,202,2.53,510.21,0,0,0,0
2024-11-08 00:00:00,Bread_Whole,185,2.52,466.87,0,0,0,0
2024-11-09 00:00:00,Bread_Whole,200,2.53,505.03,0,0,1,0
2024-11-10 00:00:00,Bread_Whole,193,2.52,487.29,0,0,1,0
2024-11-11 00:00:00,Bread_Whole,246,2.52,620.92,0,1,0,0
2024-11-12 00:00:00,Bread_Whole,198,2.52,499.33,0,0,0,0
2024-11-13 00:00:00,Bread_Whole,206,2.52,518.67,0,0,0,0
2024-11-14 00:00:00,Bread_Whole,214,2.52,539.35,0,0,0,0
2024-11-15 00:00:00,Bread_Whole,186,2.52,468.52,0,0,0,0
2024-11-16 00:00:00,Bread_Whole,205,2.52,516.63,0,0,1,0
2024-11-17 00:00:00,Bread_Whole,191,2.52,481.11,0,0,1,0
2024-11-18 00:00:00,Bread_Whole,208,2.52,523.38,0,0,0,0
2024-11-19 00:00:00,Bread_Whole,218,2.51,548.03,0,0,0,0
2024-11-20 00:00:00,Bread_Whole,203,2.52,510.74,0,0,0,0
2024-11-21 00:00:00,Bread_Whole,214,2.51,537.63,0,0,0,0
2024-11-22 00:00:00,Bread_Whole,208,2.51,522.53,0,0,0,0
2024-11-23 00:00:00,Bread_Whole,174,2.51,437.28,0,0,1,0
2024-11-24 00:00:00,Bread_Whole,208,2.52,523.28,0,0,1,0
2024-11-25 00:00:00,Bread_Whole,243,2.28,555.18,1,0,0,0
2024-11-26 00:00:00,Bread_Whole,261,2.38,622.26,1,0,0,0
2024-11-27 00:00:00,Bread_Whole,261,2.3,600.03,1,0,0,0
2024-11-28 00:00:00,Bread_Whole,267,2.35,628.02,1,1,0,0
2024-11-29 00:00:00,Bread_Whole,239,2.3,549.24,1,0,0,0
2024-11-30 00:00:00,Bread_Whole,243,2.33,565.01,1,0,1,0
2024-12-01 00:00:00,Bread_Whole,254,2.34,593.37,1,0,1,0
2024-12-02 00:00:00,Bread_Whole,200,2.51,502.78,0,0,0,0
2024-12-03 00:00:00,Bread_Whole,219,2.51,550.04,0,0,0,0
2024-12-04 00:00:00,Bread_Whole,235,2.51,590.64,0,0,0,0
2024-12-05 00:00:00,Bread_Whole,198,2.51,497.77,0,0,0,0
2024-12-06 00:00:00,Bread_Whole,204,2.52,513.34,0,0,0,0
2024-12-07 00:00:00,Bread_Whole,211,2.52,531.17,0,0,1,0
2024-12-08 00:00:00,Bread_Whole,191,2.52,481.07,0,0,1,0
2024-12-09 00:00:00,Bread_Whole,197,2.52,496.3,0,0,0,0
2024-12-10 00:00:00,Bread_Whole,201,2.52,506.19,0,0,0,0
2024-12-11 00:00:00,Bread_Whole,227,2.52,571.99,0,0,0,0
2024-12-12 00:00:00,Bread_Whole,217,2.52,547.04,0,0,0,0
2024-12-13 00:00:00,Bread_Whole,207,2.52,521.92,0,0,0,0
2024-12-14 00:00:00,Bread_Whole,217,2.52,546.9,0,0,1,0
2024-12-15 00:00:00,Bread_Whole,213,2.52,537.06,0,0,1,0
2024-12-16 00:00:00,Bread_Whole,228,2.52,575.01,0,0,0,0
2024-12-17 00:00:00,Bread_Whole,240,2.52,605.19,0,0,0,0
2024-12-18 00:00:00,Bread_Whole,277,2.26,627.2,1,0,0,0
2024-12-19 00:00:00,Bread_Whole,270,2.22,599.73,1,0,0,0
2024-12-20 00:00:00,Bread_Whole,272,2.23,606.74,1,0,0,0
2024-12-21 00:00:00,Bread_Whole,250,2.25,561.73,1,0,1,0
2024-12-22 00:00:00,Bread_Whole,267,2.24,597.45,1,0,1,0
2024-12-23 00:00:00,Bread_Whole,262,2.3,602.08,1,0,0,0
2024-12-24 00:00:00,Bread_Whole,278,2.22,616.06,1,0,0,0
2024-12-25 00:00:00,Bread_Whole,308,2.27,700.36,1,1,0,0
2024-12-26 00:00:00,Bread_Whole,252,2.37,597.1,1,0,0,0
2024-12-27 00:00:00,Bread_Whole,257,2.31,593.71,1,0,0,0
2024-12-28 00:00:00,Bread_Whole,268,2.28,610.02,1,0,1,0
2024-12-29 00:00:00,Bread_Whole,275,2.24,616.19,1,0,1,0
2024-12-30 00:00:00,Bread_Whole,252,2.34,588.81,1,0,0,0
2024-12-31 00:00:00,Bread_Whole,262,2.25,588.63,1,0,0,0
2025-01-01 00:00:00,Bread_Whole,237,2.52,596.73,0,1,0,0
2025-01-02 00:00:00,Bread_Whole,228,2.52,574.74,0,0,0,0
2025-01-03 00:00:00,Bread_Whole,205,2.52,516.57,0,0,0,0
2025-01-04 00:00:00,Bread_Whole,250,2.29,571.36,1,0,1,0
2025-01-05 00:00:00,Bread_Whole,257,2.34,601.31,1,0,1,0
2025-01-06 00:00:00,Bread_Whole,268,2.24,600.77,1,0,0,0
2025-01-07 00:00:00,Bread_Whole,266,2.33,621.1,1,0,0,0
2025-01-08 00:00:00,Bread_Whole,271,2.3,623.04,1,0,0,0
2025-01-09 00:00:00,Bread_Whole,274,2.32,635.65,1,0,0,0
2025-01-10 00:00:00,Bread_Whole,203,2.52,510.86,0,0,0,0
2025-01-11 00:00:00,Bread_Whole,215,2.52,541.05,0,0,1,0
2025-01-12 00:00:00,Bread_Whole,213,2.52,535.76,0,0,1,0
2025-01-13 00:00:00,Bread_Whole,218,2.52,548.86,0,0,0,0
2025-01-14 00:00:00,Bread_Whole,233,2.52,587.55,0,0,0,0
2025-01-15 00:00:00,Bread_Whole,238,2.52,599.94,0,0,0,0
2025-01-16 00:00:00,Bread_Whole,222,2.52,559.63,0,0,0,0
2025-01-17 00:00:00,Bread_Whole,212,2.52,534.47,0,0,0,0
2025-01-18 00:00:00,Bread_Whole,217,2.52,545.99,0,0,1,0
2025-01-19 00:00:00,Bread_Whole,220,2.52,553.31,0,0,1,0
2025-01-20 00:00:00,Bread_Whole,247,2.52,622.38,0,1,0,0
2025-01-21 00:00:00,Bread_Whole,234,2.52,588.73,0,0,0,0
2025-01-22 00:00:00,Bread_Whole,232,2.52,583.54,0,0,0,0
2025-01-23 00:00:00,Bread_Whole,236,2.52,593.74,0,0,0,0
2025-01-24 00:00:00,Bread_Whole,217,2.51,545.23,0,0,0,0
2025-01-25 00:00:00,Bread_Whole,226,2.52,568.51,0,0,1,0
2025-01-26 00:00:00,Bread_Whole,224,2.51,563.18,0,0,1,0
2025-01-27 00:00:00,Bread_Whole,214,2.51,537.52,0,0,0,0
2025-01-28 00:00:00,Bread_Whole,235,2.51,589.86,0,0,0,0
2025-01-29 00:00:00,Bread_Whole,256,2.51,642.66,0,0,0,0
2025-01-30 00:00:00,Bread_Whole,244,2.51,612.64,0,0,0,0
2025-01-31 00:00:00,Bread_Whole,221,2.51,554.22,0,0,0,0
2025-02-01 00:00:00,Bread_Whole,214,2.5,536.07,0,0,1,0
2025-02-02 00:00:00,Bread_Whole,224,2.5,560.61,0,0,1,0
2025-02-03 00:00:00,Bread_Whole,224,2.51,561.18,0,0,0,0
2025-02-04 00:00:00,Bread_Whole,237,2.5,593.61,0,0,0,0
2025-02-05 00:00:00,Bread_Whole,249,2.5,622.17,0,0,0,0
2025-02-06 00:00:00,Bread_Whole,225,2.5,561.58,0,0,0,0
2025-02-07 00:00:00,Bread_Whole,227,2.49,565.88,0,0,0,0
2025-02-08 00:00:00,Bread_Whole,222,2.49,552.77,0,0,1,0
2025-02-09 00:00:00,Bread_Whole,214,2.49,533.19,0,0,1,0
2025-02-10 00:00:00,Bread_Whole,221,2.49,550.36,0,0,0,0
2025-02-11 00:00:00,Bread_Whole,229,2.49,570.25,0,0,0,0
2025-02-12 00:00:00,Bread_Whole,236,2.49,586.84,0,0,0,0
2025-02-13 00:00:00,Bread_Whole,213,2.49,529.77,0,0,0,0
2025-02-14 00:00:00,Bread_Whole,251,2.35,589.74,1,0,0,0
2025-02-15 00:00:00,Bread_Whole,272,2.31,627.65,1,0,1,0
2025-02-16 00:00:00,Bread_Whole,275,2.31,636.35,1,0,1,0
2025-02-17 00:00:00,Bread_Whole,292,2.22,648.8,1,1,0,0
2025-02-18 00:00:00,Bread_Whole,295,2.19,645.14,1,0,0,0
2025-02-19 00:00:00,Bread_Whole,298,2.34,696.49,1,0,0,0
2025-02-20 00:00:00,Bread_Whole,243,2.49,604.31,0,0,0,0
2025-02-21 00:00:00,Bread_Whole,220,2.48,546.59,0,0,0,0
2025-02-22 00:00:00,Bread_Whole,221,2.49,550.55,0,0,1,0
2025-02-23 00:00:00,Bread_Whole,222,2.49,552.26,0,0,1,0
2025-02-24 00:00:00,Bread_Whole,225,2.49,559.36,0,0,0,0
2025-02-25 00:00:00,Bread_Whole,255,2.49,634.08,0,0,0,0
2025-02-26 00:00:00,Bread_Whole,247,2.49,614.39,0,0,0,0
2025-02-27 00:00:00,Bread_Whole,232,2.48,576.13,0,0,0,0
2025-02-28 00:00:00,Bread_Whole,222,2.48,550.61,0,0,0,0
2025-03-01 00:00:00,Bread_Whole,226,2.48,560.04,0,0,1,0
2025-03-02 00:00:00,Bread_Whole,232,2.48,574.89,0,0,1,0
2025-03-03 00:00:00,Bread_Whole,223,2.48,552.76,0,0,0,0
2025-03-04 00:00:00,Bread_Whole,226,2.48,560.65,0,0,0,0
2025-03-05 00:00:00,Bread_Whole,236,2.48,585.77,0,0,0,0
2025-03-06 00:00:00,Bread_Whole,234,2.48,580.7,0,0,0,0
2025-03-07 00:00:00,Bread_Whole,236,2.48,584.99,0,0,0,0
2025-03-08 00:00:00,Bread_Whole,240,2.48,594.2,0,0,1,0
2025-03-09 00:00:00,Bread_Whole,241,2.48,596.68,0,0,1,0
2025-03-10 00:00:00,Bread_Whole,217,2.47,536.72,0,0,0,0
2025-03-11 00:00:00,Bread_Whole,254,2.47,628.35,0,0,0,0
2025-03-12 00:00:00,Bread_Whole,262,2.48,648.92,0,0,0,0
2025-03-13 00:00:00,Bread_Whole,254,2.48,629.13,0,0,0,0
2025-03-14 00:00:00,Bread_Whole,241,2.47,595.91,0,0,0,0
2025-03-15 00:00:00,Bread_Whole,241,2.48,596.68,0,0,1,0
2025-03-16 00:00:00,Bread_Whole,280,2.2,616.71,1,0,1,0
2025-03-17 00:00:00,Bread_Whole,294,2.2,645.75,1,0,0,0
2025-03-18 00:00:00,Bread_Whole,307,2.28,699.25,1,0,0,0
2025-03-19 00:00:00,Bread_Whole,307,2.33,714.49,1,0,0,0
2025-03-20 00:00:00,Bread_Whole,290,2.33,675.37,1,0,0,0
2025-03-21 00:00:00,Bread_Whole,296,2.19,649.27,1,0,0,0
2025-03-22 00:00:00,Bread_Whole,246,2.47,607.62,0,0,1,0
2025-03-23 00:00:00,Bread_Whole,237,2.47,585.63,0,0,1,0
2025-03-24 00:00:00,Bread_Whole,240,2.47,593.25,0,0,0,0
2025-03-25 00:00:00,Bread_Whole,248,2.47,612.95,0,0,0,0
2025-03-26 00:00:00,Bread_Whole,234,2.47,578.64,0,0,0,0
2025-03-27 00:00:00,Bread_Whole,244,2.47,603.35,0,0,0,0
2025-03-28 00:00:00,Bread_Whole,223,2.47,551.54,0,0,0,0
2025-03-29 00:00:00,Bread_Whole,216,2.47,534.45,0,0,1,0
2025-03-30 00:00:00,Bread_Whole,233,2.47,576.22,0,0,1,0
2025-03-31 00:00:00,Bread_Whole,240,2.47,593.85,0,0,0,0
2025-04-01 00:00:00,Bread_Whole,245,2.47,605.89,0,0,0,0
2025-04-02 00:00:00,Bread_Whole,246,2.48,609.19,0,0,0,0
2025-04-03 00:00:00,Bread_Whole,248,2.47,613.74,0,0,0,0
2025-04-04 00:00:00,Bread_Whole,231,2.48,571.84,0,0,0,0
2025-04-05 00:00:00,Bread_Whole,211,2.48,523.52,0,0,1,0
2025-04-06 00:00:00,Bread_Whole,234,2.48,581.16,0,0,1,0
2025-04-07 00:00:00,Bread_Whole,240,2.48,595.7,0,0,0,0
2025-04-08 00:00:00,Bread_Whole,247,2.48,612.98,0,0,0,0
2025-04-09 00:00:00,Bread_Whole,258,2.48,640.63,0,0,0,0
2025-04-10 00:00:00,Bread_Whole,247,2.48,613.77,0,0,0,0
2025-04-11 00:00:00,Bread_Whole,228,2.49,567.55,0,0,0,0
2025-04-12 00:00:00,Bread_Whole,244,2.49,607.4,0,0,1,0
2025-04-13 00:00:00,Bread_Whole,244,2.49,607.46,0,0,1,0
2025-04-14 00:00:00,Bread_Whole,234,2.49,583.05,0,0,0,0
2025-04-15 00:00:00,Bread_Whole,254,2.49,633.54,0,0,0,0
2025-04-16 00:00:00,Bread_Whole,256,2.49,638.31,0,0,0,0
2025-04-17 00:00:00,Bread_Whole,240,2.49,597.9,0,0,0,0
2025-04-18 00:00:00,Bread_Whole,231,2.49,575.79,0,0,0,0
2025-04-19 00:00:00,Bread_Whole,264,2.21,584.05,1,0,1,0
2025-04-20 00:00:00,Bread_Whole,308,2.27,698.42,1,0,1,0
2025-04-21 00:00:00,Bread_Whole,263,2.33,612.69,1,0,0,0
2025-04-22 00:00:00,Bread_Whole,300,2.24,671.43,1,0,0,0
2025-04-23 00:00:00,Bread_Whole,303,2.29,694.64,1,0,0,0
2025-04-24 00:00:00,Bread_Whole,294,2.35,692.12,1,0,0,0
2025-04-25 00:00:00,Bread_Whole,231,2.5,578.09,0,0,0,0
2025-04-26 00:00:00,Bread_Whole,234,2.5,585.58,0,0,1,0
2025-04-27 00:00:00,Bread_Whole,230,2.51,576.26,0,0,1,0
2025-04-28 00:00:00,Bread_Whole,249,2.51,623.86,0,0,0,0
2025-04-29 00:00:00,Bread_Whole,264,2.5,660.96,0,0,0,0
2025-04-30 00:00:00,Bread_Whole,258,2.5,645.71,0,0,0,0
2025-05-01 00:00:00,Bread_Whole,240,2.5,600.88,0,0,0,0
2025-05-02 00:00:00,Bread_Whole,224,2.5,560.81,0,0,0,0
2025-05-03 00:00:00,Bread_Whole,216,2.5,540.88,0,0,1,0
2025-05-04 00:00:00,Bread_Whole,235,2.5,587.38,0,0,1,0
2025-05-05 00:00:00,Bread_Whole,243,2.5,606.78,0,0,0,0
2025-05-06 00:00:00,Bread_Whole,235,2.5,586.94,0,0,0,0
2025-05-07 00:00:00,Bread_Whole,236,2.5,590.42,0,0,0,0
2025-05-08 00:00:00,Bread_Whole,219,2.5,547.21,0,0,0,0
2025-05-09 00:00:00,Bread_Whole,227,2.5,566.49,0,0,0,0
2025-05-10 00:00:00,Bread_Whole,218,2.5,544.17,0,0,1,0
2025-05-11 00:00:00,Bread_Whole,244,2.49,608.63,0,0,1,0
2025-05-12 00:00:00,Bread_Whole,218,2.49,543.19,0,0,0,0
2025-05-13 00:00:00,Bread_Whole,228,2.49,568.05,0,0,0,0
2025-05-14 00:00:00,Bread_Whole,251,2.49,624.94,0,0,0,0
2025-05-15 00:00:00,Bread_Whole,239,2.49,595.35,0,0,0,0
2025-05-16 00:00:00,Bread_Whole,197,2.49,491.02,0,0,0,0
2025-05-17 00:00:00,Bread_Whole,239,2.49,596.17,0,0,1,0
2025-05-18 00:00:00,Bread_Whole,244,2.49,607.51,0,0,1,0
2025-05-19 00:00:00,Bread_Whole,221,2.49,550.51,0,0,0,0
2025-05-20 00:00:00,Bread_Whole,240,2.49,598.1,0,0,0,0
2025-05-21 00:00:00,Bread_Whole,249,2.49,620.52,0,0,0,0
2025-05-22 00:00:00,Bread_Whole,239,2.49,596.26,0,0,0,0
2025-05-23 00:00:00,Bread_Whole,220,2.5,549.23,0,0,0,0
2025-05-24 00:00:00,Bread_Whole,216,2.5,539.5,0,0,1,0
2025-05-25 00:00:00,Bread_Whole,270,2.33,628.17,1,0,1,0
2025-05-26 00:00:00,Bread_Whole,294,2.21,651.05,1,1,0,0
2025-05-27 00:00:00,Bread_Whole,294,2.28,671.78,1,0,0,0
2025-05-28 00:00:00,Bread_Whole,289,2.24,646.23,1,0,0,0
2025-05-29 00:00:00,Bread_Whole,290,2.24,648.55,1,0,0,0
2025-05-30 00:00:00,Bread_Whole,276,2.3,636.02,1,0,0,0
2025-05-31 00:00:00,Bread_Whole,226,2.49,562.81,0,0,1,0
2025-06-01 00:00:00,Bread_Whole,220,2.49,547.45,0,0,1,0
2025-06-02 00:00:00,Bread_Whole,208,2.49,517.26,0,0,0,0
2025-06-03 00:00:00,Bread_Whole,239,2.49,594.69,0,0,0,0
2025-06-04 00:00:00,Bread_Whole,252,2.49,627.42,0,0,0,0
2025-06-05 00:00:00,Bread_Whole,223,2.49,555.36,0,0,0,0
2025-06-06 00:00:00,Bread_Whole,262,2.28,596.7,1,0,0,0
2025-06-07 00:00:00,Bread_Whole,252,2.35,592.18,1,0,1,0
2025-06-08 00:00:00,Bread_Whole,268,2.32,620.47,1,0,1,0
2025-06-09 00:00:00,Bread_Whole,263,2.23,586.2,1,0,0,0
2025-06-10 00:00:00,Bread_Whole,289,2.26,652.55,1,0,0,0
2025-06-11 00:00:00,Bread_Whole,265,2.21,584.83,1,0,0,0
2025-06-12 00:00:00,Bread_Whole,228,2.49,567.7,0,0,0,0
2025-06-13 00:00:00,Bread_Whole,218,2.49,542.13,0,0,0,0
2025-06-14 00:00:00,Bread_Whole,231,2.49,574.81,0,0,1,0
2025-06-15 00:00:00,Bread_Whole,219,2.49,545.18,0,0,1,0
2025-06-16 00:00:00,Bread_Whole,244,2.49,607.03,0,0,0,0
2025-06-17 00:00:00,Bread_Whole,228,2.49,567.34,0,0,0,0
2025-06-18 00:00:00,Bread_Whole,217,2.49,540.67,0,0,0,0
2025-06-19 00:00:00,Bread_Whole,262,2.49,651.74,0,1,0,0
2025-06-20 00:00:00,Bread_Whole,222,2.49,551.83,0,0,0,0
2025-06-21 00:00:00,Bread_Whole,205,2.49,510.01,0,0,1,0
2025-06-22 00:00:00,Bread_Whole,220,2.49,547.66,0,0,1,0
2025-06-23 00:00:00,Bread_Whole,224,2.49,557.93,0,0,0,0
2025-06-24 00:00:00,Bread_Whole,214,2.49,533.11,0,0,0,0
2025-06-25 00:00:00,Bread_Whole,232,2.49,578.73,0,0,0,0
2025-06-26 00:00:00,Bread_Whole,232,2.5,580.17,0,0,0,0
2025-06-27 00:00:00,Bread_Whole,213,2.5,532.49,0,0,0,0
2025-06-28 00:00:00,Bread_Whole,224,2.5,559.21,0,0,1,0
2025-06-29 00:00:00,Bread_Whole,234,2.49,583.66,0,0,1,0
2025-06-30 00:00:00,Bread_Whole,211,2.5,526.97,0,0,0,0
2025-07-01 00:00:00,Bread_Whole,235,2.5,587.17,0,0,0,0
2025-07-02 00:00:00,Bread_Whole,237,2.5,592.77,0,0,0,0
2025-07-03 00:00:00,Bread_Whole,221,2.5,552.58,0,0,0,0
2025-07-04 00:00:00,Bread_Whole,229,2.5,573.36,0,1,0,0
2025-07-05 00:00:00,Bread_Whole,218,2.5,545.9,0,0,1,0
2025-07-06 00:00:00,Bread_Whole,233,2.51,583.76,0,0,1,0
2025-07-07 00:00:00,Bread_Whole,203,2.51,509.04,0,0,0,0
2025-07-08 00:00:00,Bread_Whole,227,2.51,570.55,0,0,0,0
2025-07-09 00:00:00,Bread_Whole,211,2.52,531.01,0,0,0,0
2025-07-10 00:00:00,Bread_Whole,219,2.52,551.57,0,0,0,0
2025-07-11 00:00:00,Bread_Whole,217,2.52,546.06,0,0,0,0
2025-07-12 00:00:00,Bread_Whole,225,2.52,566.78,0,0,1,0
2025-07-13 00:00:00,Bread_Whole,209,2.52,526.22,0,0,1,0
2025-07-14 00:00:00,Bread_Whole,225,2.52,567.42,0,0,0,0
2025-07-15 00:00:00,Bread_Whole,245,2.52,617.74,0,0,0,0
2025-07-16 00:00:00,Bread_Whole,255,2.52,643.22,0,0,0,0
2025-07-17 00:00:00,Bread_Whole,217,2.52,546.86,0,0,0,0
2025-07-18 00:00:00,Bread_Whole,197,2.52,496.98,0,0,0,0
2025-07-19 00:00:00,Bread_Whole,203,2.52,512.25,0,0,1,0
2025-07-20 00:00:00,Bread_Whole,202,2.52,509.31,0,0,1,0
2025-07-21 00:00:00,Bread_Whole,219,2.52,552.33,0,0,0,0
2025-07-22 00:00:00,Bread_Whole,204,2.52,514.75,0,0,0,0
2025-07-23 00:00:00,Bread_Whole,220,2.52,554.34,0,0,0,0
2025-07-24 00:00:00,Bread_Whole,214,2.52,539.92,0,0,0,0
2025-07-25 00:00:00,Bread_Whole,205,2.52,517.05,0,0,0,0
2025-07-26 00:00:00,Bread_Whole,221,2.52,557.52,0,0,1,0
2025-07-27 00:00:00,Bread_Whole,217,2.52,546.98,0,0,1,0
2025-07-28 00:00:00,Bread_Whole,219,2.52,552.03,0,0,0,0
2025-07-29 00:00:00,Bread_Whole,218,2.52,549.82,0,0,0,0
2025-07-30 00:00:00,Bread_Whole,215,2.52,541.9,0,0,0,0
2025-07-31 00:00:00,Bread_Whole,207,2.52,521.53,0,0,0,0
2025-08-01 00:00:00,Bread_Whole,209,2.52,526.96,0,0,0,0
2025-08-02 00:00:00,Bread_Whole,194,2.52,489.11,0,0,1,0
2025-08-03 00:00:00,Bread_Whole,212,2.52,534.76,0,0,1,0
2025-08-04 00:00:00,Bread_Whole,218,2.52,549.42,0,0,0,0
2025-08-05 00:00:00,Bread_Whole,227,2.52,572.01,0,0,0,0
2025-08-06 00:00:00,Bread_Whole,223,2.52,561.82,0,0,0,0
2025-08-07 00:00:00,Bread_Whole,222,2.52,559.22,0,0,0,0
2025-08-08 00:00:00,Bread_Whole,215,2.52,541.2,0,0,0,0
2025-08-09 00:00:00,Bread_Whole,200,2.51,502.68,0,0,1,0
2025-08-10 00:00:00,Bread_Whole,211,2.52,530.97,0,0,1,0
2025-08-11 00:00:00,Bread_Whole,216,2.52,543.93,0,0,0,0
2025-08-12 00:00:00,Bread_Whole,217,2.52,545.88,0,0,0,0
2025-08-13 00:00:00,Bread_Whole,231,2.52,581.47,0,0,0,0
2025-08-14 00:00:00,Bread_Whole,202,2.52,509.11,0,0,0,0
2025-08-15 00:00:00,Bread_Whole,190,2.52,479.06,0,0,0,0
2025-08-16 00:00:00,Bread_Whole,188,2.52,473.34,0,0,1,0
2025-08-17 00:00:00,Bread_Whole,187,2.51,469.69,0,0,1,0
2025-08-18 00:00:00,Bread_Whole,207,2.51,520.13,0,0,0,0
2025-08-19 00:00:00,Bread_Whole,184,2.52,463.29,0,0,0,0
2025-08-20 00:00:00,Bread_Whole,223,2.52,561.87,0,0,0,0
2025-08-21 00:00:00,Bread_Whole,227,2.51,570.84,0,0,0,0
2025-08-22 00:00:00,Bread_Whole,199,2.52,500.69,0,0,0,0
2025-08-23 00:00:00,Bread_Whole,196,2.52,493.42,0,0,1,0
2025-08-24 00:00:00,Bread_Whole,210,2.52,528.37,0,0,1,0
2025-08-25 00:00:00,Bread_Whole,197,2.52,495.98,0,0,0,0
2025-08-26 00:00:00,Bread_Whole,199,2.52,501.18,0,0,0,0
2025-08-27 00:00:00,Bread_Whole,229,2.52,577.26,0,0,0,0
2025-08-28 00:00:00,Bread_Whole,236,2.52,594.63,0,0,0,0
2025-08-29 00:00:00,Bread_Whole,201,2.52,506.66,0,0,0,0
2025-08-30 00:00:00,Bread_Whole,211,2.52,531.63,0,0,1,0
2025-08-31 00:00:00,Bread_Whole,208,2.52,523.9,0,0,1,0
2025-09-01 00:00:00,Bread_Whole,224,2.52,564.18,0,1,0,0
2025-09-02 00:00:00,Bread_Whole,203,2.52,511.18,0,0,0,0
2025-09-03 00:00:00,Bread_Whole,206,2.52,518.72,0,0,0,0
2025-09-04 00:00:00,Bread_Whole,220,2.52,554.62,0,0,0,0
2025-09-05 00:00:00,Bread_Whole,177,2.52,445.73,0,0,0,0
2025-09-06 00:00:00,Bread_Whole,202,2.51,507.95,0,0,1,0
2025-09-07 00:00:00,Bread_Whole,189,2.52,475.54,0,0,1,0
2025-09-08 00:00:00,Bread_Whole,195,2.52,490.89,0,0,0,0
2025-09-09 00:00:00,Bread_Whole,218,2.52,549.24,0,0,0,0
2025-09-10 00:00:00,Bread_Whole,212,2.52,534.28,0,0,0,0
2025-09-11 00:00:00,Bread_Whole,185,2.52,466.62,0,0,0,0
2025-09-12 00:00:00,Bread_Whole,194,2.52,488.4,0,0,0,0
2025-09-13 00:00:00,Bread_Whole,189,2.52,476.11,0,0,1,0
2025-09-14 00:00:00,Bread_Whole,250,2.24,559.19,1,0,1,0
2025-09-15 00:00:00,Bread_Whole,268,2.27,608.77,1,0,0,0
2025-09-16 00:00:00,Bread_Whole,277,2.25,623.83,1,0,0,0
2025-09-17 00:00:00,Bread_Whole,243,2.24,544.52,1,0,0,0
2025-09-18 00:00:00,Bread_Whole,252,2.31,582.4,1,0,0,0
2025-09-19 00:00:00,Bread_Whole,247,2.25,556.14,1,0,0,0
2025-09-20 00:00:00,Bread_Whole,205,2.52,515.59,0,0,1,0
2025-09-21 00:00:00,Bread_Whole,193,2.51,484.52,0,0,1,0
2025-09-22 00:00:00,Bread_Whole,209,2.51,525.13,0,0,0,0
2025-09-23 00:00:00,Bread_Whole,201,2.51,505.44,0,0,0,0
2025-09-24 00:00:00,Bread_Whole,207,2.51,520.17,0,0,0,0
2025-09-25 00:00:00,Bread_Whole,199,2.51,499.9,0,0,0,0
2025-09-26 00:00:00,Bread_Whole,211,2.51,529.71,0,0,0,0
2025-09-27 00:00:00,Bread_Whole,196,2.51,491.37,0,0,1,0
2025-09-28 00:00:00,Bread_Whole,207,2.51,519.14,0,0,1,0
2025-09-29 00:00:00,Bread_Whole,208,2.51,521.63,0,0,0,0
2025-09-30 00:00:00,Bread_Whole,190,2.51,476.5,0,0,0,0
2025-10-01 00:00:00,Bread_Whole,207,2.51,518.63,0,0,0,0
2025-10-02 00:00:00,Bread_Whole,196,2.51,491.19,0,0,0,0
2025-10-03 00:00:00,Bread_Whole,199,2.51,498.78,0,0,0,0
2025-10-04 00:00:00,Bread_Whole,204,2.51,511.57,0,0,1,0
2025-10-05 00:00:00,Bread_Whole,196,2.51,491.24,0,0,1,0
2025-10-06 00:00:00,Bread_Whole,199,2.51,499.12,0,0,0,0
2025-10-07 00:00:00,Bread_Whole,230,2.51,576.91,0,0,0,0
2025-10-08 00:00:00,Bread_Whole,195,2.51,489.37,0,0,0,0
2025-10-09 00:00:00,Bread_Whole,199,2.51,500.19,0,0,0,0
2025-10-10 00:00:00,Bread_Whole,192,2.51,482.85,0,0,0,0
2025-10-11 00:00:00,Bread_Whole,203,2.51,510.03,0,0,1,0
2025-10-12 00:00:00,Bread_Whole,199,2.51,499.93,0,0,1,0
2025-10-13 00:00:00,Bread_Whole,229,2.52,576.35,0,1,0,0
2025-10-14 00:00:00,Bread_Whole,216,2.52,544.19,0,0,0,0
2025-10-15 00:00:00,Bread_Whole,218,2.52,549.44,0,0,0,0
2025-10-16 00:00:00,Bread_Whole,210,2.52,529.21,0,0,0,0
2025-10-17 00:00:00,Bread_Whole,193,2.52,486.17,0,0,0,0
2025-10-18 00:00:00,Bread_Whole,203,2.52,511.61,0,0,1,0
2025-10-19 00:00:00,Bread_Whole,194,2.52,488.74,0,0,1,0
2025-10-20 00:00:00,Bread_Whole,203,2.52,511.89,0,0,0,0
2025-10-21 00:00:00,Bread_Whole,202,2.52,508.67,0,0,0,0
2025-10-22 00:00:00,Bread_Whole,211,2.51,530.04,0,0,0,0
2025-10-23 00:00:00,Bread_Whole,207,2.51,519.99,0,0,0,0
2025-10-24 00:00:00,Bread_Whole,171,2.51,429.3,0,0,0,0
2025-10-25 00:00:00,Bread_Whole,197,2.51,494.7,0,0,1,0
2025-10-26 00:00:00,Bread_Whole,197,2.51,494.13,0,0,1,0
2025-10-27 00:00:00,Bread_Whole,195,2.5,488.44,0,0,0,0
2025-10-28 00:00:00,Bread_Whole,216,2.51,541.59,0,0,0,0
2025-10-29 00:00:00,Bread_Whole,235,2.51,589.56,0,0,0,0
2025-10-30 00:00:00,Bread_Whole,215,2.51,539.46,0,0,0,0
2025-10-31 00:00:00,Bread_Whole,182,2.51,456.94,0,0,0,0
2025-11-01 00:00:00,Bread_Whole,204,2.51,512.49,0,0,1,0
2025-11-02 00:00:00,Bread_Whole,200,2.51,501.79,0,0,1,0
2025-11-03 00:00:00,Bread_Whole,193,2.51,484.42,0,0,0,0
2025-11-04 00:00:00,Bread_Whole,208,2.51,521.82,0,0,0,0
2025-11-05 00:00:00,Bread_Whole,214,2.51,536.42,0,0,0,0
2025-11-06 00:00:00,Bread_Whole,206,2.5,515.98,0,0,0,0
2025-11-07 00:00:00,Bread_Whole,197,2.51,493.97,0,0,0,0
2025-11-08 00:00:00,Bread_Whole,199,2.5,498.43,0,0,1,0
2025-11-09 00:00:00,Bread_Whole,194,2.51,486.07,0,0,1,0
2025-11-10 00:00:00,Bread_Whole,201,2.5,503.43,0,0,0,0
2025-11-11 00:00:00,Bread_Whole,238,2.5,594.86,0,1,0,0
2025-11-12 00:00:00,Bread_Whole,221,2.5,552.36,0,0,0,0
2025-11-13 00:00:00,Bread_Whole,221,2.5,552.3,0,0,0,0
2025-11-14 00:00:00,Bread_Whole,204,2.5,509.87,0,0,0,0
2025-11-15 00:00:00,Bread_Whole,208,2.5,519.86,0,0,1,0
2025-11-16 00:00:00,Bread_Whole,204,2.5,509.66,0,0,1,0
2025-11-17 00:00:00,Bread_Whole,210,2.5,524.61,0,0,0,0
2025-11-18 00:00:00,Bread_Whole,216,2.5,538.94,0,0,0,0
2025-11-19 00:00:00,Bread_Whole,220,2.49,548.63,0,0,0,0
2025-11-20 00:00:00,Bread_Whole,206,2.49,512.9,0,0,0,0
2025-11-21 00:00:00,Bread_Whole,198,2.49,492.74,0,0,0,0
2025-11-22 00:00:00,Bread_Whole,203,2.49,505.29,0,0,1,0
2025-11-23 00:00:00,Bread_Whole,202,2.49,502.67,0,0,1,0
2025-11-24 00:00:00,Bread_Whole,247,2.3,567.65,1,0,0,0
2025-11-25 00:00:00,Bread_Whole,276,2.3,634.64,1,0,0,0
2025-11-26 00:00:00,Bread_Whole,260,2.24,583.37,1,0,0,0
2025-11-27 00:00:00,Bread_Whole,288,2.36,678.59,1,1,0,0
2025-11-28 00:00:00,Bread_Whole,250,2.24,559.71,1,0,0,0
2025-11-29 00:00:00,Bread_Whole,256,2.23,570.38,1,0,1,0
2025-11-30 00:00:00,Bread_Whole,248,2.19,542.9,1,0,1,0
2025-12-01 00:00:00,Bread_Whole,216,2.48,535.05,0,0,0,0
2025-12-02 00:00:00,Bread_Whole,214,2.47,528.81,0,0,0,0
2025-12-03 00:00:00,Bread_Whole,222,2.47,548.38,0,0,0,0
2025-12-04 00:00:00,Bread_Whole,206,2.47,509.55,0,0,0,0
2025-12-05 00:00:00,Bread_Whole,205,2.47,507.34,0,0,0,0
2025-12-06 00:00:00,Bread_Whole,214,2.48,530.64,0,0,1,0
2025-12-07 00:00:00,Bread_Whole,200,2.48,495.79,0,0,1,0
2025-12-08 00:00:00,Bread_Whole,208,2.48,515.71,0,0,0,0
2025-12-09 00:00:00,Bread_Whole,236,2.48,585.52,0,0,0,0
2025-12-10 00:00:00,Bread_Whole,235,2.48,583.01,0,0,0,0
2025-12-11 00:00:00,Bread_Whole,228,2.48,565.81,0,0,0,0
2025-12-12 00:00:00,Bread_Whole,216,2.48,535.56,0,0,0,0
2025-12-13 00:00:00,Bread_Whole,207,2.48,513.58,0,0,1,0
2025-12-14 00:00:00,Bread_Whole,229,2.48,568.21,0,0,1,0
2025-12-15 00:00:00,Bread_Whole,221,2.48,547.05,0,0,0,0
2025-12-16 00:00:00,Bread_Whole,276,2.26,624.59,1,0,0,0
2025-12-17 00:00:00,Bread_Whole,276,2.23,615.77,1,0,0,0
2025-12-18 00:00:00,Bread_Whole,263,2.28,600.25,1,0,0,0
2025-12-19 00:00:00,Bread_Whole,268,2.21,591.97,1,0,0,0
2025-12-20 00:00:00,Bread_Whole,247,2.27,561.48,1,0,1,0
2025-12-21 00:00:00,Bread_Whole,261,2.31,602.56,1,0,1,0
2025-12-22 00:00:00,Bread_Whole,265,2.22,588.36,1,0,0,0
2025-12-23 00:00:00,Bread_Whole,281,2.22,624.89,1,0,0,0
2025-12-24 00:00:00,Bread_Whole,279,2.21,615.67,1,0,0,0
2025-12-25 00:00:00,Bread_Whole,294,2.22,652.85,1,1,0,0
2025-12-26 00:00:00,Bread_Whole,269,2.3,618.44,1,0,0,0
2025-12-27 00:00:00,Bread_Whole,267,2.23,594.2,1,0,1,0
2025-12-28 00:00:00,Bread_Whole,278,2.23,619.75,1,0,1,0
2025-12-29 00:00:00,Bread_Whole,265,2.19,579.78,1,0,0,0
2025-12-30 00:00:00,Bread_Whole,278,2.36,655.64,1,0,0,0
2025-12-31 00:00:00,Bread_Whole,286,2.21,631.13,1,0,0,0
2026-01-01 00:00:00,Bread_Whole,245,2.49,609.79,0,1,0,0
2026-01-02 00:00:00,Bread_Whole,228,2.49,567.13,0,0,0,0
2026-01-03 00:00:00,Bread_Whole,224,2.49,557.24,0,0,1,0
2026-01-04 00:00:00,Bread_Whole,218,2.49,543,0,0,1,0
2026-01-05 00:00:00,Bread_Whole,214,2.49,532.01,0,0,0,0
2026-01-06 00:00:00,Bread_Whole,276,2.31,638,1,0,0,0
2026-01-07 00:00:00,Bread_Whole,304,2.34,712.45,1,0,0,0
2026-01-08 00:00:00,Bread_Whole,277,2.21,611.05,1,0,0,0
2026-01-09 00:00:00,Bread_Whole,263,2.31,607.6,1,0,0,0
2026-01-10 00:00:00,Bread_Whole,271,2.19,593.19,1,0,1,0
2026-01-11 00:00:00,Bread_Whole,284,2.32,659.28,1,0,1,0
2026-01-12 00:00:00,Bread_Whole,233,2.48,578.64,0,0,0,0
2026-01-13 00:00:00,Bread_Whole,231,2.48,573.17,0,0,0,0
2026-01-14 00:00:00,Bread_Whole,242,2.48,600.74,0,0,0,0
2026-01-15 00:00:00,Bread_Whole,235,2.48,582.79,0,0,0,0
2026-01-16 00:00:00,Bread_Whole,213,2.48,527.65,0,0,0,0
2026-01-17 00:00:00,Bread_Whole,212,2.48,525.17,0,0,1,0
2026-01-18 00:00:00,Bread_Whole,211,2.48,522.59,0,0,1,0
2026-01-19 00:00:00,Bread_Whole,257,2.48,637.52,0,1,0,0
2026-01-20 00:00:00,Bread_Whole,238,2.48,590.8,0,0,0,0
2026-01-21 00:00:00,Bread_Whole,241,2.48,598,0,0,0,0
2026-01-22 00:00:00,Bread_Whole,237,2.48,586.8,0,0,0,0
2026-01-23 00:00:00,Bread_Whole,221,2.48,547.48,0,0,0,0
2026-01-24 00:00:00,Bread_Whole,222,2.47,549.41,0,0,1,0
2026-01-25 00:00:00,Bread_Whole,215,2.48,532.42,0,0,1,0
2026-01-26 00:00:00,Bread_Whole,234,2.48,579.39,0,0,0,0
2026-01-27 00:00:00,Bread_Whole,240,2.47,593.49,0,0,0,0
2026-01-28 00:00:00,Bread_Whole,248,2.47,613.71,0,0,0,0
2026-01-29 00:00:00,Bread_Whole,213,2.48,527.56,0,0,0,0
2026-01-30 00:00:00,Bread_Whole,219,2.47,541.48,0,0,0,0
2026-01-31 00:00:00,Bread_Whole,226,2.47,559.11,0,0,1,0
2026-02-01 00:00:00,Bread_Whole,234,2.48,579.57,0,0,1,0
2026-02-02 00:00:00,Bread_Whole,220,2.48,544.91,0,0,0,0
2026-02-03 00:00:00,Bread_Whole,234,2.48,579.97,0,0,0,0
2026-02-04 00:00:00,Bread_Whole,248,2.48,614.57,0,0,0,0
2026-02-05 00:00:00,Bread_Whole,223,2.48,552.4,0,0,0,0
2026-02-06 00:00:00,Bread_Whole,275,2.26,620.31,1,0,0,0
2026-02-07 00:00:00,Bread_Whole,274,2.26,618.68,1,0,1,0
2026-02-08 00:00:00,Bread_Whole,266,2.24,595.44,1,0,1,0
2026-02-09 00:00:00,Bread_Whole,282,2.31,651.34,1,0,0,0
2026-02-10 00:00:00,Bread_Whole,295,2.29,676.98,1,0,0,0
2026-02-11 00:00:00,Bread_Whole,294,2.33,686.45,1,0,0,0
2026-02-12 00:00:00,Bread_Whole,251,2.48,622.01,0,0,0,0
2022-01-01 00:00:00,Cereal_Family,141,3.99,562.59,0,0,1,0
2022-01-02 00:00:00,Cereal_Family,139,3.98,553.79,0,0,1,0
2022-01-03 00:00:00,Cereal_Family,134,3.98,533.15,0,0,0,0
2022-01-04 00:00:00,Cereal_Family,168,3.98,668.52,0,0,0,0
2022-01-05 00:00:00,Cereal_Family,198,3.72,736.86,1,0,0,0
2022-01-06 00:00:00,Cereal_Family,176,3.55,624.62,1,0,0,0
2022-01-07 00:00:00,Cereal_Family,177,3.71,656.38,1,0,0,0
2022-01-08 00:00:00,Cereal_Family,148,3.77,558.08,1,0,1,0
2022-01-09 00:00:00,Cereal_Family,160,3.56,569.59,1,0,1,0
2022-01-10 00:00:00,Cereal_Family,180,3.73,672.03,1,0,0,0
2022-01-11 00:00:00,Cereal_Family,143,3.98,569.46,0,0,0,0
2022-01-12 00:00:00,Cereal_Family,167,3.99,665.74,0,0,0,0
2022-01-13 00:00:00,Cereal_Family,145,3.99,578.7,0,0,0,0
2022-01-14 00:00:00,Cereal_Family,124,3.99,495.15,0,0,0,0
2022-01-15 00:00:00,Cereal_Family,148,3.99,590.87,0,0,1,0
2022-01-16 00:00:00,Cereal_Family,135,3.99,539.24,0,0,1,0
2022-01-17 00:00:00,Cereal_Family,152,3.99,605.92,0,1,0,0
2022-01-18 00:00:00,Cereal_Family,153,3.98,609.58,0,0,0,0
2022-01-19 00:00:00,Cereal_Family,161,3.98,641.28,0,0,0,0
2022-01-20 00:00:00,Cereal_Family,146,3.99,582.18,0,0,0,0
2022-01-21 00:00:00,Cereal_Family,145,3.99,578.66,0,0,0,0
2022-01-22 00:00:00,Cereal_Family,148,3.99,590.33,0,0,1,0
2022-01-23 00:00:00,Cereal_Family,154,3.99,614.38,0,0,1,0
2022-01-24 00:00:00,Cereal_Family,129,3.99,514.52,0,0,0,0
2022-01-25 00:00:00,Cereal_Family,156,3.99,622.33,0,0,0,0
2022-01-26 00:00:00,Cereal_Family,152,3.99,605.88,0,0,0,0
2022-01-27 00:00:00,Cereal_Family,154,3.99,613.72,0,0,0,0
2022-01-28 00:00:00,Cereal_Family,147,3.98,584.99,0,0,0,0
2022-01-29 00:00:00,Cereal_Family,144,3.97,571.56,0,0,1,0
2022-01-30 00:00:00,Cereal_Family,154,3.97,611.29,0,0,1,0
2022-01-31 00:00:00,Cereal_Family,154,3.97,611.57,0,0,0,0
2022-02-01 00:00:00,Cereal_Family,165,3.97,655.41,0,0,0,0
2022-02-02 00:00:00,Cereal_Family,168,3.97,666.73,0,0,0,0
2022-02-03 00:00:00,Cereal_Family,151,3.97,599.29,0,0,0,0
2022-02-04 00:00:00,Cereal_Family,151,3.98,600.61,0,0,0,0
2022-02-05 00:00:00,Cereal_Family,144,3.98,573.59,0,0,1,0
2022-02-06 00:00:00,Cereal_Family,129,3.98,513.3,0,0,1,0
2022-02-07 00:00:00,Cereal_Family,141,3.97,560.42,0,0,0,0
2022-02-08 00:00:00,Cereal_Family,164,3.97,651.63,0,0,0,0
2022-02-09 00:00:00,Cereal_Family,160,3.98,636.38,0,0,0,0
2022-02-10 00:00:00,Cereal_Family,175,3.98,695.85,0,0,0,0
2022-02-11 00:00:00,Cereal_Family,147,3.98,584.71,0,0,0,0
2022-02-12 00:00:00,Cereal_Family,130,3.98,517.28,0,0,1,0
2022-02-13 00:00:00,Cereal_Family,144,3.98,573.43,0,0,1,0
2022-02-14 00:00:00,Cereal_Family,148,3.99,589.89,0,0,0,0
2022-02-15 00:00:00,Cereal_Family,180,3.99,717.34,0,0,0,0
2022-02-16 00:00:00,Cereal_Family,187,3.98,744.2,0,0,0,0
2022-02-17 00:00:00,Cereal_Family,144,3.98,572.8,0,0,0,0
2022-02-18 00:00:00,Cereal_Family,138,3.98,548.58,0,0,0,0
2022-02-19 00:00:00,Cereal_Family,141,3.98,560.95,0,0,1,0
2022-02-20 00:00:00,Cereal_Family,163,3.98,648.76,0,0,1,0
2022-02-21 00:00:00,Cereal_Family,177,3.98,704.78,0,1,0,0
2022-02-22 00:00:00,Cereal_Family,152,3.98,604.71,0,0,0,0
2022-02-23 00:00:00,Cereal_Family,157,3.98,624.47,0,0,0,0
2022-02-24 00:00:00,Cereal_Family,163,3.98,649.06,0,0,0,0
2022-02-25 00:00:00,Cereal_Family,151,3.98,601.08,0,0,0,0
2022-02-26 00:00:00,Cereal_Family,151,3.98,600.67,0,0,1,0
2022-02-27 00:00:00,Cereal_Family,136,3.97,540.53,0,0,1,0
2022-02-28 00:00:00,Cereal_Family,172,3.97,683.39,0,0,0,0
2022-03-01 00:00:00,Cereal_Family,148,3.97,588.24,0,0,0,0
2022-03-02 00:00:00,Cereal_Family,164,3.97,651.38,0,0,0,0
2022-03-03 00:00:00,Cereal_Family,156,3.97,619.13,0,0,0,0
2022-03-04 00:00:00,Cereal_Family,158,3.97,627.31,0,0,0,0
2022-03-05 00:00:00,Cereal_Family,141,3.96,559.01,0,0,1,0
2022-03-06 00:00:00,Cereal_Family,142,3.97,564.16,0,0,1,0
2022-03-07 00:00:00,Cereal_Family,170,3.97,675.53,0,0,0,0
2022-03-08 00:00:00,Cereal_Family,183,3.98,727.65,0,0,0,0
2022-03-09 00:00:00,Cereal_Family,172,3.98,684.62,0,0,0,0
2022-03-10 00:00:00,Cereal_Family,160,3.98,637.52,0,0,0,0
2022-03-11 00:00:00,Cereal_Family,152,3.98,605.61,0,0,0,0
2022-03-12 00:00:00,Cereal_Family,146,3.98,581.3,0,0,1,0
2022-03-13 00:00:00,Cereal_Family,167,3.98,664.11,0,0,1,0
2022-03-14 00:00:00,Cereal_Family,163,3.98,648.34,0,0,0,0
2022-03-15 00:00:00,Cereal_Family,172,3.97,683.12,0,0,0,0
2022-03-16 00:00:00,Cereal_Family,169,3.97,670.63,0,0,0,0
2022-03-17 00:00:00,Cereal_Family,167,3.97,663.14,0,0,0,0
2022-03-18 00:00:00,Cereal_Family,142,3.97,564.17,0,0,0,0
2022-03-19 00:00:00,Cereal_Family,132,3.96,523.24,0,0,1,0
2022-03-20 00:00:00,Cereal_Family,165,3.96,653.77,0,0,1,0
2022-03-21 00:00:00,Cereal_Family,172,3.96,681.46,0,0,0,0
2022-03-22 00:00:00,Cereal_Family,182,3.97,722.29,0,0,0,0
2022-03-23 00:00:00,Cereal_Family,184,3.97,730.74,0,0,0,0
2022-03-24 00:00:00,Cereal_Family,176,3.75,659.65,1,0,0,0
2022-03-25 00:00:00,Cereal_Family,183,3.73,682.2,1,0,0,0
2022-03-26 00:00:00,Cereal_Family,201,3.74,751.74,1,0,1,0
2022-03-27 00:00:00,Cereal_Family,180,3.56,640.08,1,0,1,0
2022-03-28 00:00:00,Cereal_Family,184,3.75,690,1,0,0,0
2022-03-29 00:00:00,Cereal_Family,216,3.54,764.15,1,0,0,0
2022-03-30 00:00:00,Cereal_Family,161,3.99,641.91,0,0,0,0
2022-03-31 00:00:00,Cereal_Family,183,3.99,729.99,0,0,0,0
2022-04-01 00:00:00,Cereal_Family,153,4,611.27,0,0,0,0
2022-04-02 00:00:00,Cereal_Family,149,4,595.43,0,0,1,0
2022-04-03 00:00:00,Cereal_Family,138,3.99,551.22,0,0,1,0
2022-04-04 00:00:00,Cereal_Family,162,3.99,647.07,0,0,0,0
2022-04-05 00:00:00,Cereal_Family,166,3.99,662.6,0,0,0,0
2022-04-06 00:00:00,Cereal_Family,163,3.99,650.61,0,0,0,0
2022-04-07 00:00:00,Cereal_Family,175,3.99,698.69,0,0,0,0
2022-04-08 00:00:00,Cereal_Family,157,4,627.41,0,0,0,0
2022-04-09 00:00:00,Cereal_Family,153,4,612.44,0,0,1,0
2022-04-10 00:00:00,Cereal_Family,154,4.01,617.09,0,0,1,0
2022-04-11 00:00:00,Cereal_Family,154,4,615.92,0,0,0,0
2022-04-12 00:00:00,Cereal_Family,165,3.99,658.96,0,0,0,0
2022-04-13 00:00:00,Cereal_Family,177,3.99,706.36,0,0,0,0
2022-04-14 00:00:00,Cereal_Family,147,3.99,586.96,0,0,0,0
2022-04-15 00:00:00,Cereal_Family,165,3.99,658.66,0,0,0,0
2022-04-16 00:00:00,Cereal_Family,151,3.99,603.23,0,0,1,0
2022-04-17 00:00:00,Cereal_Family,158,4,631.65,0,0,1,0
2022-04-18 00:00:00,Cereal_Family,153,4,611.35,0,0,0,0
2022-04-19 00:00:00,Cereal_Family,168,4,671.94,0,0,0,0
2022-04-20 00:00:00,Cereal_Family,180,3.99,719.04,0,0,0,0
2022-04-21 00:00:00,Cereal_Family,157,4,627.62,0,0,0,0
2022-04-22 00:00:00,Cereal_Family,129,4,515.62,0,0,0,0
2022-04-23 00:00:00,Cereal_Family,146,4,583.81,0,0,1,0
2022-04-24 00:00:00,Cereal_Family,169,4,676.46,0,0,1,0
2022-04-25 00:00:00,Cereal_Family,149,4,595.95,0,0,0,0
2022-04-26 00:00:00,Cereal_Family,162,4,647.67,0,0,0,0
2022-04-27 00:00:00,Cereal_Family,186,4,744.23,0,0,0,0
2022-04-28 00:00:00,Cereal_Family,153,4,612.36,0,0,0,0
2022-04-29 00:00:00,Cereal_Family,143,4.01,572.73,0,0,0,0
2022-04-30 00:00:00,Cereal_Family,149,4.01,596.76,0,0,1,0
2022-05-01 00:00:00,Cereal_Family,156,4,624.03,0,0,1,0
2022-05-02 00:00:00,Cereal_Family,156,4.01,624.98,0,0,0,0
2022-05-03 00:00:00,Cereal_Family,167,4,668.82,0,0,0,0
2022-05-04 00:00:00,Cereal_Family,171,4.01,685.4,0,0,0,0
2022-05-05 00:00:00,Cereal_Family,155,4.01,621.35,0,0,0,0
2022-05-06 00:00:00,Cereal_Family,137,4.01,549.76,0,0,0,0
2022-05-07 00:00:00,Cereal_Family,145,4.01,581.04,0,0,1,0
2022-05-08 00:00:00,Cereal_Family,168,3.72,624.88,1,0,1,0
2022-05-09 00:00:00,Cereal_Family,200,3.65,730.24,1,0,0,0
2022-05-10 00:00:00,Cereal_Family,204,3.59,732.59,1,0,0,0
2022-05-11 00:00:00,Cereal_Family,197,3.66,720.33,1,0,0,0
2022-05-12 00:00:00,Cereal_Family,203,3.66,743.25,1,0,0,0
2022-05-13 00:00:00,Cereal_Family,179,3.62,648.38,1,0,0,0
2022-05-14 00:00:00,Cereal_Family,160,4,640.61,0,0,1,0
2022-05-15 00:00:00,Cereal_Family,161,4,644.72,0,0,1,0
2022-05-16 00:00:00,Cereal_Family,137,4,548.67,0,0,0,0
2022-05-17 00:00:00,Cereal_Family,161,4.01,645.71,0,0,0,0
2022-05-18 00:00:00,Cereal_Family,164,4.01,657.96,0,0,0,0
2022-05-19 00:00:00,Cereal_Family,156,4.01,625.57,0,0,0,0
2022-05-20 00:00:00,Cereal_Family,140,4.01,561.19,0,0,0,0
2022-05-21 00:00:00,Cereal_Family,130,4.01,520.7,0,0,1,0
2022-05-22 00:00:00,Cereal_Family,150,4.01,601.14,0,0,1,0
2022-05-23 00:00:00,Cereal_Family,152,4.01,608.91,0,0,0,0
2022-05-24 00:00:00,Cereal_Family,144,4,576.63,0,0,0,0
2022-05-25 00:00:00,Cereal_Family,168,4.01,673.4,0,0,0,0
2022-05-26 00:00:00,Cereal_Family,144,4,576.36,0,0,0,0
2022-05-27 00:00:00,Cereal_Family,133,4,531.82,0,0,0,0
2022-05-28 00:00:00,Cereal_Family,164,3.99,654.89,0,0,1,0
2022-05-29 00:00:00,Cereal_Family,137,3.99,547.07,0,0,1,0
2022-05-30 00:00:00,Cereal_Family,169,3.99,674.88,0,1,0,0
2022-05-31 00:00:00,Cereal_Family,172,3.99,686.58,0,0,0,0
2022-06-01 00:00:00,Cereal_Family,162,3.99,646.13,0,0,0,0
2022-06-02 00:00:00,Cereal_Family,160,3.99,638.58,0,0,0,0
2022-06-03 00:00:00,Cereal_Family,146,3.99,582.91,0,0,0,0
2022-06-04 00:00:00,Cereal_Family,133,3.99,530.75,0,0,1,0
2022-06-05 00:00:00,Cereal_Family,164,3.99,654.42,0,0,1,0
2022-06-06 00:00:00,Cereal_Family,136,3.99,542,0,0,0,0
2022-06-07 00:00:00,Cereal_Family,157,3.98,625.07,0,0,0,0
2022-06-08 00:00:00,Cereal_Family,147,3.98,585.55,0,0,0,0
2022-06-09 00:00:00,Cereal_Family,147,3.98,585.59,0,0,0,0
2022-06-10 00:00:00,Cereal_Family,131,3.98,521.59,0,0,0,0
2022-06-11 00:00:00,Cereal_Family,145,3.98,577.58,0,0,1,0
2022-06-12 00:00:00,Cereal_Family,129,3.99,514.17,0,0,1,0
2022-06-13 00:00:00,Cereal_Family,139,3.98,553.84,0,0,0,0
2022-06-14 00:00:00,Cereal_Family,161,3.99,642.03,0,0,0,0
2022-06-15 00:00:00,Cereal_Family,166,3.99,662.38,0,0,0,0
2022-06-16 00:00:00,Cereal_Family,145,3.99,578.39,0,0,0,0
2022-06-17 00:00:00,Cereal_Family,133,3.99,530.83,0,0,0,0
2022-06-18 00:00:00,Cereal_Family,137,3.99,547.09,0,0,1,0
2022-06-19 00:00:00,Cereal_Family,150,3.99,599.24,0,0,1,0
2022-06-20 00:00:00,Cereal_Family,175,3.99,699,0,1,0,0
2022-06-21 00:00:00,Cereal_Family,180,3.74,673.99,1,0,0,0
2022-06-22 00:00:00,Cereal_Family,196,3.79,743.46,1,0,0,0
2022-06-23 00:00:00,Cereal_Family,190,3.66,695.38,1,0,0,0
2022-06-24 00:00:00,Cereal_Family,164,3.59,589.45,1,0,0,0
2022-06-25 00:00:00,Cereal_Family,179,3.55,635.36,1,0,1,0
2022-06-26 00:00:00,Cereal_Family,161,3.55,571.33,1,0,1,0
2022-06-27 00:00:00,Cereal_Family,150,3.99,598.93,0,0,0,0
2022-06-28 00:00:00,Cereal_Family,160,3.99,639.2,0,0,0,0
2022-06-29 00:00:00,Cereal_Family,169,3.99,674.26,0,0,0,0
2022-06-30 00:00:00,Cereal_Family,156,3.99,621.84,0,0,0,0
2022-07-01 00:00:00,Cereal_Family,138,3.99,550.27,0,0,0,0
2022-07-02 00:00:00,Cereal_Family,117,3.99,466.99,0,0,1,0
2022-07-03 00:00:00,Cereal_Family,144,3.99,574.6,0,0,1,0
2022-07-04 00:00:00,Cereal_Family,179,3.99,714.79,0,1,0,0
2022-07-05 00:00:00,Cereal_Family,165,3.99,659.04,0,0,0,0
2022-07-06 00:00:00,Cereal_Family,153,4,612.44,0,0,0,0
2022-07-07 00:00:00,Cereal_Family,152,4,608.03,0,0,0,0
2022-07-08 00:00:00,Cereal_Family,128,4,512.25,0,0,0,0
2022-07-09 00:00:00,Cereal_Family,136,4.01,545.12,0,0,1,0
2022-07-10 00:00:00,Cereal_Family,142,4,568.37,0,0,1,0
2022-07-11 00:00:00,Cereal_Family,132,4.01,529.36,0,0,0,0
2022-07-12 00:00:00,Cereal_Family,143,4.02,574.16,0,0,0,0
2022-07-13 00:00:00,Cereal_Family,133,4.01,533.91,0,0,0,0
2022-07-14 00:00:00,Cereal_Family,140,4.02,562.77,0,0,0,0
2022-07-15 00:00:00,Cereal_Family,128,4.02,514.99,0,0,0,0
2022-07-16 00:00:00,Cereal_Family,125,4.02,502.96,0,0,1,0
2022-07-17 00:00:00,Cereal_Family,122,4.02,490.91,0,0,1,0
2022-07-18 00:00:00,Cereal_Family,149,4.02,598.55,0,0,0,0
2022-07-19 00:00:00,Cereal_Family,151,4.02,606.8,0,0,0,0
2022-07-20 00:00:00,Cereal_Family,165,4.02,662.66,0,0,0,0
2022-07-21 00:00:00,Cereal_Family,154,4.01,617.18,0,0,0,0
2022-07-22 00:00:00,Cereal_Family,135,4,540.26,0,0,0,0
2022-07-23 00:00:00,Cereal_Family,133,4.01,532.67,0,0,1,0
2022-07-24 00:00:00,Cereal_Family,140,4.02,562.17,0,0,1,0
2022-07-25 00:00:00,Cereal_Family,122,4.01,489.6,0,0,0,0
2022-07-26 00:00:00,Cereal_Family,140,4.01,562.06,0,0,0,0
2022-07-27 00:00:00,Cereal_Family,149,4.01,597.8,0,0,0,0
2022-07-28 00:00:00,Cereal_Family,148,4.01,594.18,0,0,0,0
2022-07-29 00:00:00,Cereal_Family,115,4.01,461.67,0,0,0,0
2022-07-30 00:00:00,Cereal_Family,105,4.01,421.29,0,0,1,0
2022-07-31 00:00:00,Cereal_Family,110,4.01,441.36,0,0,1,0
2022-08-01 00:00:00,Cereal_Family,134,4.01,537.87,0,0,0,0
2022-08-02 00:00:00,Cereal_Family,131,4.01,525.7,0,0,0,0
2022-08-03 00:00:00,Cereal_Family,131,4.01,524.86,0,0,0,0
2022-08-04 00:00:00,Cereal_Family,121,4.01,484.68,0,0,0,0
2022-08-05 00:00:00,Cereal_Family,134,4.01,536.69,0,0,0,0
2022-08-06 00:00:00,Cereal_Family,131,4.01,524.73,0,0,1,0
2022-08-07 00:00:00,Cereal_Family,147,4,588.19,0,0,1,0
2022-08-08 00:00:00,Cereal_Family,139,4.01,556.71,0,0,0,0
2022-08-09 00:00:00,Cereal_Family,154,4.01,617.24,0,0,0,0
2022-08-10 00:00:00,Cereal_Family,140,4.01,560.98,0,0,0,0
2022-08-11 00:00:00,Cereal_Family,136,4.01,545.33,0,0,0,0
2022-08-12 00:00:00,Cereal_Family,116,4.01,464.75,0,0,0,0
2022-08-13 00:00:00,Cereal_Family,120,4,480.43,0,0,1,0
2022-08-14 00:00:00,Cereal_Family,123,4,492.45,0,0,1,0
2022-08-15 00:00:00,Cereal_Family,122,4,488.6,0,0,0,0
2022-08-16 00:00:00,Cereal_Family,147,4,588.72,0,0,0,0
2022-08-17 00:00:00,Cereal_Family,143,4,572.41,0,0,0,0
2022-08-18 00:00:00,Cereal_Family,117,4.01,468.61,0,0,0,0
2022-08-19 00:00:00,Cereal_Family,112,4.01,448.78,0,0,0,0
2022-08-20 00:00:00,Cereal_Family,131,4,524.39,0,0,1,0
2022-08-21 00:00:00,Cereal_Family,136,4,544.03,0,0,1,0
2022-08-22 00:00:00,Cereal_Family,145,4,580.46,0,0,0,0
2022-08-23 00:00:00,Cereal_Family,141,4,564.61,0,0,0,0
2022-08-24 00:00:00,Cereal_Family,130,4,520.49,0,0,0,0
2022-08-25 00:00:00,Cereal_Family,146,4.01,585.07,0,0,0,0
2022-08-26 00:00:00,Cereal_Family,116,4.01,465.07,0,0,0,0
2022-08-27 00:00:00,Cereal_Family,120,4,480.43,0,0,1,0
2022-08-28 00:00:00,Cereal_Family,119,4,476.15,0,0,1,0
2022-08-29 00:00:00,Cereal_Family,124,4.01,496.87,0,0,0,0
2022-08-30 00:00:00,Cereal_Family,125,4.01,500.65,0,0,0,0
2022-08-31 00:00:00,Cereal_Family,140,4,560.28,0,0,0,0
2022-09-01 00:00:00,Cereal_Family,129,4.01,516.81,0,0,0,0
2022-09-02 00:00:00,Cereal_Family,119,4.01,476.8,0,0,0,0
2022-09-03 00:00:00,Cereal_Family,143,4.01,573.38,0,0,1,0
2022-09-04 00:00:00,Cereal_Family,127,4.01,509.07,0,0,1,0
2022-09-05 00:00:00,Cereal_Family,160,4.01,640.96,0,1,0,0
2022-09-06 00:00:00,Cereal_Family,135,4.01,541.95,0,0,0,0
2022-09-07 00:00:00,Cereal_Family,144,4.01,577.9,0,0,0,0
2022-09-08 00:00:00,Cereal_Family,134,4.01,536.85,0,0,0,0
2022-09-09 00:00:00,Cereal_Family,111,4.01,445.2,0,0,0,0
2022-09-10 00:00:00,Cereal_Family,125,4.01,500.85,0,0,1,0
2022-09-11 00:00:00,Cereal_Family,112,4.01,449.38,0,0,1,0
2022-09-12 00:00:00,Cereal_Family,120,4.02,481.94,0,0,0,0
2022-09-13 00:00:00,Cereal_Family,144,4.02,578.59,0,0,0,0
2022-09-14 00:00:00,Cereal_Family,144,4.02,579.5,0,0,0,0
2022-09-15 00:00:00,Cereal_Family,133,4.02,535.11,0,0,0,0
2022-09-16 00:00:00,Cereal_Family,115,4.02,462.35,0,0,0,0
2022-09-17 00:00:00,Cereal_Family,105,4.02,421.93,0,0,1,0
2022-09-18 00:00:00,Cereal_Family,111,4.03,446.98,0,0,1,0
2022-09-19 00:00:00,Cereal_Family,104,4.02,418.56,0,0,0,0
2022-09-20 00:00:00,Cereal_Family,146,4.02,586.84,0,0,0,0
2022-09-21 00:00:00,Cereal_Family,135,4.02,542.96,0,0,0,0
2022-09-22 00:00:00,Cereal_Family,118,4.02,474.89,0,0,0,0
2022-09-23 00:00:00,Cereal_Family,124,4.02,498.75,0,0,0,0
2022-09-24 00:00:00,Cereal_Family,95,4.03,382.48,0,0,1,0
2022-09-25 00:00:00,Cereal_Family,114,4.02,458.15,0,0,1,0
2022-09-26 00:00:00,Cereal_Family,133,4.02,534.97,0,0,0,0
2022-09-27 00:00:00,Cereal_Family,116,4.02,466.74,0,0,0,0
2022-09-28 00:00:00,Cereal_Family,159,4.02,639.75,0,0,0,0
2022-09-29 00:00:00,Cereal_Family,136,4.02,546.89,0,0,0,0
2022-09-30 00:00:00,Cereal_Family,125,4.02,502.92,0,0,0,0
2022-10-01 00:00:00,Cereal_Family,111,4.02,446.34,0,0,1,0
2022-10-02 00:00:00,Cereal_Family,92,4.02,370.06,0,0,1,0
2022-10-03 00:00:00,Cereal_Family,128,4.02,514.08,0,0,0,0
2022-10-04 00:00:00,Cereal_Family,137,4.01,549.36,0,0,0,0
2022-10-05 00:00:00,Cereal_Family,154,4.01,617.92,0,0,0,0
2022-10-06 00:00:00,Cereal_Family,141,4.01,565.76,0,0,0,0
2022-10-07 00:00:00,Cereal_Family,115,4.01,461.54,0,0,0,0
2022-10-08 00:00:00,Cereal_Family,113,4.01,453.19,0,0,1,0
2022-10-09 00:00:00,Cereal_Family,113,4.01,453.29,0,0,1,0
2022-10-10 00:00:00,Cereal_Family,129,4.01,516.85,0,1,0,0
2022-10-11 00:00:00,Cereal_Family,170,3.59,609.93,1,0,0,0
2022-10-12 00:00:00,Cereal_Family,150,3.8,569.81,1,0,0,0
2022-10-13 00:00:00,Cereal_Family,191,3.7,707.09,1,0,0,0
2022-10-14 00:00:00,Cereal_Family,145,3.64,528.49,1,0,0,0
2022-10-15 00:00:00,Cereal_Family,168,3.71,623.17,1,0,1,0
2022-10-16 00:00:00,Cereal_Family,159,3.55,564.58,1,0,1,0
2022-10-17 00:00:00,Cereal_Family,105,4,419.9,0,0,0,0
2022-10-18 00:00:00,Cereal_Family,139,4,555.63,0,0,0,0
2022-10-19 00:00:00,Cereal_Family,136,4,543.84,0,0,0,0
2022-10-20 00:00:00,Cereal_Family,129,4,515.46,0,0,0,0
2022-10-21 00:00:00,Cereal_Family,120,4,479.9,0,0,0,0
2022-10-22 00:00:00,Cereal_Family,104,4,415.89,0,0,1,0
2022-10-23 00:00:00,Cereal_Family,124,4,495.87,0,0,1,0
2022-10-24 00:00:00,Cereal_Family,128,4,511.89,0,0,0,0
2022-10-25 00:00:00,Cereal_Family,133,4,531.93,0,0,0,0
2022-10-26 00:00:00,Cereal_Family,143,4,571.47,0,0,0,0
2022-10-27 00:00:00,Cereal_Family,147,4,588.19,0,0,0,0
2022-10-28 00:00:00,Cereal_Family,119,4,476.38,0,0,0,0
2022-10-29 00:00:00,Cereal_Family,124,4,496.58,0,0,1,0
2022-10-30 00:00:00,Cereal_Family,121,4,484.41,0,0,1,0
2022-10-31 00:00:00,Cereal_Family,125,4,499.98,0,0,0,0
2022-11-01 00:00:00,Cereal_Family,154,4,616.71,0,0,0,0
2022-11-02 00:00:00,Cereal_Family,184,3.73,685.8,1,0,0,0
2022-11-03 00:00:00,Cereal_Family,159,3.56,566.68,1,0,0,0
2022-11-04 00:00:00,Cereal_Family,149,3.53,525.53,1,0,0,0
2022-11-05 00:00:00,Cereal_Family,165,3.7,609.76,1,0,1,0
2022-11-06 00:00:00,Cereal_Family,173,3.79,654.94,1,0,1,0
2022-11-07 00:00:00,Cereal_Family,159,3.62,575.22,1,0,0,0
2022-11-08 00:00:00,Cereal_Family,126,3.99,502.88,0,0,0,0
2022-11-09 00:00:00,Cereal_Family,144,3.99,574.2,0,0,0,0
2022-11-10 00:00:00,Cereal_Family,127,3.98,506.05,0,0,0,0
2022-11-11 00:00:00,Cereal_Family,122,3.98,486.01,0,1,0,0
2022-11-12 00:00:00,Cereal_Family,120,3.98,477.21,0,0,1,0
2022-11-13 00:00:00,Cereal_Family,128,3.97,508.72,0,0,1,0
2022-11-14 00:00:00,Cereal_Family,130,3.97,516.69,0,0,0,0
2022-11-15 00:00:00,Cereal_Family,165,3.98,656.49,0,0,0,0
2022-11-16 00:00:00,Cereal_Family,149,3.97,591.89,0,0,0,0
2022-11-17 00:00:00,Cereal_Family,130,3.97,515.82,0,0,0,0
2022-11-18 00:00:00,Cereal_Family,120,3.96,475.75,0,0,0,0
2022-11-19 00:00:00,Cereal_Family,112,3.96,444.06,0,0,1,0
2022-11-20 00:00:00,Cereal_Family,103,3.96,408.39,0,0,1,0
2022-11-21 00:00:00,Cereal_Family,171,3.67,626.84,1,0,0,0
2022-11-22 00:00:00,Cereal_Family,187,3.54,661.22,1,0,0,0
2022-11-23 00:00:00,Cereal_Family,193,3.55,684.94,1,0,0,0
2022-11-24 00:00:00,Cereal_Family,175,3.7,648.12,1,1,0,0
2022-11-25 00:00:00,Cereal_Family,134,3.52,471.85,1,0,0,0
2022-11-26 00:00:00,Cereal_Family,155,3.58,555.27,1,0,1,0
2022-11-27 00:00:00,Cereal_Family,161,3.5,563.79,1,0,1,0
2022-11-28 00:00:00,Cereal_Family,123,3.96,486.89,0,0,0,0
2022-11-29 00:00:00,Cereal_Family,140,3.96,553.9,0,0,0,0
2022-11-30 00:00:00,Cereal_Family,162,3.96,641.13,0,0,0,0
2022-12-01 00:00:00,Cereal_Family,140,3.95,553.53,0,0,0,0
2022-12-02 00:00:00,Cereal_Family,129,3.96,510.39,0,0,0,0
2022-12-03 00:00:00,Cereal_Family,125,3.96,494.48,0,0,1,0
2022-12-04 00:00:00,Cereal_Family,146,3.95,577.38,0,0,1,0
2022-12-05 00:00:00,Cereal_Family,135,3.96,534.1,0,0,0,0
2022-12-06 00:00:00,Cereal_Family,148,3.95,584.8,0,0,0,0
2022-12-07 00:00:00,Cereal_Family,185,3.73,689.45,1,0,0,0
2022-12-08 00:00:00,Cereal_Family,178,3.49,621.9,1,0,0,0
2022-12-09 00:00:00,Cereal_Family,163,3.68,600.49,1,0,0,0
2022-12-10 00:00:00,Cereal_Family,168,3.59,603.21,1,0,1,0
2022-12-11 00:00:00,Cereal_Family,155,3.77,584.56,1,0,1,0
2022-12-12 00:00:00,Cereal_Family,161,3.56,573.75,1,0,0,0
2022-12-13 00:00:00,Cereal_Family,144,3.97,572.06,0,0,0,0
2022-12-14 00:00:00,Cereal_Family,149,3.97,591.74,0,0,0,0
2022-12-15 00:00:00,Cereal_Family,135,3.97,535.93,0,0,0,0
2022-12-16 00:00:00,Cereal_Family,131,3.97,519.44,0,0,0,0
2022-12-17 00:00:00,Cereal_Family,127,3.97,504.09,0,0,1,0
2022-12-18 00:00:00,Cereal_Family,175,3.69,645.24,1,0,1,0
2022-12-19 00:00:00,Cereal_Family,181,3.56,643.81,1,0,0,0
2022-12-20 00:00:00,Cereal_Family,184,3.6,661.62,1,0,0,0
2022-12-21 00:00:00,Cereal_Family,190,3.51,667.53,1,0,0,0
2022-12-22 00:00:00,Cereal_Family,180,3.61,649.03,1,0,0,0
2022-12-23 00:00:00,Cereal_Family,152,3.51,533.16,1,0,0,0
2022-12-24 00:00:00,Cereal_Family,184,3.56,654.81,1,0,1,0
2022-12-25 00:00:00,Cereal_Family,179,3.49,624.79,1,0,1,0
2022-12-26 00:00:00,Cereal_Family,188,3.66,687.51,1,1,0,0
2022-12-27 00:00:00,Cereal_Family,183,3.71,679.06,1,0,0,0
2022-12-28 00:00:00,Cereal_Family,199,3.58,712.48,1,0,0,0
2022-12-29 00:00:00,Cereal_Family,173,3.7,640.82,1,0,0,0
2022-12-30 00:00:00,Cereal_Family,162,3.69,597.59,1,0,0,0
2022-12-31 00:00:00,Cereal_Family,180,3.54,636.37,1,0,1,0
2023-01-01 00:00:00,Cereal_Family,167,3.96,661.27,0,0,1,0
2023-01-02 00:00:00,Cereal_Family,160,3.96,634.28,0,1,0,0
2023-01-03 00:00:00,Cereal_Family,170,3.97,674.1,0,0,0,0
2023-01-04 00:00:00,Cereal_Family,167,3.97,662.37,0,0,0,0
2023-01-05 00:00:00,Cereal_Family,157,3.97,622.56,0,0,0,0
2023-01-06 00:00:00,Cereal_Family,149,3.96,590.19,0,0,0,0
2023-01-07 00:00:00,Cereal_Family,140,3.96,554.87,0,0,1,0
2023-01-08 00:00:00,Cereal_Family,139,3.96,550.91,0,0,1,0
2023-01-09 00:00:00,Cereal_Family,149,3.96,590.42,0,0,0,0
2023-01-10 00:00:00,Cereal_Family,169,3.97,670.21,0,0,0,0
2023-01-11 00:00:00,Cereal_Family,141,3.96,559.06,0,0,0,0
2023-01-12 00:00:00,Cereal_Family,143,3.97,567.97,0,0,0,0
2023-01-13 00:00:00,Cereal_Family,149,3.97,592.18,0,0,0,0
2023-01-14 00:00:00,Cereal_Family,133,3.98,528.97,0,0,1,0
2023-01-15 00:00:00,Cereal_Family,141,3.97,560.42,0,0,1,0
2023-01-16 00:00:00,Cereal_Family,167,3.98,664.31,0,1,0,0
2023-01-17 00:00:00,Cereal_Family,164,3.98,652.1,0,0,0,0
2023-01-18 00:00:00,Cereal_Family,159,3.97,631.47,0,0,0,0
2023-01-19 00:00:00,Cereal_Family,169,3.97,671.52,0,0,0,0
2023-01-20 00:00:00,Cereal_Family,161,3.97,639.83,0,0,0,0
2023-01-21 00:00:00,Cereal_Family,154,3.98,612.2,0,0,1,0
2023-01-22 00:00:00,Cereal_Family,189,3.72,703.44,1,0,1,0
2023-01-23 00:00:00,Cereal_Family,187,3.67,685.55,1,0,0,0
2023-01-24 00:00:00,Cereal_Family,171,3.59,613.8,1,0,0,0
2023-01-25 00:00:00,Cereal_Family,196,3.52,690.57,1,0,0,0
2023-01-26 00:00:00,Cereal_Family,187,3.75,701.37,1,0,0,0
2023-01-27 00:00:00,Cereal_Family,177,3.61,638.41,1,0,0,0
2023-01-28 00:00:00,Cereal_Family,138,3.98,549.56,0,0,1,0
2023-01-29 00:00:00,Cereal_Family,149,3.98,593.35,0,0,1,0
2023-01-30 00:00:00,Cereal_Family,159,3.99,633.75,0,0,0,0
2023-01-31 00:00:00,Cereal_Family,145,3.99,578.22,0,0,0,0
2023-02-01 00:00:00,Cereal_Family,176,3.99,701.61,0,0,0,0
2023-02-02 00:00:00,Cereal_Family,164,3.99,653.76,0,0,0,0
2023-02-03 00:00:00,Cereal_Family,139,3.98,553.69,0,0,0,0
2023-02-04 00:00:00,Cereal_Family,150,3.98,597.45,0,0,1,0
2023-02-05 00:00:00,Cereal_Family,132,3.98,525.71,0,0,1,0
2023-02-06 00:00:00,Cereal_Family,168,3.99,669.66,0,0,0,0
2023-02-07 00:00:00,Cereal_Family,163,3.99,649.93,0,0,0,0
2023-02-08 00:00:00,Cereal_Family,168,3.99,669.83,0,0,0,0
2023-02-09 00:00:00,Cereal_Family,185,3.55,655.92,1,0,0,0
2023-02-10 00:00:00,Cereal_Family,176,3.66,644.03,1,0,0,0
2023-02-11 00:00:00,Cereal_Family,162,3.63,587.79,1,0,1,0
2023-02-12 00:00:00,Cereal_Family,178,3.61,642.16,1,0,1,0
2023-02-13 00:00:00,Cereal_Family,185,3.52,650.84,1,0,0,0
2023-02-14 00:00:00,Cereal_Family,205,3.66,750.46,1,0,0,0
2023-02-15 00:00:00,Cereal_Family,194,3.98,771.73,0,0,0,0
2023-02-16 00:00:00,Cereal_Family,183,3.98,727.69,0,0,0,0
2023-02-17 00:00:00,Cereal_Family,152,3.97,604.02,0,0,0,0
2023-02-18 00:00:00,Cereal_Family,134,3.98,532.78,0,0,1,0
2023-02-19 00:00:00,Cereal_Family,159,3.97,632,0,0,1,0
2023-02-20 00:00:00,Cereal_Family,176,3.97,699.32,0,1,0,0
2023-02-21 00:00:00,Cereal_Family,164,3.98,652.31,0,0,0,0
2023-02-22 00:00:00,Cereal_Family,172,3.98,683.77,0,0,0,0
2023-02-23 00:00:00,Cereal_Family,172,3.97,683.44,0,0,0,0
2023-02-24 00:00:00,Cereal_Family,138,3.97,548.48,0,0,0,0
2023-02-25 00:00:00,Cereal_Family,141,3.97,560.4,0,0,1,0
2023-02-26 00:00:00,Cereal_Family,145,3.97,576.37,0,0,1,0
2023-02-27 00:00:00,Cereal_Family,162,3.98,644.27,0,0,0,0
2023-02-28 00:00:00,Cereal_Family,187,3.98,744.01,0,0,0,0
2023-03-01 00:00:00,Cereal_Family,156,3.98,620.67,0,0,0,0
2023-03-02 00:00:00,Cereal_Family,173,3.98,688.83,0,0,0,0
2023-03-03 00:00:00,Cereal_Family,146,3.97,579.97,0,0,0,0
2023-03-04 00:00:00,Cereal_Family,148,3.97,588.01,0,0,1,0
2023-03-05 00:00:00,Cereal_Family,164,3.97,651.12,0,0,1,0
2023-03-06 00:00:00,Cereal_Family,144,3.97,571.56,0,0,0,0
2023-03-07 00:00:00,Cereal_Family,178,3.97,706.94,0,0,0,0
2023-03-08 00:00:00,Cereal_Family,167,3.97,662.78,0,0,0,0
2023-03-09 00:00:00,Cereal_Family,155,3.97,615.28,0,0,0,0
2023-03-10 00:00:00,Cereal_Family,140,3.97,556.4,0,0,0,0
2023-03-11 00:00:00,Cereal_Family,134,3.97,532.63,0,0,1,0
2023-03-12 00:00:00,Cereal_Family,147,3.97,584.23,0,0,1,0
2023-03-13 00:00:00,Cereal_Family,153,3.97,607.81,0,0,0,0
2023-03-14 00:00:00,Cereal_Family,176,3.97,699.14,0,0,0,0
2023-03-15 00:00:00,Cereal_Family,171,3.97,679.04,0,0,0,0
2023-03-16 00:00:00,Cereal_Family,177,3.97,702.81,0,0,0,0
2023-03-17 00:00:00,Cereal_Family,156,3.98,620.7,0,0,0,0
2023-03-18 00:00:00,Cereal_Family,154,3.98,613.48,0,0,1,0
2023-03-19 00:00:00,Cereal_Family,157,3.98,625.5,0,0,1,0
2023-03-20 00:00:00,Cereal_Family,156,3.99,621.67,0,0,0,0
2023-03-21 00:00:00,Cereal_Family,155,3.98,617.67,0,0,0,0
2023-03-22 00:00:00,Cereal_Family,174,3.98,692.99,0,0,0,0
2023-03-23 00:00:00,Cereal_Family,170,3.99,678.38,0,0,0,0
2023-03-24 00:00:00,Cereal_Family,152,3.99,606.45,0,0,0,0
2023-03-25 00:00:00,Cereal_Family,165,3.99,657.68,0,0,1,0
2023-03-26 00:00:00,Cereal_Family,149,3.98,593.25,0,0,1,0
2023-03-27 00:00:00,Cereal_Family,151,3.98,600.32,0,0,0,0
2023-03-28 00:00:00,Cereal_Family,170,3.97,675.56,0,0,0,0
2023-03-29 00:00:00,Cereal_Family,183,3.97,727.41,0,0,0,0
2023-03-30 00:00:00,Cereal_Family,146,3.97,579.65,0,0,0,0
2023-03-31 00:00:00,Cereal_Family,157,3.97,623.45,0,0,0,0
2023-04-01 00:00:00,Cereal_Family,161,3.97,638.63,0,0,1,0
2023-04-02 00:00:00,Cereal_Family,137,3.97,543.47,0,0,1,0
2023-04-03 00:00:00,Cereal_Family,173,3.97,686.06,0,0,0,0
2023-04-04 00:00:00,Cereal_Family,176,3.97,697.96,0,0,0,0
2023-04-05 00:00:00,Cereal_Family,180,3.96,713.54,0,0,0,0
2023-04-06 00:00:00,Cereal_Family,166,3.96,657.88,0,0,0,0
2023-04-07 00:00:00,Cereal_Family,148,3.96,586.41,0,0,0,0
2023-04-08 00:00:00,Cereal_Family,165,3.97,654.55,0,0,1,0
2023-04-09 00:00:00,Cereal_Family,169,3.96,670.03,0,0,1,0
2023-04-10 00:00:00,Cereal_Family,159,3.96,630.09,0,0,0,0
2023-04-11 00:00:00,Cereal_Family,175,3.96,692.62,0,0,0,0
2023-04-12 00:00:00,Cereal_Family,163,3.96,645,0,0,0,0
2023-04-13 00:00:00,Cereal_Family,162,3.96,640.73,0,0,0,0
2023-04-14 00:00:00,Cereal_Family,163,3.95,644.18,0,0,0,0
2023-04-15 00:00:00,Cereal_Family,181,3.95,714.72,0,0,1,0
2023-04-16 00:00:00,Cereal_Family,143,3.95,564.85,0,0,1,0
2023-04-17 00:00:00,Cereal_Family,183,3.95,722.55,0,0,0,0
2023-04-18 00:00:00,Cereal_Family,159,3.95,628.13,0,0,0,0
2023-04-19 00:00:00,Cereal_Family,176,3.95,694.85,0,0,0,0
2023-04-20 00:00:00,Cereal_Family,166,3.95,655.33,0,0,0,0
2023-04-21 00:00:00,Cereal_Family,157,3.95,620.78,0,0,0,0
2023-04-22 00:00:00,Cereal_Family,149,3.95,588.71,0,0,1,0
2023-04-23 00:00:00,Cereal_Family,157,3.95,620.1,0,0,1,0
2023-04-24 00:00:00,Cereal_Family,167,3.95,659.76,0,0,0,0
2023-04-25 00:00:00,Cereal_Family,179,3.95,707.89,0,0,0,0
2023-04-26 00:00:00,Cereal_Family,187,3.95,738.65,0,0,0,0
2023-04-27 00:00:00,Cereal_Family,172,3.95,680.19,0,0,0,0
2023-04-28 00:00:00,Cereal_Family,154,3.95,609.05,0,0,0,0
2023-04-29 00:00:00,Cereal_Family,158,3.95,624.7,0,0,1,0
2023-04-30 00:00:00,Cereal_Family,145,3.95,573.08,0,0,1,0
2023-05-01 00:00:00,Cereal_Family,167,3.96,660.61,0,0,0,0
2023-05-02 00:00:00,Cereal_Family,167,3.95,660.48,0,0,0,0
2023-05-03 00:00:00,Cereal_Family,175,3.95,691.74,0,0,0,0
2023-05-04 00:00:00,Cereal_Family,182,3.95,719.44,0,0,0,0
2023-05-05 00:00:00,Cereal_Family,156,3.96,617.08,0,0,0,0
2023-05-06 00:00:00,Cereal_Family,156,3.95,616.66,0,0,1,0
2023-05-07 00:00:00,Cereal_Family,148,3.95,584.05,0,0,1,0
2023-05-08 00:00:00,Cereal_Family,159,3.95,627.53,0,0,0,0
2023-05-09 00:00:00,Cereal_Family,182,3.94,717.55,0,0,0,0
2023-05-10 00:00:00,Cereal_Family,180,3.94,709.93,0,0,0,0
2023-05-11 00:00:00,Cereal_Family,189,3.95,745.63,0,0,0,0
2023-05-12 00:00:00,Cereal_Family,139,3.94,548.24,0,0,0,0
2023-05-13 00:00:00,Cereal_Family,153,3.94,602.9,0,0,1,0
2023-05-14 00:00:00,Cereal_Family,161,3.94,634.37,0,0,1,0
2023-05-15 00:00:00,Cereal_Family,161,3.95,635.23,0,0,0,0
2023-05-16 00:00:00,Cereal_Family,162,3.95,639.58,0,0,0,0
2023-05-17 00:00:00,Cereal_Family,164,3.95,647.34,0,0,0,0
2023-05-18 00:00:00,Cereal_Family,173,3.95,683.49,0,0,0,0
2023-05-19 00:00:00,Cereal_Family,150,3.95,592.47,0,0,0,0
2023-05-20 00:00:00,Cereal_Family,154,3.95,608.85,0,0,1,0
2023-05-21 00:00:00,Cereal_Family,147,3.96,582.04,0,0,1,0
2023-05-22 00:00:00,Cereal_Family,154,3.95,609.04,0,0,0,0
2023-05-23 00:00:00,Cereal_Family,167,3.96,661.28,0,0,0,0
2023-05-24 00:00:00,Cereal_Family,164,3.96,650.14,0,0,0,0
2023-05-25 00:00:00,Cereal_Family,163,3.97,646.96,0,0,0,0
2023-05-26 00:00:00,Cereal_Family,149,3.97,591.39,0,0,0,0
2023-05-27 00:00:00,Cereal_Family,132,3.97,523.7,0,0,1,0
2023-05-28 00:00:00,Cereal_Family,161,3.96,638.25,0,0,1,0
2023-05-29 00:00:00,Cereal_Family,164,3.97,650.5,0,1,0,0
2023-05-30 00:00:00,Cereal_Family,155,3.96,613.63,0,0,0,0
2023-05-31 00:00:00,Cereal_Family,173,3.96,684.55,0,0,0,0
2023-06-01 00:00:00,Cereal_Family,158,3.95,624.05,0,0,0,0
2023-06-02 00:00:00,Cereal_Family,132,3.95,521.55,0,0,0,0
2023-06-03 00:00:00,Cereal_Family,143,3.95,564.92,0,0,1,0
2023-06-04 00:00:00,Cereal_Family,149,3.95,588.45,0,0,1,0
2023-06-05 00:00:00,Cereal_Family,155,3.94,611.39,0,0,0,0
2023-06-06 00:00:00,Cereal_Family,163,3.94,642.02,0,0,0,0
2023-06-07 00:00:00,Cereal_Family,156,3.94,614.09,0,0,0,0
2023-06-08 00:00:00,Cereal_Family,145,3.94,570.64,0,0,0,0
2023-06-09 00:00:00,Cereal_Family,143,3.94,563.05,0,0,0,0
2023-06-10 00:00:00,Cereal_Family,143,3.94,563.64,0,0,1,0
2023-06-11 00:00:00,Cereal_Family,155,3.94,610.61,0,0,1,0
2023-06-12 00:00:00,Cereal_Family,152,3.94,598.97,0,0,0,0
2023-06-13 00:00:00,Cereal_Family,151,3.94,594.93,0,0,0,0
2023-06-14 00:00:00,Cereal_Family,162,3.94,637.96,0,0,0,0
2023-06-15 00:00:00,Cereal_Family,150,3.94,591.18,0,0,0,0
2023-06-16 00:00:00,Cereal_Family,153,3.94,602.73,0,0,0,0
2023-06-17 00:00:00,Cereal_Family,150,3.94,590.56,0,0,1,0
2023-06-18 00:00:00,Cereal_Family,153,3.94,603.06,0,0,1,0
2023-06-19 00:00:00,Cereal_Family,181,3.94,713.42,0,1,0,0
2023-06-20 00:00:00,Cereal_Family,156,3.94,614.54,0,0,0,0
2023-06-21 00:00:00,Cereal_Family,151,3.93,593.96,0,0,0,0
2023-06-22 00:00:00,Cereal_Family,134,3.93,526.69,0,0,0,0
2023-06-23 00:00:00,Cereal_Family,151,3.93,593.24,0,0,0,0
2023-06-24 00:00:00,Cereal_Family,132,3.92,517.76,0,0,1,0
2023-06-25 00:00:00,Cereal_Family,143,3.92,560.87,0,0,1,0
2023-06-26 00:00:00,Cereal_Family,157,3.93,616.25,0,0,0,0
2023-06-27 00:00:00,Cereal_Family,139,3.92,545.18,0,0,0,0
2023-06-28 00:00:00,Cereal_Family,157,3.92,615.7,0,0,0,0
2023-06-29 00:00:00,Cereal_Family,156,3.92,612.06,0,0,0,0
2023-06-30 00:00:00,Cereal_Family,144,3.93,565.34,0,0,0,0
2023-07-01 00:00:00,Cereal_Family,136,3.92,533.43,0,0,1,0
2023-07-02 00:00:00,Cereal_Family,140,3.92,548.97,0,0,1,0
2023-07-03 00:00:00,Cereal_Family,127,3.92,497.58,0,0,0,0
2023-07-04 00:00:00,Cereal_Family,158,3.92,619.55,0,1,0,0
2023-07-05 00:00:00,Cereal_Family,156,3.92,612.29,0,0,0,0
2023-07-06 00:00:00,Cereal_Family,153,3.92,599.74,0,0,0,0
2023-07-07 00:00:00,Cereal_Family,121,3.92,473.78,0,0,0,0
2023-07-08 00:00:00,Cereal_Family,138,3.91,539.71,0,0,1,0
2023-07-09 00:00:00,Cereal_Family,143,3.91,559.12,0,0,1,0
2023-07-10 00:00:00,Cereal_Family,133,3.91,519.86,0,0,0,0
2023-07-11 00:00:00,Cereal_Family,164,3.9,639.98,0,0,0,0
2023-07-12 00:00:00,Cereal_Family,172,3.9,671.61,0,0,0,0
2023-07-13 00:00:00,Cereal_Family,148,3.91,578.19,0,0,0,0
2023-07-14 00:00:00,Cereal_Family,136,3.9,531.04,0,0,0,0
2023-07-15 00:00:00,Cereal_Family,140,3.91,546.76,0,0,1,0
2023-07-16 00:00:00,Cereal_Family,154,3.91,601.84,0,0,1,0
2023-07-17 00:00:00,Cereal_Family,136,3.91,531.43,0,0,0,0
2023-07-18 00:00:00,Cereal_Family,138,3.91,539.35,0,0,0,0
2023-07-19 00:00:00,Cereal_Family,148,3.91,578.87,0,0,0,0
2023-07-20 00:00:00,Cereal_Family,151,3.91,590.27,0,0,0,0
2023-07-21 00:00:00,Cereal_Family,119,3.9,464,0,0,0,0
2023-07-22 00:00:00,Cereal_Family,139,3.9,542.62,0,0,1,0
2023-07-23 00:00:00,Cereal_Family,139,3.9,542.61,0,0,1,0
2023-07-24 00:00:00,Cereal_Family,129,3.91,503.87,0,0,0,0
2023-07-25 00:00:00,Cereal_Family,122,3.9,476.06,0,0,0,0
2023-07-26 00:00:00,Cereal_Family,149,3.9,581.22,0,0,0,0
2023-07-27 00:00:00,Cereal_Family,161,3.9,627.61,0,0,0,0
2023-07-28 00:00:00,Cereal_Family,112,3.9,436.75,0,0,0,0
2023-07-29 00:00:00,Cereal_Family,117,3.9,456.17,0,0,1,0
2023-07-30 00:00:00,Cereal_Family,127,3.9,495.93,0,0,1,0
2023-07-31 00:00:00,Cereal_Family,131,3.91,511.8,0,0,0,0
2023-08-01 00:00:00,Cereal_Family,151,3.9,589.57,0,0,0,0
2023-08-02 00:00:00,Cereal_Family,138,3.9,538.43,0,0,0,0
2023-08-03 00:00:00,Cereal_Family,142,3.9,553.71,0,0,0,0
2023-08-04 00:00:00,Cereal_Family,139,3.9,542.32,0,0,0,0
2023-08-05 00:00:00,Cereal_Family,137,3.9,533.65,0,0,1,0
2023-08-06 00:00:00,Cereal_Family,129,3.89,502.28,0,0,1,0
2023-08-07 00:00:00,Cereal_Family,141,3.89,549.13,0,0,0,0
2023-08-08 00:00:00,Cereal_Family,138,3.9,537.61,0,0,0,0
2023-08-09 00:00:00,Cereal_Family,144,3.89,560.59,0,0,0,0
2023-08-10 00:00:00,Cereal_Family,151,3.89,587.34,0,0,0,0
2023-08-11 00:00:00,Cereal_Family,130,3.89,505.1,0,0,0,0
2023-08-12 00:00:00,Cereal_Family,129,3.89,502.09,0,0,1,0
2023-08-13 00:00:00,Cereal_Family,117,3.9,455.81,0,0,1,0
2023-08-14 00:00:00,Cereal_Family,139,3.9,542.28,0,0,0,0
2023-08-15 00:00:00,Cereal_Family,160,3.89,622.68,0,0,0,0
2023-08-16 00:00:00,Cereal_Family,153,3.89,595.49,0,0,0,0
2023-08-17 00:00:00,Cereal_Family,129,3.89,502.3,0,0,0,0
2023-08-18 00:00:00,Cereal_Family,129,3.89,501.62,0,0,0,0
2023-08-19 00:00:00,Cereal_Family,126,3.89,490.18,0,0,1,0
2023-08-20 00:00:00,Cereal_Family,134,3.89,521.46,0,0,1,0
2023-08-21 00:00:00,Cereal_Family,118,3.89,458.48,0,0,0,0
2023-08-22 00:00:00,Cereal_Family,165,3.88,639.94,0,0,0,0
2023-08-23 00:00:00,Cereal_Family,152,3.88,589.38,0,0,0,0
2023-08-24 00:00:00,Cereal_Family,140,3.87,542.2,0,0,0,0
2023-08-25 00:00:00,Cereal_Family,129,3.88,500.41,0,0,0,0
2023-08-26 00:00:00,Cereal_Family,117,3.87,453.36,0,0,1,0
2023-08-27 00:00:00,Cereal_Family,126,3.87,487.91,0,0,1,0
2023-08-28 00:00:00,Cereal_Family,120,3.87,464.66,0,0,0,0
2023-08-29 00:00:00,Cereal_Family,138,3.88,535.23,0,0,0,0
2023-08-30 00:00:00,Cereal_Family,143,3.87,553.44,0,0,0,0
2023-08-31 00:00:00,Cereal_Family,142,3.87,548.84,0,0,0,0
2023-09-01 00:00:00,Cereal_Family,122,3.86,470.93,0,0,0,0
2023-09-02 00:00:00,Cereal_Family,108,3.86,416.58,0,0,1,0
2023-09-03 00:00:00,Cereal_Family,128,3.86,493.47,0,0,1,0
2023-09-04 00:00:00,Cereal_Family,144,3.86,555.82,0,1,0,0
2023-09-05 00:00:00,Cereal_Family,120,3.86,462.78,0,0,0,0
2023-09-06 00:00:00,Cereal_Family,134,3.86,516.87,0,0,0,0
2023-09-07 00:00:00,Cereal_Family,146,3.86,563.36,0,0,0,0
2023-09-08 00:00:00,Cereal_Family,110,3.86,424.98,0,0,0,0
2023-09-09 00:00:00,Cereal_Family,129,3.86,498.35,0,0,1,0
2023-09-10 00:00:00,Cereal_Family,131,3.86,505.12,0,0,1,0
2023-09-11 00:00:00,Cereal_Family,136,3.85,524.22,0,0,0,0
2023-09-12 00:00:00,Cereal_Family,139,3.85,535.63,0,0,0,0
2023-09-13 00:00:00,Cereal_Family,134,3.86,517.42,0,0,0,0
2023-09-14 00:00:00,Cereal_Family,150,3.87,579.98,0,0,0,0
2023-09-15 00:00:00,Cereal_Family,106,3.86,408.97,0,0,0,0
2023-09-16 00:00:00,Cereal_Family,124,3.86,478.66,0,0,1,0
2023-09-17 00:00:00,Cereal_Family,122,3.86,470.52,0,0,1,0
2023-09-18 00:00:00,Cereal_Family,115,3.86,443.48,0,0,0,0
2023-09-19 00:00:00,Cereal_Family,136,3.85,523.75,0,0,0,0
2023-09-20 00:00:00,Cereal_Family,133,3.85,511.72,0,0,0,0
2023-09-21 00:00:00,Cereal_Family,124,3.84,476.44,0,0,0,0
2023-09-22 00:00:00,Cereal_Family,126,3.84,484.15,0,0,0,0
2023-09-23 00:00:00,Cereal_Family,116,3.84,445.08,0,0,1,0
2023-09-24 00:00:00,Cereal_Family,108,3.83,414.12,0,0,1,0
2023-09-25 00:00:00,Cereal_Family,121,3.83,463.87,0,0,0,0
2023-09-26 00:00:00,Cereal_Family,139,3.83,532.8,0,0,0,0
2023-09-27 00:00:00,Cereal_Family,138,3.84,529.92,0,0,0,0
2023-09-28 00:00:00,Cereal_Family,142,3.84,545.08,0,0,0,0
2023-09-29 00:00:00,Cereal_Family,123,3.84,472.61,0,0,0,0
2023-09-30 00:00:00,Cereal_Family,120,3.84,460.89,0,0,1,0
2023-10-01 00:00:00,Cereal_Family,132,3.84,506.75,0,0,1,0
2023-10-02 00:00:00,Cereal_Family,109,3.83,417.77,0,0,0,0
2023-10-03 00:00:00,Cereal_Family,138,3.84,529.38,0,0,0,0
2023-10-04 00:00:00,Cereal_Family,141,3.83,540.58,0,0,0,0
2023-10-05 00:00:00,Cereal_Family,118,3.84,452.65,0,0,0,0
2023-10-06 00:00:00,Cereal_Family,112,3.83,429.29,0,0,0,0
2023-10-07 00:00:00,Cereal_Family,111,3.83,424.83,0,0,1,0
2023-10-08 00:00:00,Cereal_Family,113,3.82,431.91,0,0,1,0
2023-10-09 00:00:00,Cereal_Family,138,3.82,527.42,0,1,0,0
2023-10-10 00:00:00,Cereal_Family,136,3.82,519.92,0,0,0,0
2023-10-11 00:00:00,Cereal_Family,151,3.82,577.54,0,0,0,0
2023-10-12 00:00:00,Cereal_Family,143,3.83,547.13,0,0,0,0
2023-10-13 00:00:00,Cereal_Family,129,3.82,493.19,0,0,0,0
2023-10-14 00:00:00,Cereal_Family,122,3.83,466.86,0,0,1,0
2023-10-15 00:00:00,Cereal_Family,148,3.82,566.02,0,0,1,0
2023-10-16 00:00:00,Cereal_Family,114,3.82,435.47,0,0,0,0
2023-10-17 00:00:00,Cereal_Family,118,3.82,450.7,0,0,0,0
2023-10-18 00:00:00,Cereal_Family,146,3.82,558.01,0,0,0,0
2023-10-19 00:00:00,Cereal_Family,122,3.82,466.14,0,0,0,0
2023-10-20 00:00:00,Cereal_Family,139,3.82,531.37,0,0,0,0
2023-10-21 00:00:00,Cereal_Family,112,3.82,428.3,0,0,1,0
2023-10-22 00:00:00,Cereal_Family,120,3.82,458.36,0,0,1,0
2023-10-23 00:00:00,Cereal_Family,123,3.82,469.85,0,0,0,0
2023-10-24 00:00:00,Cereal_Family,137,3.82,523.06,0,0,0,0
2023-10-25 00:00:00,Cereal_Family,148,3.82,565.91,0,0,0,0
2023-10-26 00:00:00,Cereal_Family,142,3.83,543.18,0,0,0,0
2023-10-27 00:00:00,Cereal_Family,130,3.82,496.59,0,0,0,0
2023-10-28 00:00:00,Cereal_Family,121,3.82,462.24,0,0,1,0
2023-10-29 00:00:00,Cereal_Family,118,3.82,451.01,0,0,1,0
2023-10-30 00:00:00,Cereal_Family,145,3.82,554.31,0,0,0,0
2023-10-31 00:00:00,Cereal_Family,150,3.82,573.47,0,0,0,0
2023-11-01 00:00:00,Cereal_Family,146,3.82,558.03,0,0,0,0
2023-11-02 00:00:00,Cereal_Family,138,3.82,527.35,0,0,0,0
2023-11-03 00:00:00,Cereal_Family,124,3.82,473.78,0,0,0,0
2023-11-04 00:00:00,Cereal_Family,131,3.82,500.22,0,0,1,0
2023-11-05 00:00:00,Cereal_Family,134,3.82,511.66,0,0,1,0
2023-11-06 00:00:00,Cereal_Family,135,3.82,515.96,0,0,0,0
2023-11-07 00:00:00,Cereal_Family,144,3.82,550.8,0,0,0,0
2023-11-08 00:00:00,Cereal_Family,145,3.82,554.61,0,0,0,0
2023-11-09 00:00:00,Cereal_Family,135,3.83,516.74,0,0,0,0
2023-11-10 00:00:00,Cereal_Family,151,3.82,577.2,0,1,0,0
2023-11-11 00:00:00,Cereal_Family,140,3.83,535.59,0,0,1,0
2023-11-12 00:00:00,Cereal_Family,119,3.83,455.33,0,0,1,0
2023-11-13 00:00:00,Cereal_Family,137,3.82,523.86,0,0,0,0
2023-11-14 00:00:00,Cereal_Family,142,3.82,542.86,0,0,0,0
2023-11-15 00:00:00,Cereal_Family,144,3.81,549.07,0,0,0,0
2023-11-16 00:00:00,Cereal_Family,127,3.82,485.5,0,0,0,0
2023-11-17 00:00:00,Cereal_Family,133,3.83,508.94,0,0,0,0
2023-11-18 00:00:00,Cereal_Family,141,3.83,539.83,0,0,1,0
2023-11-19 00:00:00,Cereal_Family,131,3.83,501.59,0,0,1,0
2023-11-20 00:00:00,Cereal_Family,187,3.61,674.16,1,0,0,0
2023-11-21 00:00:00,Cereal_Family,158,3.39,536.14,1,0,0,0
2023-11-22 00:00:00,Cereal_Family,203,3.39,688.89,1,0,0,0
2023-11-23 00:00:00,Cereal_Family,183,3.55,648.77,1,1,0,0
2023-11-24 00:00:00,Cereal_Family,162,3.39,549.49,1,0,0,0
2023-11-25 00:00:00,Cereal_Family,166,3.57,592.43,1,0,1,0
2023-11-26 00:00:00,Cereal_Family,177,3.42,606.14,1,0,1,0
2023-11-27 00:00:00,Cereal_Family,122,3.82,466.31,0,0,0,0
2023-11-28 00:00:00,Cereal_Family,151,3.82,576.97,0,0,0,0
2023-11-29 00:00:00,Cereal_Family,167,3.82,638.43,0,0,0,0
2023-11-30 00:00:00,Cereal_Family,131,3.82,500.83,0,0,0,0
2023-12-01 00:00:00,Cereal_Family,128,3.82,489.38,0,0,0,0
2023-12-02 00:00:00,Cereal_Family,125,3.83,478.39,0,0,1,0
2023-12-03 00:00:00,Cereal_Family,144,3.82,550.72,0,0,1,0
2023-12-04 00:00:00,Cereal_Family,141,3.83,539.78,0,0,0,0
2023-12-05 00:00:00,Cereal_Family,143,3.83,547.06,0,0,0,0
2023-12-06 00:00:00,Cereal_Family,141,3.82,538.88,0,0,0,0
2023-12-07 00:00:00,Cereal_Family,164,3.82,626.26,0,0,0,0
2023-12-08 00:00:00,Cereal_Family,135,3.82,515.53,0,0,0,0
2023-12-09 00:00:00,Cereal_Family,133,3.82,507.5,0,0,1,0
2023-12-10 00:00:00,Cereal_Family,132,3.82,503.82,0,0,1,0
2023-12-11 00:00:00,Cereal_Family,134,3.82,511.72,0,0,0,0
2023-12-12 00:00:00,Cereal_Family,164,3.82,626.12,0,0,0,0
2023-12-13 00:00:00,Cereal_Family,158,3.82,602.77,0,0,0,0
2023-12-14 00:00:00,Cereal_Family,152,3.81,579.85,0,0,0,0
2023-12-15 00:00:00,Cereal_Family,118,3.81,449.77,0,0,0,0
2023-12-16 00:00:00,Cereal_Family,134,3.81,510.02,0,0,1,0
2023-12-17 00:00:00,Cereal_Family,129,3.81,491.4,0,0,1,0
2023-12-18 00:00:00,Cereal_Family,181,3.43,620.35,1,0,0,0
2023-12-19 00:00:00,Cereal_Family,176,3.39,596.32,1,0,0,0
2023-12-20 00:00:00,Cereal_Family,194,3.61,699.63,1,0,0,0
2023-12-21 00:00:00,Cereal_Family,195,3.36,655.39,1,0,0,0
2023-12-22 00:00:00,Cereal_Family,180,3.51,632.5,1,0,0,0
2023-12-23 00:00:00,Cereal_Family,170,3.5,594.18,1,0,1,0
2023-12-24 00:00:00,Cereal_Family,174,3.54,616.42,1,0,1,0
2023-12-25 00:00:00,Cereal_Family,196,3.36,658.41,1,1,0,0
2023-12-26 00:00:00,Cereal_Family,178,3.55,632.54,1,0,0,0
2023-12-27 00:00:00,Cereal_Family,191,3.51,670.46,1,0,0,0
2023-12-28 00:00:00,Cereal_Family,193,3.62,698.53,1,0,0,0
2023-12-29 00:00:00,Cereal_Family,171,3.61,617.17,1,0,0,0
2023-12-30 00:00:00,Cereal_Family,177,3.43,606.49,1,0,1,0
2023-12-31 00:00:00,Cereal_Family,161,3.38,543.7,1,0,1,0
2024-01-01 00:00:00,Cereal_Family,153,3.81,583.13,0,1,0,0
2024-01-02 00:00:00,Cereal_Family,154,3.81,587.02,0,0,0,0
2024-01-03 00:00:00,Cereal_Family,171,3.81,650.75,0,0,0,0
2024-01-04 00:00:00,Cereal_Family,144,3.81,548.07,0,0,0,0
2024-01-05 00:00:00,Cereal_Family,148,3.8,562.86,0,0,0,0
2024-01-06 00:00:00,Cereal_Family,149,3.81,567.47,0,0,1,0
2024-01-07 00:00:00,Cereal_Family,137,3.81,521.81,0,0,1,0
2024-01-08 00:00:00,Cereal_Family,148,3.81,563.63,0,0,0,0
2024-01-09 00:00:00,Cereal_Family,167,3.81,635.6,0,0,0,0
2024-01-10 00:00:00,Cereal_Family,170,3.81,647.43,0,0,0,0
2024-01-11 00:00:00,Cereal_Family,142,3.81,541.54,0,0,0,0
2024-01-12 00:00:00,Cereal_Family,147,3.82,560.99,0,0,0,0
2024-01-13 00:00:00,Cereal_Family,142,3.82,542.3,0,0,1,0
2024-01-14 00:00:00,Cereal_Family,150,3.82,572.56,0,0,1,0
2024-01-15 00:00:00,Cereal_Family,155,3.82,592.12,0,1,0,0
2024-01-16 00:00:00,Cereal_Family,181,3.82,691.44,0,0,0,0
2024-01-17 00:00:00,Cereal_Family,165,3.82,629.85,0,0,0,0
2024-01-18 00:00:00,Cereal_Family,152,3.82,580.17,0,0,0,0
2024-01-19 00:00:00,Cereal_Family,141,3.82,538.2,0,0,0,0
2024-01-20 00:00:00,Cereal_Family,158,3.82,602.98,0,0,1,0
2024-01-21 00:00:00,Cereal_Family,145,3.81,553.08,0,0,1,0
2024-01-22 00:00:00,Cereal_Family,152,3.81,579.63,0,0,0,0
2024-01-23 00:00:00,Cereal_Family,157,3.81,597.93,0,0,0,0
2024-01-24 00:00:00,Cereal_Family,144,3.81,548.15,0,0,0,0
2024-01-25 00:00:00,Cereal_Family,169,3.8,642.63,0,0,0,0
2024-01-26 00:00:00,Cereal_Family,156,3.8,592.43,0,0,0,0
2024-01-27 00:00:00,Cereal_Family,151,3.8,573.09,0,0,1,0
2024-01-28 00:00:00,Cereal_Family,152,3.8,577.12,0,0,1,0
2024-01-29 00:00:00,Cereal_Family,139,3.8,527.54,0,0,0,0
2024-01-30 00:00:00,Cereal_Family,168,3.8,637.79,0,0,0,0
2024-01-31 00:00:00,Cereal_Family,172,3.8,653.13,0,0,0,0
2024-02-01 00:00:00,Cereal_Family,155,3.8,588.94,0,0,0,0
2024-02-02 00:00:00,Cereal_Family,194,3.49,677.74,1,0,0,0
2024-02-03 00:00:00,Cereal_Family,197,3.38,665.79,1,0,1,0
2024-02-04 00:00:00,Cereal_Family,164,3.59,589.09,1,0,1,0
2024-02-05 00:00:00,Cereal_Family,199,3.43,682.11,1,0,0,0
2024-02-06 00:00:00,Cereal_Family,196,3.39,664.86,1,0,0,0
2024-02-07 00:00:00,Cereal_Family,221,3.38,746.45,1,0,0,0
2024-02-08 00:00:00,Cereal_Family,175,3.8,664.53,0,0,0,0
2024-02-09 00:00:00,Cereal_Family,171,3.8,650.18,0,0,0,0
2024-02-10 00:00:00,Cereal_Family,130,3.8,494.21,0,0,1,0
2024-02-11 00:00:00,Cereal_Family,143,3.8,543.72,0,0,1,0
2024-02-12 00:00:00,Cereal_Family,169,3.8,642.33,0,0,0,0
2024-02-13 00:00:00,Cereal_Family,159,3.8,604.25,0,0,0,0
2024-02-14 00:00:00,Cereal_Family,181,3.8,688.54,0,0,0,0
2024-02-15 00:00:00,Cereal_Family,162,3.81,616.7,0,0,0,0
2024-02-16 00:00:00,Cereal_Family,168,3.81,640.06,0,0,0,0
2024-02-17 00:00:00,Cereal_Family,166,3.81,632.41,0,0,1,0
2024-02-18 00:00:00,Cereal_Family,181,3.81,689.77,0,0,1,0
2024-02-19 00:00:00,Cereal_Family,166,3.81,632.13,0,1,0,0
2024-02-20 00:00:00,Cereal_Family,189,3.81,719.88,0,0,0,0
2024-02-21 00:00:00,Cereal_Family,166,3.8,631.45,0,0,0,0
2024-02-22 00:00:00,Cereal_Family,152,3.81,578.41,0,0,0,0
2024-02-23 00:00:00,Cereal_Family,152,3.8,577.82,0,0,0,0
2024-02-24 00:00:00,Cereal_Family,153,3.8,581.31,0,0,1,0
2024-02-25 00:00:00,Cereal_Family,157,3.8,595.97,0,0,1,0
2024-02-26 00:00:00,Cereal_Family,158,3.8,599.62,0,0,0,0
2024-02-27 00:00:00,Cereal_Family,196,3.8,745.12,0,0,0,0
2024-02-28 00:00:00,Cereal_Family,178,3.8,676.96,0,0,0,0
2024-02-29 00:00:00,Cereal_Family,168,3.8,638.63,0,0,0,0
2024-03-01 00:00:00,Cereal_Family,153,3.81,582.27,0,0,0,0
2024-03-02 00:00:00,Cereal_Family,160,3.81,609.03,0,0,1,0
2024-03-03 00:00:00,Cereal_Family,146,3.8,555.22,0,0,1,0
2024-03-04 00:00:00,Cereal_Family,177,3.8,672.38,0,0,0,0
2024-03-05 00:00:00,Cereal_Family,170,3.8,645.96,0,0,0,0
2024-03-06 00:00:00,Cereal_Family,190,3.81,723.14,0,0,0,0
2024-03-07 00:00:00,Cereal_Family,185,3.8,703.86,0,0,0,0
2024-03-08 00:00:00,Cereal_Family,153,3.8,582.04,0,0,0,0
2024-03-09 00:00:00,Cereal_Family,165,3.81,628.02,0,0,1,0
2024-03-10 00:00:00,Cereal_Family,159,3.81,605.72,0,0,1,0
2024-03-11 00:00:00,Cereal_Family,164,3.81,624.7,0,0,0,0
2024-03-12 00:00:00,Cereal_Family,184,3.81,701.83,0,0,0,0
2024-03-13 00:00:00,Cereal_Family,182,3.81,693.35,0,0,0,0
2024-03-14 00:00:00,Cereal_Family,177,3.81,674.68,0,0,0,0
2024-03-15 00:00:00,Cereal_Family,170,3.81,647.84,0,0,0,0
2024-03-16 00:00:00,Cereal_Family,146,3.81,555.81,0,0,1,0
2024-03-17 00:00:00,Cereal_Family,166,3.81,631.84,0,0,1,0
2024-03-18 00:00:00,Cereal_Family,161,3.81,613.12,0,0,0,0
2024-03-19 00:00:00,Cereal_Family,172,3.81,654.54,0,0,0,0
2024-03-20 00:00:00,Cereal_Family,164,3.81,624.28,0,0,0,0
2024-03-21 00:00:00,Cereal_Family,178,3.81,677.34,0,0,0,0
2024-03-22 00:00:00,Cereal_Family,147,3.8,558.66,0,0,0,0
2024-03-23 00:00:00,Cereal_Family,172,3.79,652.3,0,0,1,0
2024-03-24 00:00:00,Cereal_Family,161,3.79,610.99,0,0,1,0
2024-03-25 00:00:00,Cereal_Family,171,3.8,649.65,0,0,0,0
2024-03-26 00:00:00,Cereal_Family,176,3.8,669.43,0,0,0,0
2024-03-27 00:00:00,Cereal_Family,198,3.8,752.31,0,0,0,0
2024-03-28 00:00:00,Cereal_Family,174,3.8,660.56,0,0,0,0
2024-03-29 00:00:00,Cereal_Family,173,3.8,657.03,0,0,0,0
2024-03-30 00:00:00,Cereal_Family,167,3.8,634.06,0,0,1,0
2024-03-31 00:00:00,Cereal_Family,153,3.79,579.87,0,0,1,0
2024-04-01 00:00:00,Cereal_Family,171,3.79,647.97,0,0,0,0
2024-04-02 00:00:00,Cereal_Family,179,3.78,676.94,0,0,0,0
2024-04-03 00:00:00,Cereal_Family,180,3.78,680.3,0,0,0,0
2024-04-04 00:00:00,Cereal_Family,164,3.78,619.92,0,0,0,0
2024-04-05 00:00:00,Cereal_Family,172,3.78,650.56,0,0,0,0
2024-04-06 00:00:00,Cereal_Family,166,3.78,626.83,0,0,1,0
2024-04-07 00:00:00,Cereal_Family,175,3.78,661.43,0,0,1,0
2024-04-08 00:00:00,Cereal_Family,194,3.78,733.22,0,0,0,0
2024-04-09 00:00:00,Cereal_Family,189,3.78,714.42,0,0,0,0
2024-04-10 00:00:00,Cereal_Family,171,3.78,647.08,0,0,0,0
2024-04-11 00:00:00,Cereal_Family,216,3.43,741.9,1,0,0,0
2024-04-12 00:00:00,Cereal_Family,180,3.41,613.39,1,0,0,0
2024-04-13 00:00:00,Cereal_Family,195,3.49,680.22,1,0,1,0
2024-04-14 00:00:00,Cereal_Family,178,3.36,597.26,1,0,1,0
2024-04-15 00:00:00,Cereal_Family,198,3.44,681.63,1,0,0,0
2024-04-16 00:00:00,Cereal_Family,222,3.36,746.19,1,0,0,0
2024-04-17 00:00:00,Cereal_Family,167,3.79,633.06,0,0,0,0
2024-04-18 00:00:00,Cereal_Family,183,3.79,693.76,0,0,0,0
2024-04-19 00:00:00,Cereal_Family,156,3.79,591.23,0,0,0,0
2024-04-20 00:00:00,Cereal_Family,173,3.79,655.9,0,0,1,0
2024-04-21 00:00:00,Cereal_Family,173,3.79,655.87,0,0,1,0
2024-04-22 00:00:00,Cereal_Family,162,3.8,614.79,0,0,0,0
2024-04-23 00:00:00,Cereal_Family,181,3.8,687.85,0,0,0,0
2024-04-24 00:00:00,Cereal_Family,188,3.8,714.77,0,0,0,0
2024-04-25 00:00:00,Cereal_Family,160,3.81,609.63,0,0,0,0
2024-04-26 00:00:00,Cereal_Family,180,3.81,686.19,0,0,0,0
2024-04-27 00:00:00,Cereal_Family,146,3.81,556.4,0,0,1,0
2024-04-28 00:00:00,Cereal_Family,166,3.81,632.93,0,0,1,0
2024-04-29 00:00:00,Cereal_Family,166,3.82,633.61,0,0,0,0
2024-04-30 00:00:00,Cereal_Family,170,3.82,650.24,0,0,0,0
2024-05-01 00:00:00,Cereal_Family,170,3.81,648.36,0,0,0,0
2024-05-02 00:00:00,Cereal_Family,191,3.82,728.85,0,0,0,0
2024-05-03 00:00:00,Cereal_Family,160,3.82,610.61,0,0,0,0
2024-05-04 00:00:00,Cereal_Family,142,3.82,541.79,0,0,1,0
2024-05-05 00:00:00,Cereal_Family,143,3.82,545.94,0,0,1,0
2024-05-06 00:00:00,Cereal_Family,163,3.82,622.68,0,0,0,0
2024-05-07 00:00:00,Cereal_Family,164,3.82,626.63,0,0,0,0
2024-05-08 00:00:00,Cereal_Family,165,3.82,630.23,0,0,0,0
2024-05-09 00:00:00,Cereal_Family,171,3.82,653.08,0,0,0,0
2024-05-10 00:00:00,Cereal_Family,161,3.82,615.02,0,0,0,0
2024-05-11 00:00:00,Cereal_Family,155,3.82,592.34,0,0,1,0
2024-05-12 00:00:00,Cereal_Family,152,3.82,580.05,0,0,1,0
2024-05-13 00:00:00,Cereal_Family,196,3.48,682.74,1,0,0,0
2024-05-14 00:00:00,Cereal_Family,200,3.39,678.21,1,0,0,0
2024-05-15 00:00:00,Cereal_Family,220,3.41,749.35,1,0,0,0
2024-05-16 00:00:00,Cereal_Family,207,3.41,705.96,1,0,0,0
2024-05-17 00:00:00,Cereal_Family,196,3.4,665.79,1,0,0,0
2024-05-18 00:00:00,Cereal_Family,176,3.59,632.6,1,0,1,0
2024-05-19 00:00:00,Cereal_Family,151,3.82,576.91,0,0,1,0
2024-05-20 00:00:00,Cereal_Family,169,3.82,644.96,0,0,0,0
2024-05-21 00:00:00,Cereal_Family,168,3.81,640.31,0,0,0,0
2024-05-22 00:00:00,Cereal_Family,170,3.8,646.77,0,0,0,0
2024-05-23 00:00:00,Cereal_Family,157,3.81,597.57,0,0,0,0
2024-05-24 00:00:00,Cereal_Family,159,3.81,605.16,0,0,0,0
2024-05-25 00:00:00,Cereal_Family,147,3.81,559.79,0,0,1,0
2024-05-26 00:00:00,Cereal_Family,142,3.81,541.17,0,0,1,0
2024-05-27 00:00:00,Cereal_Family,173,3.81,659.26,0,1,0,0
2024-05-28 00:00:00,Cereal_Family,170,3.81,648.18,0,0,0,0
2024-05-29 00:00:00,Cereal_Family,50,3.82,190.95,0,0,0,1
2024-05-30 00:00:00,Cereal_Family,61,3.82,233.25,0,0,0,1
2024-05-31 00:00:00,Cereal_Family,151,3.82,577.03,0,0,0,0
2024-06-01 00:00:00,Cereal_Family,162,3.82,619.46,0,0,1,0
2024-06-02 00:00:00,Cereal_Family,172,3.82,656.24,0,0,1,0
2024-06-03 00:00:00,Cereal_Family,161,3.82,614.26,0,0,0,0
2024-06-04 00:00:00,Cereal_Family,165,3.82,629.91,0,0,0,0
2024-06-05 00:00:00,Cereal_Family,161,3.82,614.22,0,0,0,0
2024-06-06 00:00:00,Cereal_Family,159,3.81,605.75,0,0,0,0
2024-06-07 00:00:00,Cereal_Family,168,3.5,588.18,1,0,0,0
2024-06-08 00:00:00,Cereal_Family,199,3.58,712.59,1,0,1,0
2024-06-09 00:00:00,Cereal_Family,179,3.58,641.24,1,0,1,0
2024-06-10 00:00:00,Cereal_Family,196,3.55,695.95,1,0,0,0
2024-06-11 00:00:00,Cereal_Family,216,3.52,760.78,1,0,0,0
2024-06-12 00:00:00,Cereal_Family,202,3.58,722.52,1,0,0,0
2024-06-13 00:00:00,Cereal_Family,152,3.8,577.41,0,0,0,0
2024-06-14 00:00:00,Cereal_Family,160,3.8,607.33,0,0,0,0
2024-06-15 00:00:00,Cereal_Family,170,3.8,645.19,0,0,1,0
2024-06-16 00:00:00,Cereal_Family,152,3.8,577.17,0,0,1,0
2024-06-17 00:00:00,Cereal_Family,162,3.8,614.8,0,0,0,0
2024-06-18 00:00:00,Cereal_Family,165,3.8,626.18,0,0,0,0
2024-06-19 00:00:00,Cereal_Family,177,3.8,672.41,0,1,0,0
2024-06-20 00:00:00,Cereal_Family,163,3.8,619.27,0,0,0,0
2024-06-21 00:00:00,Cereal_Family,159,3.8,604.23,0,0,0,0
2024-06-22 00:00:00,Cereal_Family,140,3.8,531.68,0,0,1,0
2024-06-23 00:00:00,Cereal_Family,132,3.8,501.06,0,0,1,0
2024-06-24 00:00:00,Cereal_Family,158,3.8,599.86,0,0,0,0
2024-06-25 00:00:00,Cereal_Family,180,3.79,682.92,0,0,0,0
2024-06-26 00:00:00,Cereal_Family,163,3.79,618.25,0,0,0,0
2024-06-27 00:00:00,Cereal_Family,147,3.8,558.41,0,0,0,0
2024-06-28 00:00:00,Cereal_Family,154,3.79,584.21,0,0,0,0
2024-06-29 00:00:00,Cereal_Family,141,3.8,535.47,0,0,1,0
2024-06-30 00:00:00,Cereal_Family,158,3.8,600.18,0,0,1,0
2024-07-01 00:00:00,Cereal_Family,142,3.8,539.85,0,0,0,0
2024-07-02 00:00:00,Cereal_Family,157,3.8,597.04,0,0,0,0
2024-07-03 00:00:00,Cereal_Family,177,3.8,673.2,0,0,0,0
2024-07-04 00:00:00,Cereal_Family,158,3.81,602,0,1,0,0
2024-07-05 00:00:00,Cereal_Family,130,3.81,495.5,0,0,0,0
2024-07-06 00:00:00,Cereal_Family,138,3.82,526.47,0,0,1,0
2024-07-07 00:00:00,Cereal_Family,133,3.82,507.82,0,0,1,0
2024-07-08 00:00:00,Cereal_Family,168,3.41,573.3,1,0,0,0
2024-07-09 00:00:00,Cereal_Family,192,3.45,663.25,1,0,0,0
2024-07-10 00:00:00,Cereal_Family,179,3.36,601.51,1,0,0,0
2024-07-11 00:00:00,Cereal_Family,185,3.53,653.12,1,0,0,0
2024-07-12 00:00:00,Cereal_Family,185,3.5,646.59,1,0,0,0
2024-07-13 00:00:00,Cereal_Family,161,3.41,549.12,1,0,1,0
2024-07-14 00:00:00,Cereal_Family,121,3.8,460.14,0,0,1,0
2024-07-15 00:00:00,Cereal_Family,146,3.8,555.05,0,0,0,0
2024-07-16 00:00:00,Cereal_Family,166,3.81,632.15,0,0,0,0
2024-07-17 00:00:00,Cereal_Family,145,3.81,552.72,0,0,0,0
2024-07-18 00:00:00,Cereal_Family,145,3.82,553.77,0,0,0,0
2024-07-19 00:00:00,Cereal_Family,128,3.82,488.71,0,0,0,0
2024-07-20 00:00:00,Cereal_Family,123,3.82,469.9,0,0,1,0
2024-07-21 00:00:00,Cereal_Family,133,3.82,508.66,0,0,1,0
2024-07-22 00:00:00,Cereal_Family,135,3.83,516.67,0,0,0,0
2024-07-23 00:00:00,Cereal_Family,148,3.83,566.58,0,0,0,0
2024-07-24 00:00:00,Cereal_Family,169,3.83,647.71,0,0,0,0
2024-07-25 00:00:00,Cereal_Family,162,3.83,620.49,0,0,0,0
2024-07-26 00:00:00,Cereal_Family,129,3.83,494.43,0,0,0,0
2024-07-27 00:00:00,Cereal_Family,132,3.83,505.72,0,0,1,0
2024-07-28 00:00:00,Cereal_Family,134,3.83,513.13,0,0,1,0
2024-07-29 00:00:00,Cereal_Family,139,3.83,532.55,0,0,0,0
2024-07-30 00:00:00,Cereal_Family,157,3.83,600.88,0,0,0,0
2024-07-31 00:00:00,Cereal_Family,146,3.83,558.53,0,0,0,0
2024-08-01 00:00:00,Cereal_Family,150,3.82,573.59,0,0,0,0
2024-08-02 00:00:00,Cereal_Family,138,3.83,528.1,0,0,0,0
2024-08-03 00:00:00,Cereal_Family,113,3.83,432.44,0,0,1,0
2024-08-04 00:00:00,Cereal_Family,141,3.83,539.35,0,0,1,0
2024-08-05 00:00:00,Cereal_Family,161,3.59,577.27,1,0,0,0
2024-08-06 00:00:00,Cereal_Family,189,3.47,656.32,1,0,0,0
2024-08-07 00:00:00,Cereal_Family,191,3.38,645.6,1,0,0,0
2024-08-08 00:00:00,Cereal_Family,177,3.51,621.6,1,0,0,0
2024-08-09 00:00:00,Cereal_Family,162,3.54,573.78,1,0,0,0
2024-08-10 00:00:00,Cereal_Family,165,3.57,588.57,1,0,1,0
2024-08-11 00:00:00,Cereal_Family,153,3.82,585.22,0,0,1,0
2024-08-12 00:00:00,Cereal_Family,147,3.82,561.52,0,0,0,0
2024-08-13 00:00:00,Cereal_Family,149,3.82,569.42,0,0,0,0
2024-08-14 00:00:00,Cereal_Family,150,3.82,572.82,0,0,0,0
2024-08-15 00:00:00,Cereal_Family,133,3.82,507.64,0,0,0,0
2024-08-16 00:00:00,Cereal_Family,137,3.82,523.64,0,0,0,0
2024-08-17 00:00:00,Cereal_Family,142,3.82,542.04,0,0,1,0
2024-08-18 00:00:00,Cereal_Family,132,3.81,502.89,0,0,1,0
2024-08-19 00:00:00,Cereal_Family,138,3.81,525.65,0,0,0,0
2024-08-20 00:00:00,Cereal_Family,151,3.81,575.04,0,0,0,0
2024-08-21 00:00:00,Cereal_Family,149,3.81,567.63,0,0,0,0
2024-08-22 00:00:00,Cereal_Family,138,3.81,525.9,0,0,0,0
2024-08-23 00:00:00,Cereal_Family,123,3.81,468.97,0,0,0,0
2024-08-24 00:00:00,Cereal_Family,116,3.82,442.59,0,0,1,0
2024-08-25 00:00:00,Cereal_Family,128,3.82,488.73,0,0,1,0
2024-08-26 00:00:00,Cereal_Family,113,3.81,430.95,0,0,0,0
2024-08-27 00:00:00,Cereal_Family,138,3.81,525.96,0,0,0,0
2024-08-28 00:00:00,Cereal_Family,149,3.81,568.13,0,0,0,0
2024-08-29 00:00:00,Cereal_Family,136,3.81,518.62,0,0,0,0
2024-08-30 00:00:00,Cereal_Family,136,3.82,519.22,0,0,0,0
2024-08-31 00:00:00,Cereal_Family,131,3.81,499.76,0,0,1,0
2024-09-01 00:00:00,Cereal_Family,125,3.82,476.97,0,0,1,0
2024-09-02 00:00:00,Cereal_Family,159,3.82,606.82,0,1,0,0
2024-09-03 00:00:00,Cereal_Family,156,3.82,596.46,0,0,0,0
2024-09-04 00:00:00,Cereal_Family,158,3.83,604.52,0,0,0,0
2024-09-05 00:00:00,Cereal_Family,147,3.82,561.55,0,0,0,0
2024-09-06 00:00:00,Cereal_Family,121,3.81,461.34,0,0,0,0
2024-09-07 00:00:00,Cereal_Family,126,3.81,479.74,0,0,1,0
2024-09-08 00:00:00,Cereal_Family,117,3.8,445,0,0,1,0
2024-09-09 00:00:00,Cereal_Family,134,3.8,509.7,0,0,0,0
2024-09-10 00:00:00,Cereal_Family,136,3.79,515.99,0,0,0,0
2024-09-11 00:00:00,Cereal_Family,185,3.46,640.58,1,0,0,0
2024-09-12 00:00:00,Cereal_Family,156,3.46,540.44,1,0,0,0
2024-09-13 00:00:00,Cereal_Family,158,3.37,531.69,1,0,0,0
2024-09-14 00:00:00,Cereal_Family,150,3.43,514.99,1,0,1,0
2024-09-15 00:00:00,Cereal_Family,162,3.41,552.57,1,0,1,0
2024-09-16 00:00:00,Cereal_Family,162,3.49,565.71,1,0,0,0
2024-09-17 00:00:00,Cereal_Family,158,3.79,598.66,0,0,0,0
2024-09-18 00:00:00,Cereal_Family,157,3.79,594.96,0,0,0,0
2024-09-19 00:00:00,Cereal_Family,131,3.79,496.57,0,0,0,0
2024-09-20 00:00:00,Cereal_Family,112,3.79,424.98,0,0,0,0
2024-09-21 00:00:00,Cereal_Family,120,3.79,455.25,0,0,1,0
2024-09-22 00:00:00,Cereal_Family,141,3.79,534.6,0,0,1,0
2024-09-23 00:00:00,Cereal_Family,130,3.8,493.41,0,0,0,0
2024-09-24 00:00:00,Cereal_Family,140,3.8,531.89,0,0,0,0
2024-09-25 00:00:00,Cereal_Family,137,3.8,520.71,0,0,0,0
2024-09-26 00:00:00,Cereal_Family,144,3.8,547.25,0,0,0,0
2024-09-27 00:00:00,Cereal_Family,125,3.8,474.99,0,0,0,0
2024-09-28 00:00:00,Cereal_Family,126,3.79,478.03,0,0,1,0
2024-09-29 00:00:00,Cereal_Family,120,3.8,455.54,0,0,1,0
2024-09-30 00:00:00,Cereal_Family,152,3.79,576.22,0,0,0,0
2024-10-01 00:00:00,Cereal_Family,146,3.79,553.25,0,0,0,0
2024-10-02 00:00:00,Cereal_Family,144,3.79,545.9,0,0,0,0
2024-10-03 00:00:00,Cereal_Family,130,3.79,492.69,0,0,0,0
2024-10-04 00:00:00,Cereal_Family,114,3.79,432.04,0,0,0,0
2024-10-05 00:00:00,Cereal_Family,126,3.79,477.48,0,0,1,0
2024-10-06 00:00:00,Cereal_Family,130,3.79,493.2,0,0,1,0
2024-10-07 00:00:00,Cereal_Family,121,3.79,458.88,0,0,0,0
2024-10-08 00:00:00,Cereal_Family,154,3.79,583.42,0,0,0,0
2024-10-09 00:00:00,Cereal_Family,134,3.78,506.99,0,0,0,0
2024-10-10 00:00:00,Cereal_Family,145,3.79,549.16,0,0,0,0
2024-10-11 00:00:00,Cereal_Family,124,3.79,469.84,0,0,0,0
2024-10-12 00:00:00,Cereal_Family,118,3.79,447.73,0,0,1,0
2024-10-13 00:00:00,Cereal_Family,133,3.8,504.95,0,0,1,0
2024-10-14 00:00:00,Cereal_Family,137,3.79,519.86,0,1,0,0
2024-10-15 00:00:00,Cereal_Family,122,3.79,462.46,0,0,0,0
2024-10-16 00:00:00,Cereal_Family,155,3.79,588.22,0,0,0,0
2024-10-17 00:00:00,Cereal_Family,135,3.8,512.97,0,0,0,0
2024-10-18 00:00:00,Cereal_Family,143,3.8,543.2,0,0,0,0
2024-10-19 00:00:00,Cereal_Family,112,3.79,424.55,0,0,1,0
2024-10-20 00:00:00,Cereal_Family,125,3.79,473.47,0,0,1,0
2024-10-21 00:00:00,Cereal_Family,120,3.78,453.77,0,0,0,0
2024-10-22 00:00:00,Cereal_Family,148,3.78,559.63,0,0,0,0
2024-10-23 00:00:00,Cereal_Family,136,3.78,513.91,0,0,0,0
2024-10-24 00:00:00,Cereal_Family,140,3.78,529.44,0,0,0,0
2024-10-25 00:00:00,Cereal_Family,126,3.78,476.44,0,0,0,0
2024-10-26 00:00:00,Cereal_Family,129,3.78,487.46,0,0,1,0
2024-10-27 00:00:00,Cereal_Family,134,3.77,504.78,0,0,1,0
2024-10-28 00:00:00,Cereal_Family,138,3.76,519.51,0,0,0,0
2024-10-29 00:00:00,Cereal_Family,148,3.77,557.79,0,0,0,0
2024-10-30 00:00:00,Cereal_Family,150,3.76,564.62,0,0,0,0
2024-10-31 00:00:00,Cereal_Family,141,3.77,530.9,0,0,0,0
2024-11-01 00:00:00,Cereal_Family,111,3.77,418.19,0,0,0,0
2024-11-02 00:00:00,Cereal_Family,116,3.77,437.11,0,0,1,0
2024-11-03 00:00:00,Cereal_Family,150,3.77,564.79,0,0,1,0
2024-11-04 00:00:00,Cereal_Family,132,3.77,497.08,0,0,0,0
2024-11-05 00:00:00,Cereal_Family,158,3.76,594.36,0,0,0,0
2024-11-06 00:00:00,Cereal_Family,155,3.76,582.62,0,0,0,0
2024-11-07 00:00:00,Cereal_Family,149,3.76,559.93,0,0,0,0
2024-11-08 00:00:00,Cereal_Family,137,3.76,514.79,0,0,0,0
2024-11-09 00:00:00,Cereal_Family,145,3.75,544.38,0,0,1,0
2024-11-10 00:00:00,Cereal_Family,149,3.76,559.74,0,0,1,0
2024-11-11 00:00:00,Cereal_Family,168,3.75,630.45,0,1,0,0
2024-11-12 00:00:00,Cereal_Family,134,3.75,502.81,0,0,0,0
2024-11-13 00:00:00,Cereal_Family,147,3.75,551.75,0,0,0,0
2024-11-14 00:00:00,Cereal_Family,141,3.76,529.96,0,0,0,0
2024-11-15 00:00:00,Cereal_Family,116,3.76,436.02,0,0,0,0
2024-11-16 00:00:00,Cereal_Family,136,3.77,512.05,0,0,1,0
2024-11-17 00:00:00,Cereal_Family,130,3.76,489.32,0,0,1,0
2024-11-18 00:00:00,Cereal_Family,135,3.76,507.39,0,0,0,0
2024-11-19 00:00:00,Cereal_Family,148,3.76,556.88,0,0,0,0
2024-11-20 00:00:00,Cereal_Family,167,3.76,628.18,0,0,0,0
2024-11-21 00:00:00,Cereal_Family,132,3.76,496.52,0,0,0,0
2024-11-22 00:00:00,Cereal_Family,161,3.48,561.07,1,0,0,0
2024-11-23 00:00:00,Cereal_Family,161,3.58,576.34,1,0,1,0
2024-11-24 00:00:00,Cereal_Family,169,3.55,599.99,1,0,1,0
2024-11-25 00:00:00,Cereal_Family,166,3.51,582.03,1,0,0,0
2024-11-26 00:00:00,Cereal_Family,184,3.51,645.92,1,0,0,0
2024-11-27 00:00:00,Cereal_Family,188,3.33,626.74,1,0,0,0
2024-11-28 00:00:00,Cereal_Family,179,3.55,634.8,1,1,0,0
2024-11-29 00:00:00,Cereal_Family,158,3.49,552.05,1,0,0,0
2024-11-30 00:00:00,Cereal_Family,176,3.44,604.87,1,0,1,0
2024-12-01 00:00:00,Cereal_Family,169,3.55,600.72,1,0,1,0
2024-12-02 00:00:00,Cereal_Family,125,3.76,470.55,0,0,0,0
2024-12-03 00:00:00,Cereal_Family,166,3.77,625.54,0,0,0,0
2024-12-04 00:00:00,Cereal_Family,144,3.76,541.52,0,0,0,0
2024-12-05 00:00:00,Cereal_Family,154,3.76,578.9,0,0,0,0
2024-12-06 00:00:00,Cereal_Family,145,3.76,544.94,0,0,0,0
2024-12-07 00:00:00,Cereal_Family,141,3.76,529.66,0,0,1,0
2024-12-08 00:00:00,Cereal_Family,142,3.76,533.52,0,0,1,0
2024-12-09 00:00:00,Cereal_Family,138,3.75,517.79,0,0,0,0
2024-12-10 00:00:00,Cereal_Family,167,3.75,626.51,0,0,0,0
2024-12-11 00:00:00,Cereal_Family,156,3.75,584.92,0,0,0,0
2024-12-12 00:00:00,Cereal_Family,151,3.75,566.16,0,0,0,0
2024-12-13 00:00:00,Cereal_Family,149,3.75,558.74,0,0,0,0
2024-12-14 00:00:00,Cereal_Family,139,3.75,521.57,0,0,1,0
2024-12-15 00:00:00,Cereal_Family,138,3.75,518,0,0,1,0
2024-12-16 00:00:00,Cereal_Family,147,3.75,551.05,0,0,0,0
2024-12-17 00:00:00,Cereal_Family,170,3.75,637.41,0,0,0,0
2024-12-18 00:00:00,Cereal_Family,191,3.54,675.41,1,0,0,0
2024-12-19 00:00:00,Cereal_Family,183,3.46,633.4,1,0,0,0
2024-12-20 00:00:00,Cereal_Family,177,3.31,586.25,1,0,0,0
2024-12-21 00:00:00,Cereal_Family,170,3.36,571.11,1,0,1,0
2024-12-22 00:00:00,Cereal_Family,163,3.45,561.98,1,0,1,0
2024-12-23 00:00:00,Cereal_Family,181,3.54,640.59,1,0,0,0
2024-12-24 00:00:00,Cereal_Family,182,3.32,603.68,1,0,0,0
2024-12-25 00:00:00,Cereal_Family,201,3.36,674.39,1,1,0,0
2024-12-26 00:00:00,Cereal_Family,179,3.38,604.89,1,0,0,0
2024-12-27 00:00:00,Cereal_Family,160,3.47,554.57,1,0,0,0
2024-12-28 00:00:00,Cereal_Family,177,3.34,591.98,1,0,1,0
2024-12-29 00:00:00,Cereal_Family,181,3.54,640.45,1,0,1,0
2024-12-30 00:00:00,Cereal_Family,182,3.45,627.39,1,0,0,0
2024-12-31 00:00:00,Cereal_Family,182,3.52,639.89,1,0,0,0
2025-01-01 00:00:00,Cereal_Family,176,3.73,656.51,0,1,0,0
2025-01-02 00:00:00,Cereal_Family,148,3.73,552.64,0,0,0,0
2025-01-03 00:00:00,Cereal_Family,158,3.74,590.17,0,0,0,0
2025-01-04 00:00:00,Cereal_Family,146,3.73,545.18,0,0,1,0
2025-01-05 00:00:00,Cereal_Family,147,3.73,548.78,0,0,1,0
2025-01-06 00:00:00,Cereal_Family,155,3.74,579.22,0,0,0,0
2025-01-07 00:00:00,Cereal_Family,202,3.29,665.4,1,0,0,0
2025-01-08 00:00:00,Cereal_Family,204,3.54,722.39,1,0,0,0
2025-01-09 00:00:00,Cereal_Family,214,3.4,727.67,1,0,0,0
2025-01-10 00:00:00,Cereal_Family,197,3.3,649.15,1,0,0,0
2025-01-11 00:00:00,Cereal_Family,190,3.52,669.6,1,0,1,0
2025-01-12 00:00:00,Cereal_Family,188,3.42,642.85,1,0,1,0
2025-01-13 00:00:00,Cereal_Family,153,3.75,573.8,0,0,0,0
2025-01-14 00:00:00,Cereal_Family,151,3.75,565.79,0,0,0,0
2025-01-15 00:00:00,Cereal_Family,155,3.75,580.81,0,0,0,0
2025-01-16 00:00:00,Cereal_Family,177,3.75,663.36,0,0,0,0
2025-01-17 00:00:00,Cereal_Family,139,3.74,519.84,0,0,0,0
2025-01-18 00:00:00,Cereal_Family,144,3.74,538.36,0,0,1,0
2025-01-19 00:00:00,Cereal_Family,156,3.74,582.95,0,0,1,0
2025-01-20 00:00:00,Cereal_Family,159,3.74,594.88,0,1,0,0
2025-01-21 00:00:00,Cereal_Family,180,3.74,674.1,0,0,0,0
2025-01-22 00:00:00,Cereal_Family,180,3.75,674.79,0,0,0,0
2025-01-23 00:00:00,Cereal_Family,154,3.75,577.69,0,0,0,0
2025-01-24 00:00:00,Cereal_Family,147,3.75,551.37,0,0,0,0
2025-01-25 00:00:00,Cereal_Family,149,3.75,558.51,0,0,1,0
2025-01-26 00:00:00,Cereal_Family,159,3.75,595.61,0,0,1,0
2025-01-27 00:00:00,Cereal_Family,169,3.75,633.11,0,0,0,0
2025-01-28 00:00:00,Cereal_Family,153,3.74,572.04,0,0,0,0
2025-01-29 00:00:00,Cereal_Family,162,3.74,606.27,0,0,0,0
2025-01-30 00:00:00,Cereal_Family,155,3.74,579.72,0,0,0,0
2025-01-31 00:00:00,Cereal_Family,154,3.74,575.67,0,0,0,0
2025-02-01 00:00:00,Cereal_Family,161,3.74,601.58,0,0,1,0
2025-02-02 00:00:00,Cereal_Family,162,3.73,605.01,0,0,1,0
2025-02-03 00:00:00,Cereal_Family,159,3.74,594.11,0,0,0,0
2025-02-04 00:00:00,Cereal_Family,162,3.74,605.77,0,0,0,0
2025-02-05 00:00:00,Cereal_Family,191,3.74,714.62,0,0,0,0
2025-02-06 00:00:00,Cereal_Family,155,3.75,580.56,0,0,0,0
2025-02-07 00:00:00,Cereal_Family,138,3.74,516.38,0,0,0,0
2025-02-08 00:00:00,Cereal_Family,150,3.74,560.85,0,0,1,0
2025-02-09 00:00:00,Cereal_Family,149,3.75,558.29,0,0,1,0
2025-02-10 00:00:00,Cereal_Family,171,3.75,640.64,0,0,0,0
2025-02-11 00:00:00,Cereal_Family,169,3.74,632.52,0,0,0,0
2025-02-12 00:00:00,Cereal_Family,217,3.49,757.03,1,0,0,0
2025-02-13 00:00:00,Cereal_Family,204,3.56,725.5,1,0,0,0
2025-02-14 00:00:00,Cereal_Family,198,3.49,690.06,1,0,0,0
2025-02-15 00:00:00,Cereal_Family,178,3.49,621.53,1,0,1,0
2025-02-16 00:00:00,Cereal_Family,191,3.35,639.45,1,0,1,0
2025-02-17 00:00:00,Cereal_Family,213,3.48,740.92,1,1,0,0
2025-02-18 00:00:00,Cereal_Family,164,3.74,612.83,0,0,0,0
2025-02-19 00:00:00,Cereal_Family,187,3.74,699.15,0,0,0,0
2025-02-20 00:00:00,Cereal_Family,164,3.74,612.78,0,0,0,0
2025-02-21 00:00:00,Cereal_Family,158,3.73,589.83,0,0,0,0
2025-02-22 00:00:00,Cereal_Family,169,3.74,631.37,0,0,1,0
2025-02-23 00:00:00,Cereal_Family,152,3.74,567.96,0,0,1,0
2025-02-24 00:00:00,Cereal_Family,171,3.74,639.51,0,0,0,0
2025-02-25 00:00:00,Cereal_Family,173,3.74,646.63,0,0,0,0
2025-02-26 00:00:00,Cereal_Family,170,3.74,635.98,0,0,0,0
2025-02-27 00:00:00,Cereal_Family,159,3.75,595.79,0,0,0,0
2025-02-28 00:00:00,Cereal_Family,163,3.75,610.45,0,0,0,0
2025-03-01 00:00:00,Cereal_Family,160,3.75,599.22,0,0,1,0
2025-03-02 00:00:00,Cereal_Family,169,3.74,632.04,0,0,1,0
2025-03-03 00:00:00,Cereal_Family,163,3.74,609.87,0,0,0,0
2025-03-04 00:00:00,Cereal_Family,178,3.75,667,0,0,0,0
2025-03-05 00:00:00,Cereal_Family,194,3.75,727.42,0,0,0,0
2025-03-06 00:00:00,Cereal_Family,165,3.75,619.05,0,0,0,0
2025-03-07 00:00:00,Cereal_Family,147,3.76,552.13,0,0,0,0
2025-03-08 00:00:00,Cereal_Family,153,3.76,574.56,0,0,1,0
2025-03-09 00:00:00,Cereal_Family,168,3.76,630.97,0,0,1,0
2025-03-10 00:00:00,Cereal_Family,192,3.53,677.55,1,0,0,0
2025-03-11 00:00:00,Cereal_Family,204,3.45,703.09,1,0,0,0
2025-03-12 00:00:00,Cereal_Family,206,3.55,731.25,1,0,0,0
2025-03-13 00:00:00,Cereal_Family,210,3.42,718.06,1,0,0,0
2025-03-14 00:00:00,Cereal_Family,192,3.49,669.38,1,0,0,0
2025-03-15 00:00:00,Cereal_Family,194,3.54,685.79,1,0,1,0
2025-03-16 00:00:00,Cereal_Family,183,3.76,688.12,0,0,1,0
2025-03-17 00:00:00,Cereal_Family,169,3.76,635.03,0,0,0,0
2025-03-18 00:00:00,Cereal_Family,174,3.75,653.04,0,0,0,0
2025-03-19 00:00:00,Cereal_Family,180,3.76,675.99,0,0,0,0
2025-03-20 00:00:00,Cereal_Family,182,3.75,683.09,0,0,0,0
2025-03-21 00:00:00,Cereal_Family,157,3.76,589.61,0,0,0,0
2025-03-22 00:00:00,Cereal_Family,166,3.75,623.3,0,0,1,0
2025-03-23 00:00:00,Cereal_Family,150,3.75,562.96,0,0,1,0
2025-03-24 00:00:00,Cereal_Family,171,3.76,642.23,0,0,0,0
2025-03-25 00:00:00,Cereal_Family,180,3.76,676.04,0,0,0,0
2025-03-26 00:00:00,Cereal_Family,186,3.75,697.44,0,0,0,0
2025-03-27 00:00:00,Cereal_Family,194,3.75,727.01,0,0,0,0
2025-03-28 00:00:00,Cereal_Family,168,3.75,629.65,0,0,0,0
2025-03-29 00:00:00,Cereal_Family,173,3.75,648,0,0,1,0
2025-03-30 00:00:00,Cereal_Family,146,3.75,547.69,0,0,1,0
2025-03-31 00:00:00,Cereal_Family,171,3.75,641.15,0,0,0,0
2025-04-01 00:00:00,Cereal_Family,201,3.75,753.36,0,0,0,0
2025-04-02 00:00:00,Cereal_Family,189,3.75,708.27,0,0,0,0
2025-04-03 00:00:00,Cereal_Family,164,3.74,613.41,0,0,0,0
2025-04-04 00:00:00,Cereal_Family,176,3.74,658.4,0,0,0,0
2025-04-05 00:00:00,Cereal_Family,170,3.74,635.41,0,0,1,0
2025-04-06 00:00:00,Cereal_Family,183,3.74,683.71,0,0,1,0
2025-04-07 00:00:00,Cereal_Family,172,3.73,641.95,0,0,0,0
2025-04-08 00:00:00,Cereal_Family,197,3.73,734.37,0,0,0,0
2025-04-09 00:00:00,Cereal_Family,185,3.73,689.45,0,0,0,0
2025-04-10 00:00:00,Cereal_Family,176,3.72,654.74,0,0,0,0
2025-04-11 00:00:00,Cereal_Family,152,3.73,566.33,0,0,0,0
2025-04-12 00:00:00,Cereal_Family,159,3.73,592.52,0,0,1,0
2025-04-13 00:00:00,Cereal_Family,153,3.72,569.44,0,0,1,0
2025-04-14 00:00:00,Cereal_Family,176,3.72,655.56,0,0,0,0
2025-04-15 00:00:00,Cereal_Family,169,3.73,629.81,0,0,0,0
2025-04-16 00:00:00,Cereal_Family,186,3.73,693.57,0,0,0,0
2025-04-17 00:00:00,Cereal_Family,169,3.73,629.93,0,0,0,0
2025-04-18 00:00:00,Cereal_Family,169,3.73,630.41,0,0,0,0
2025-04-19 00:00:00,Cereal_Family,175,3.73,652.55,0,0,1,0
2025-04-20 00:00:00,Cereal_Family,171,3.73,637.7,0,0,1,0
2025-04-21 00:00:00,Cereal_Family,154,3.73,574.93,0,0,0,0
2025-04-22 00:00:00,Cereal_Family,179,3.74,668.92,0,0,0,0
2025-04-23 00:00:00,Cereal_Family,181,3.74,676.52,0,0,0,0
2025-04-24 00:00:00,Cereal_Family,195,3.73,728.23,0,0,0,0
2025-04-25 00:00:00,Cereal_Family,157,3.74,586.4,0,0,0,0
2025-04-26 00:00:00,Cereal_Family,178,3.73,664.39,0,0,1,0
2025-04-27 00:00:00,Cereal_Family,162,3.73,604.18,0,0,1,0
2025-04-28 00:00:00,Cereal_Family,159,3.73,592.78,0,0,0,0
2025-04-29 00:00:00,Cereal_Family,176,3.73,656.5,0,0,0,0
2025-04-30 00:00:00,Cereal_Family,187,3.73,697.92,0,0,0,0
2025-05-01 00:00:00,Cereal_Family,171,3.73,638.39,0,0,0,0
2025-05-02 00:00:00,Cereal_Family,153,3.73,571.08,0,0,0,0
2025-05-03 00:00:00,Cereal_Family,156,3.73,581.62,0,0,1,0
2025-05-04 00:00:00,Cereal_Family,171,3.73,637.42,0,0,1,0
2025-05-05 00:00:00,Cereal_Family,167,3.72,622.07,0,0,0,0
2025-05-06 00:00:00,Cereal_Family,177,3.73,659.48,0,0,0,0
2025-05-07 00:00:00,Cereal_Family,179,3.72,666.52,0,0,0,0
2025-05-08 00:00:00,Cereal_Family,173,3.72,644.03,0,0,0,0
2025-05-09 00:00:00,Cereal_Family,137,3.72,510.29,0,0,0,0
2025-05-10 00:00:00,Cereal_Family,164,3.73,611.35,0,0,1,0
2025-05-11 00:00:00,Cereal_Family,155,3.73,577.53,0,0,1,0
2025-05-12 00:00:00,Cereal_Family,162,3.72,603.26,0,0,0,0
2025-05-13 00:00:00,Cereal_Family,184,3.72,684.92,0,0,0,0
2025-05-14 00:00:00,Cereal_Family,178,3.72,662.63,0,0,0,0
2025-05-15 00:00:00,Cereal_Family,157,3.72,583.72,0,0,0,0
2025-05-16 00:00:00,Cereal_Family,152,3.72,564.92,0,0,0,0
2025-05-17 00:00:00,Cereal_Family,137,3.71,508.93,0,0,1,0
2025-05-18 00:00:00,Cereal_Family,177,3.72,657.74,0,0,1,0
2025-05-19 00:00:00,Cereal_Family,180,3.71,668.6,0,0,0,0
2025-05-20 00:00:00,Cereal_Family,166,3.71,616.39,0,0,0,0
2025-05-21 00:00:00,Cereal_Family,170,3.71,630.28,0,0,0,0
2025-05-22 00:00:00,Cereal_Family,187,3.7,692.65,0,0,0,0
2025-05-23 00:00:00,Cereal_Family,159,3.71,589.62,0,0,0,0
2025-05-24 00:00:00,Cereal_Family,151,3.71,560.17,0,0,1,0
2025-05-25 00:00:00,Cereal_Family,185,3.5,647.75,1,0,1,0
2025-05-26 00:00:00,Cereal_Family,191,3.29,628.68,1,1,0,0
2025-05-27 00:00:00,Cereal_Family,212,3.48,737.88,1,0,0,0
2025-05-28 00:00:00,Cereal_Family,213,3.43,730.67,1,0,0,0
2025-05-29 00:00:00,Cereal_Family,189,3.3,623.1,1,0,0,0
2025-05-30 00:00:00,Cereal_Family,187,3.51,656.46,1,0,0,0
2025-05-31 00:00:00,Cereal_Family,152,3.7,562.47,0,0,1,0
2025-06-01 00:00:00,Cereal_Family,145,3.7,537.12,0,0,1,0
2025-06-02 00:00:00,Cereal_Family,169,3.7,625.74,0,0,0,0
2025-06-03 00:00:00,Cereal_Family,165,3.7,610.4,0,0,0,0
2025-06-04 00:00:00,Cereal_Family,172,3.7,635.62,0,0,0,0
2025-06-05 00:00:00,Cereal_Family,174,3.7,643.38,0,0,0,0
2025-06-06 00:00:00,Cereal_Family,178,3.7,658.08,0,0,0,0
2025-06-07 00:00:00,Cereal_Family,158,3.69,583.62,0,0,1,0
2025-06-08 00:00:00,Cereal_Family,152,3.7,561.98,0,0,1,0
2025-06-09 00:00:00,Cereal_Family,163,3.7,603.51,0,0,0,0
2025-06-10 00:00:00,Cereal_Family,151,3.7,559.36,0,0,0,0
2025-06-11 00:00:00,Cereal_Family,173,3.7,640.69,0,0,0,0
2025-06-12 00:00:00,Cereal_Family,155,3.71,574.92,0,0,0,0
2025-06-13 00:00:00,Cereal_Family,156,3.71,579.19,0,0,0,0
2025-06-14 00:00:00,Cereal_Family,139,3.71,516.33,0,0,1,0
2025-06-15 00:00:00,Cereal_Family,164,3.71,608.75,0,0,1,0
2025-06-16 00:00:00,Cereal_Family,147,3.71,545.6,0,0,0,0
2025-06-17 00:00:00,Cereal_Family,157,3.71,582.42,0,0,0,0
2025-06-18 00:00:00,Cereal_Family,161,3.71,597.68,0,0,0,0
2025-06-19 00:00:00,Cereal_Family,171,3.71,634.19,0,1,0,0
2025-06-20 00:00:00,Cereal_Family,143,3.71,530.23,0,0,0,0
2025-06-21 00:00:00,Cereal_Family,146,3.7,540.68,0,0,1,0
2025-06-22 00:00:00,Cereal_Family,142,3.7,525.02,0,0,1,0
2025-06-23 00:00:00,Cereal_Family,157,3.69,580.09,0,0,0,0
2025-06-24 00:00:00,Cereal_Family,150,3.7,554.59,0,0,0,0
2025-06-25 00:00:00,Cereal_Family,170,3.69,627.23,0,0,0,0
2025-06-26 00:00:00,Cereal_Family,173,3.69,638.74,0,0,0,0
2025-06-27 00:00:00,Cereal_Family,138,3.7,509.94,0,0,0,0
2025-06-28 00:00:00,Cereal_Family,138,3.7,510.37,0,0,1,0
2025-06-29 00:00:00,Cereal_Family,150,3.7,554.54,0,0,1,0
2025-06-30 00:00:00,Cereal_Family,138,3.69,509.66,0,0,0,0
2025-07-01 00:00:00,Cereal_Family,152,3.69,561.43,0,0,0,0
2025-07-02 00:00:00,Cereal_Family,176,3.69,649.76,0,0,0,0
2025-07-03 00:00:00,Cereal_Family,157,3.7,581.13,0,0,0,0
2025-07-04 00:00:00,Cereal_Family,154,3.71,570.86,0,1,0,0
2025-07-05 00:00:00,Cereal_Family,144,3.71,533.8,0,0,1,0
2025-07-06 00:00:00,Cereal_Family,131,3.71,485.69,0,0,1,0
2025-07-07 00:00:00,Cereal_Family,149,3.71,552.1,0,0,0,0
2025-07-08 00:00:00,Cereal_Family,138,3.71,511.45,0,0,0,0
2025-07-09 00:00:00,Cereal_Family,164,3.71,608.73,0,0,0,0
2025-07-10 00:00:00,Cereal_Family,164,3.71,609.19,0,0,0,0
2025-07-11 00:00:00,Cereal_Family,160,3.72,594.54,0,0,0,0
2025-07-12 00:00:00,Cereal_Family,157,3.72,583.81,0,0,1,0
2025-07-13 00:00:00,Cereal_Family,147,3.71,545.55,0,0,1,0
2025-07-14 00:00:00,Cereal_Family,152,3.71,563.57,0,0,0,0
2025-07-15 00:00:00,Cereal_Family,144,3.71,533.78,0,0,0,0
2025-07-16 00:00:00,Cereal_Family,152,3.71,563.5,0,0,0,0
2025-07-17 00:00:00,Cereal_Family,152,3.7,562.89,0,0,0,0
2025-07-18 00:00:00,Cereal_Family,149,3.7,551.58,0,0,0,0
2025-07-19 00:00:00,Cereal_Family,142,3.7,525.05,0,0,1,0
2025-07-20 00:00:00,Cereal_Family,144,3.69,531.94,0,0,1,0
2025-07-21 00:00:00,Cereal_Family,160,3.69,590.4,0,0,0,0
2025-07-22 00:00:00,Cereal_Family,179,3.4,609.31,1,0,0,0
2025-07-23 00:00:00,Cereal_Family,194,3.49,677.15,1,0,0,0
2025-07-24 00:00:00,Cereal_Family,176,3.25,571.41,1,0,0,0
2025-07-25 00:00:00,Cereal_Family,166,3.28,545.04,1,0,0,0
2025-07-26 00:00:00,Cereal_Family,170,3.42,581.59,1,0,1,0
2025-07-27 00:00:00,Cereal_Family,165,3.39,559.28,1,0,1,0
2025-07-28 00:00:00,Cereal_Family,142,3.69,524.07,0,0,0,0
2025-07-29 00:00:00,Cereal_Family,168,3.69,619.18,0,0,0,0
2025-07-30 00:00:00,Cereal_Family,159,3.68,585.86,0,0,0,0
2025-07-31 00:00:00,Cereal_Family,147,3.68,541.56,0,0,0,0
2025-08-01 00:00:00,Cereal_Family,156,3.68,574.75,0,0,0,0
2025-08-02 00:00:00,Cereal_Family,150,3.68,552.5,0,0,1,0
2025-08-03 00:00:00,Cereal_Family,133,3.68,490.08,0,0,1,0
2025-08-04 00:00:00,Cereal_Family,150,3.69,553.18,0,0,0,0
2025-08-05 00:00:00,Cereal_Family,157,3.68,578.39,0,0,0,0
2025-08-06 00:00:00,Cereal_Family,158,3.68,581.59,0,0,0,0
2025-08-07 00:00:00,Cereal_Family,165,3.67,606.35,0,0,0,0
2025-08-08 00:00:00,Cereal_Family,130,3.67,477.07,0,0,0,0
2025-08-09 00:00:00,Cereal_Family,133,3.67,487.69,0,0,1,0
2025-08-10 00:00:00,Cereal_Family,138,3.66,505.72,0,0,1,0
2025-08-11 00:00:00,Cereal_Family,144,3.67,527.79,0,0,0,0
2025-08-12 00:00:00,Cereal_Family,148,3.67,542.49,0,0,0,0
2025-08-13 00:00:00,Cereal_Family,170,3.67,623.26,0,0,0,0
2025-08-14 00:00:00,Cereal_Family,153,3.66,560.22,0,0,0,0
2025-08-15 00:00:00,Cereal_Family,140,3.67,513.27,0,0,0,0
2025-08-16 00:00:00,Cereal_Family,126,3.67,461.89,0,0,1,0
2025-08-17 00:00:00,Cereal_Family,136,3.66,498.23,0,0,1,0
2025-08-18 00:00:00,Cereal_Family,153,3.67,560.88,0,0,0,0
2025-08-19 00:00:00,Cereal_Family,145,3.66,530.61,0,0,0,0
2025-08-20 00:00:00,Cereal_Family,155,3.67,568.49,0,0,0,0
2025-08-21 00:00:00,Cereal_Family,153,3.67,560.96,0,0,0,0
2025-08-22 00:00:00,Cereal_Family,119,3.66,435.85,0,0,0,0
2025-08-23 00:00:00,Cereal_Family,124,3.66,454.1,0,0,1,0
2025-08-24 00:00:00,Cereal_Family,149,3.66,545.68,0,0,1,0
2025-08-25 00:00:00,Cereal_Family,149,3.67,546.17,0,0,0,0
2025-08-26 00:00:00,Cereal_Family,160,3.66,586.04,0,0,0,0
2025-08-27 00:00:00,Cereal_Family,135,3.65,493.41,0,0,0,0
2025-08-28 00:00:00,Cereal_Family,156,3.66,570.18,0,0,0,0
2025-08-29 00:00:00,Cereal_Family,136,3.66,497.47,0,0,0,0
2025-08-30 00:00:00,Cereal_Family,125,3.66,457.15,0,0,1,0
2025-08-31 00:00:00,Cereal_Family,135,3.66,493.91,0,0,1,0
2025-09-01 00:00:00,Cereal_Family,129,3.66,472.43,0,1,0,0
2025-09-02 00:00:00,Cereal_Family,147,3.67,538.95,0,0,0,0
2025-09-03 00:00:00,Cereal_Family,154,3.67,565.25,0,0,0,0
2025-09-04 00:00:00,Cereal_Family,145,3.67,531.61,0,0,0,0
2025-09-05 00:00:00,Cereal_Family,130,3.67,476.47,0,0,0,0
2025-09-06 00:00:00,Cereal_Family,136,3.67,499.04,0,0,1,0
2025-09-07 00:00:00,Cereal_Family,135,3.67,495.52,0,0,1,0
2025-09-08 00:00:00,Cereal_Family,145,3.67,532.37,0,0,0,0
2025-09-09 00:00:00,Cereal_Family,139,3.67,509.54,0,0,0,0
2025-09-10 00:00:00,Cereal_Family,149,3.67,546.14,0,0,0,0
2025-09-11 00:00:00,Cereal_Family,140,3.66,512.74,0,0,0,0
2025-09-12 00:00:00,Cereal_Family,131,3.66,479.86,0,0,0,0
2025-09-13 00:00:00,Cereal_Family,133,3.66,486.86,0,0,1,0
2025-09-14 00:00:00,Cereal_Family,143,3.66,523.09,0,0,1,0
2025-09-15 00:00:00,Cereal_Family,145,3.66,531,0,0,0,0
2025-09-16 00:00:00,Cereal_Family,143,3.66,524,0,0,0,0
2025-09-17 00:00:00,Cereal_Family,156,3.67,572.31,0,0,0,0
2025-09-18 00:00:00,Cereal_Family,146,3.66,534.77,0,0,0,0
2025-09-19 00:00:00,Cereal_Family,128,3.67,469.25,0,0,0,0
2025-09-20 00:00:00,Cereal_Family,136,3.66,497.75,0,0,1,0
2025-09-21 00:00:00,Cereal_Family,139,3.67,509.47,0,0,1,0
2025-09-22 00:00:00,Cereal_Family,133,3.66,486.92,0,0,0,0
2025-09-23 00:00:00,Cereal_Family,147,3.66,537.55,0,0,0,0
2025-09-24 00:00:00,Cereal_Family,154,3.66,563.26,0,0,0,0
2025-09-25 00:00:00,Cereal_Family,138,3.65,504.19,0,0,0,0
2025-09-26 00:00:00,Cereal_Family,127,3.65,463.14,0,0,0,0
2025-09-27 00:00:00,Cereal_Family,139,3.65,507.12,0,0,1,0
2025-09-28 00:00:00,Cereal_Family,123,3.65,449.24,0,0,1,0
2025-09-29 00:00:00,Cereal_Family,135,3.65,492.76,0,0,0,0
2025-09-30 00:00:00,Cereal_Family,154,3.65,562.67,0,0,0,0
2025-10-01 00:00:00,Cereal_Family,160,3.66,584.97,0,0,0,0
2025-10-02 00:00:00,Cereal_Family,161,3.66,589.22,0,0,0,0
2025-10-03 00:00:00,Cereal_Family,133,3.66,486.52,0,0,0,0
2025-10-04 00:00:00,Cereal_Family,151,3.66,552.36,0,0,1,0
2025-10-05 00:00:00,Cereal_Family,130,3.66,475.35,0,0,1,0
2025-10-06 00:00:00,Cereal_Family,147,3.66,537.33,0,0,0,0
2025-10-07 00:00:00,Cereal_Family,142,3.67,520.66,0,0,0,0
2025-10-08 00:00:00,Cereal_Family,151,3.66,553.11,0,0,0,0
2025-10-09 00:00:00,Cereal_Family,138,3.66,505.52,0,0,0,0
2025-10-10 00:00:00,Cereal_Family,133,3.66,487.07,0,0,0,0
2025-10-11 00:00:00,Cereal_Family,129,3.66,472.64,0,0,1,0
2025-10-12 00:00:00,Cereal_Family,118,3.66,432.3,0,0,1,0
2025-10-13 00:00:00,Cereal_Family,172,3.4,585.08,1,1,0,0
2025-10-14 00:00:00,Cereal_Family,181,3.48,629.29,1,0,0,0
2025-10-15 00:00:00,Cereal_Family,190,3.45,655.49,1,0,0,0
2025-10-16 00:00:00,Cereal_Family,156,3.38,526.77,1,0,0,0
2025-10-17 00:00:00,Cereal_Family,158,3.3,520.69,1,0,0,0
2025-10-18 00:00:00,Cereal_Family,155,3.34,518.12,1,0,1,0
2025-10-19 00:00:00,Cereal_Family,136,3.65,496.87,0,0,1,0
2025-10-20 00:00:00,Cereal_Family,135,3.66,493.46,0,0,0,0
2025-10-21 00:00:00,Cereal_Family,156,3.65,569.56,0,0,0,0
2025-10-22 00:00:00,Cereal_Family,168,3.65,613.37,0,0,0,0
2025-10-23 00:00:00,Cereal_Family,130,3.65,474.98,0,0,0,0
2025-10-24 00:00:00,Cereal_Family,151,3.65,550.8,0,0,0,0
2025-10-25 00:00:00,Cereal_Family,124,3.65,452.07,0,0,1,0
2025-10-26 00:00:00,Cereal_Family,162,3.65,590.78,0,0,1,0
2025-10-27 00:00:00,Cereal_Family,160,3.64,582.73,0,0,0,0
2025-10-28 00:00:00,Cereal_Family,160,3.64,581.94,0,0,0,0
2025-10-29 00:00:00,Cereal_Family,159,3.64,578.01,0,0,0,0
2025-10-30 00:00:00,Cereal_Family,140,3.64,509.91,0,0,0,0
2025-10-31 00:00:00,Cereal_Family,125,3.64,455.02,0,0,0,0
2025-11-01 00:00:00,Cereal_Family,132,3.64,480.63,0,0,1,0
2025-11-02 00:00:00,Cereal_Family,116,3.63,421.63,0,0,1,0
2025-11-03 00:00:00,Cereal_Family,156,3.63,566.86,0,0,0,0
2025-11-04 00:00:00,Cereal_Family,144,3.64,523.66,0,0,0,0
2025-11-05 00:00:00,Cereal_Family,150,3.63,544.64,0,0,0,0
2025-11-06 00:00:00,Cereal_Family,145,3.63,526.72,0,0,0,0
2025-11-07 00:00:00,Cereal_Family,132,3.62,478.25,0,0,0,0
2025-11-08 00:00:00,Cereal_Family,129,3.62,466.58,0,0,1,0
2025-11-09 00:00:00,Cereal_Family,184,3.29,605.08,1,0,1,0
2025-11-10 00:00:00,Cereal_Family,171,3.32,567.77,1,0,0,0
2025-11-11 00:00:00,Cereal_Family,202,3.34,675.55,1,1,0,0
2025-11-12 00:00:00,Cereal_Family,201,3.42,687.35,1,0,0,0
2025-11-13 00:00:00,Cereal_Family,191,3.41,651.74,1,0,0,0
2025-11-14 00:00:00,Cereal_Family,170,3.31,562.3,1,0,0,0
2025-11-15 00:00:00,Cereal_Family,156,3.61,562.99,0,0,1,0
2025-11-16 00:00:00,Cereal_Family,138,3.61,497.84,0,0,1,0
2025-11-17 00:00:00,Cereal_Family,133,3.61,479.66,0,0,0,0
2025-11-18 00:00:00,Cereal_Family,164,3.61,591.22,0,0,0,0
2025-11-19 00:00:00,Cereal_Family,158,3.61,570.33,0,0,0,0
2025-11-20 00:00:00,Cereal_Family,150,3.61,541.25,0,0,0,0
2025-11-21 00:00:00,Cereal_Family,113,3.61,407.67,0,0,0,0
2025-11-22 00:00:00,Cereal_Family,135,3.61,487.44,0,0,1,0
2025-11-23 00:00:00,Cereal_Family,131,3.61,472.34,0,0,1,0
2025-11-24 00:00:00,Cereal_Family,188,3.35,629.3,1,0,0,0
2025-11-25 00:00:00,Cereal_Family,196,3.26,639.15,1,0,0,0
2025-11-26 00:00:00,Cereal_Family,194,3.22,625.28,1,0,0,0
2025-11-27 00:00:00,Cereal_Family,190,3.22,612.61,1,1,0,0
2025-11-28 00:00:00,Cereal_Family,181,3.29,595.63,1,0,0,0
2025-11-29 00:00:00,Cereal_Family,145,3.3,479.14,1,0,1,0
2025-11-30 00:00:00,Cereal_Family,181,3.41,617.35,1,0,1,0
2025-12-01 00:00:00,Cereal_Family,129,3.6,464.28,0,0,0,0
2025-12-02 00:00:00,Cereal_Family,152,3.6,547.35,0,0,0,0
2025-12-03 00:00:00,Cereal_Family,164,3.59,588.79,0,0,0,0
2025-12-04 00:00:00,Cereal_Family,150,3.59,538.45,0,0,0,0
2025-12-05 00:00:00,Cereal_Family,133,3.59,477.39,0,0,0,0
2025-12-06 00:00:00,Cereal_Family,140,3.59,502.43,0,0,1,0
2025-12-07 00:00:00,Cereal_Family,147,3.59,527.76,0,0,1,0
2025-12-08 00:00:00,Cereal_Family,133,3.59,477.51,0,0,0,0
2025-12-09 00:00:00,Cereal_Family,163,3.6,586.48,0,0,0,0
2025-12-10 00:00:00,Cereal_Family,168,3.6,605.25,0,0,0,0
2025-12-11 00:00:00,Cereal_Family,140,3.6,504.53,0,0,0,0
2025-12-12 00:00:00,Cereal_Family,149,3.61,537.28,0,0,0,0
2025-12-13 00:00:00,Cereal_Family,143,3.61,516.07,0,0,1,0
2025-12-14 00:00:00,Cereal_Family,145,3.6,522.21,0,0,1,0
2025-12-15 00:00:00,Cereal_Family,162,3.6,583.97,0,0,0,0
2025-12-16 00:00:00,Cereal_Family,167,3.6,601.29,0,0,0,0
2025-12-17 00:00:00,Cereal_Family,171,3.6,615.54,0,0,0,0
2025-12-18 00:00:00,Cereal_Family,185,3.29,609.43,1,0,0,0
2025-12-19 00:00:00,Cereal_Family,173,3.36,580.65,1,0,0,0
2025-12-20 00:00:00,Cereal_Family,173,3.36,581.59,1,0,1,0
2025-12-21 00:00:00,Cereal_Family,181,3.27,592.49,1,0,1,0
2025-12-22 00:00:00,Cereal_Family,163,3.33,542.1,1,0,0,0
2025-12-23 00:00:00,Cereal_Family,199,3.34,664.91,1,0,0,0
2025-12-24 00:00:00,Cereal_Family,211,3.37,710.77,1,0,0,0
2025-12-25 00:00:00,Cereal_Family,207,3.4,703.7,1,1,0,0
2025-12-26 00:00:00,Cereal_Family,176,3.34,588.1,1,0,0,0
2025-12-27 00:00:00,Cereal_Family,180,3.18,571.81,1,0,1,0
2025-12-28 00:00:00,Cereal_Family,191,3.32,633.3,1,0,1,0
2025-12-29 00:00:00,Cereal_Family,195,3.35,652.54,1,0,0,0
2025-12-30 00:00:00,Cereal_Family,206,3.22,663.84,1,0,0,0
2025-12-31 00:00:00,Cereal_Family,207,3.39,701.46,1,0,0,0
2026-01-01 00:00:00,Cereal_Family,176,3.59,632.53,0,1,0,0
2026-01-02 00:00:00,Cereal_Family,141,3.6,507.33,0,0,0,0
2026-01-03 00:00:00,Cereal_Family,137,3.6,493.85,0,0,1,0
2026-01-04 00:00:00,Cereal_Family,160,3.6,576.2,0,0,1,0
2026-01-05 00:00:00,Cereal_Family,142,3.6,511.57,0,0,0,0
2026-01-06 00:00:00,Cereal_Family,164,3.6,590.01,0,0,0,0
2026-01-07 00:00:00,Cereal_Family,183,3.59,657.57,0,0,0,0
2026-01-08 00:00:00,Cereal_Family,181,3.6,651.47,0,0,0,0
2026-01-09 00:00:00,Cereal_Family,156,3.59,560.69,0,0,0,0
2026-01-10 00:00:00,Cereal_Family,151,3.59,541.84,0,0,1,0
2026-01-11 00:00:00,Cereal_Family,159,3.59,570.2,0,0,1,0
2026-01-12 00:00:00,Cereal_Family,154,3.58,551.95,0,0,0,0
2026-01-13 00:00:00,Cereal_Family,153,3.59,549.6,0,0,0,0
2026-01-14 00:00:00,Cereal_Family,175,3.59,628.87,0,0,0,0
2026-01-15 00:00:00,Cereal_Family,161,3.59,578.77,0,0,0,0
2026-01-16 00:00:00,Cereal_Family,166,3.6,597.24,0,0,0,0
2026-01-17 00:00:00,Cereal_Family,141,3.6,507.31,0,0,1,0
2026-01-18 00:00:00,Cereal_Family,150,3.59,539.01,0,0,1,0
2026-01-19 00:00:00,Cereal_Family,207,3.19,660.63,1,1,0,0
2026-01-20 00:00:00,Cereal_Family,202,3.41,688.62,1,0,0,0
2026-01-21 00:00:00,Cereal_Family,218,3.25,709.18,1,0,0,0
2026-01-22 00:00:00,Cereal_Family,188,3.37,633.81,1,0,0,0
2026-01-23 00:00:00,Cereal_Family,199,3.26,648.94,1,0,0,0
2026-01-24 00:00:00,Cereal_Family,179,3.27,586.02,1,0,1,0
2026-01-25 00:00:00,Cereal_Family,150,3.59,539.11,0,0,1,0
2026-01-26 00:00:00,Cereal_Family,173,3.6,621.94,0,0,0,0
2026-01-27 00:00:00,Cereal_Family,179,3.59,642.66,0,0,0,0
2026-01-28 00:00:00,Cereal_Family,195,3.59,700.23,0,0,0,0
2026-01-29 00:00:00,Cereal_Family,165,3.59,592.58,0,0,0,0
2026-01-30 00:00:00,Cereal_Family,142,3.59,509.97,0,0,0,0
2026-01-31 00:00:00,Cereal_Family,165,3.59,592.55,0,0,1,0
2026-02-01 00:00:00,Cereal_Family,165,3.59,592.59,0,0,1,0
2026-02-02 00:00:00,Cereal_Family,187,3.59,671.39,0,0,0,0
2026-02-03 00:00:00,Cereal_Family,188,3.59,674.06,0,0,0,0
2026-02-04 00:00:00,Cereal_Family,179,3.58,641,0,0,0,0
2026-02-05 00:00:00,Cereal_Family,224,3.29,736.6,1,0,0,0
2026-02-06 00:00:00,Cereal_Family,202,3.34,674.01,1,0,0,0
2026-02-07 00:00:00,Cereal_Family,193,3.36,648.36,1,0,1,0
2026-02-08 00:00:00,Cereal_Family,194,3.35,649.82,1,0,1,0
2026-02-09 00:00:00,Cereal_Family,222,3.27,725.79,1,0,0,0
2026-02-10 00:00:00,Cereal_Family,210,3.3,692.39,1,0,0,0
2026-02-11 00:00:00,Cereal_Family,178,3.58,637.38,0,0,0,0
2026-02-12 00:00:00,Cereal_Family,185,3.58,663.03,0,0,0,0
2022-01-01 00:00:00,Chicken_Breast,141,5.49,774.09,0,0,1,0
2022-01-02 00:00:00,Chicken_Breast,146,5.49,801.36,0,0,1,0
2022-01-03 00:00:00,Chicken_Breast,181,4.89,885.1,1,0,0,0
2022-01-04 00:00:00,Chicken_Breast,196,4.9,959.71,1,0,0,0
2022-01-05 00:00:00,Chicken_Breast,205,5.13,1051.22,1,0,0,0
2022-01-06 00:00:00,Chicken_Breast,206,5.13,1056.29,1,0,0,0
2022-01-07 00:00:00,Chicken_Breast,197,4.95,974.85,1,0,0,0
2022-01-08 00:00:00,Chicken_Breast,177,5.19,919.49,1,0,1,0
2022-01-09 00:00:00,Chicken_Breast,142,5.48,778.25,0,0,1,0
2022-01-10 00:00:00,Chicken_Breast,158,5.47,864.79,0,0,0,0
2022-01-11 00:00:00,Chicken_Breast,173,5.48,948.2,0,0,0,0
2022-01-12 00:00:00,Chicken_Breast,168,5.48,919.94,0,0,0,0
2022-01-13 00:00:00,Chicken_Breast,160,5.48,876.81,0,0,0,0
2022-01-14 00:00:00,Chicken_Breast,145,5.49,795.86,0,0,0,0
2022-01-15 00:00:00,Chicken_Breast,188,5.49,1032.3,0,0,1,0
2022-01-16 00:00:00,Chicken_Breast,166,5.5,912.66,0,0,1,0
2022-01-17 00:00:00,Chicken_Breast,185,5.49,1016.35,0,1,0,0
2022-01-18 00:00:00,Chicken_Breast,164,5.49,900.72,0,0,0,0
2022-01-19 00:00:00,Chicken_Breast,162,5.49,890.09,0,0,0,0
2022-01-20 00:00:00,Chicken_Breast,173,5.5,952.18,0,0,0,0
2022-01-21 00:00:00,Chicken_Breast,158,5.51,870.22,0,0,0,0
2022-01-22 00:00:00,Chicken_Breast,150,5.5,825.27,0,0,1,0
2022-01-23 00:00:00,Chicken_Breast,162,5.5,890.87,0,0,1,0
2022-01-24 00:00:00,Chicken_Breast,174,5.49,955.49,0,0,0,0
2022-01-25 00:00:00,Chicken_Breast,170,5.49,933.28,0,0,0,0
2022-01-26 00:00:00,Chicken_Breast,154,5.49,844.76,0,0,0,0
2022-01-27 00:00:00,Chicken_Breast,165,5.48,904.87,0,0,0,0
2022-01-28 00:00:00,Chicken_Breast,153,5.48,838.93,0,0,0,0
2022-01-29 00:00:00,Chicken_Breast,167,5.49,916.04,0,0,1,0
2022-01-30 00:00:00,Chicken_Breast,168,5.48,921.08,0,0,1,0
2022-01-31 00:00:00,Chicken_Breast,168,5.48,921.08,0,0,0,0
2022-02-01 00:00:00,Chicken_Breast,171,5.49,938.27,0,0,0,0
2022-02-02 00:00:00,Chicken_Breast,183,5.48,1002.18,0,0,0,0
2022-02-03 00:00:00,Chicken_Breast,194,5.08,986.28,1,0,0,0
2022-02-04 00:00:00,Chicken_Breast,192,5.18,995.09,1,0,0,0
2022-02-05 00:00:00,Chicken_Breast,203,5.06,1028.08,1,0,1,0
2022-02-06 00:00:00,Chicken_Breast,180,5.08,914.23,1,0,1,0
2022-02-07 00:00:00,Chicken_Breast,193,5.15,994.71,1,0,0,0
2022-02-08 00:00:00,Chicken_Breast,208,5.13,1067.67,1,0,0,0
2022-02-09 00:00:00,Chicken_Breast,172,5.46,939.78,0,0,0,0
2022-02-10 00:00:00,Chicken_Breast,166,5.46,906.56,0,0,0,0
2022-02-11 00:00:00,Chicken_Breast,152,5.46,829.9,0,0,0,0
2022-02-12 00:00:00,Chicken_Breast,164,5.45,894.51,0,0,1,0
2022-02-13 00:00:00,Chicken_Breast,145,5.46,791.58,0,0,1,0
2022-02-14 00:00:00,Chicken_Breast,141,5.46,769.83,0,0,0,0
2022-02-15 00:00:00,Chicken_Breast,181,5.46,988.53,0,0,0,0
2022-02-16 00:00:00,Chicken_Breast,177,5.47,968.13,0,0,0,0
2022-02-17 00:00:00,Chicken_Breast,163,5.47,891.92,0,0,0,0
2022-02-18 00:00:00,Chicken_Breast,142,5.47,776.97,0,0,0,0
2022-02-19 00:00:00,Chicken_Breast,151,5.47,825.25,0,0,1,0
2022-02-20 00:00:00,Chicken_Breast,174,5.46,949.8,0,0,1,0
2022-02-21 00:00:00,Chicken_Breast,175,5.46,955.81,0,1,0,0
2022-02-22 00:00:00,Chicken_Breast,178,5.46,971.74,0,0,0,0
2022-02-23 00:00:00,Chicken_Breast,181,5.46,989.05,0,0,0,0
2022-02-24 00:00:00,Chicken_Breast,161,5.46,879.34,0,0,0,0
2022-02-25 00:00:00,Chicken_Breast,160,5.46,874.21,0,0,0,0
2022-02-26 00:00:00,Chicken_Breast,152,5.46,830.15,0,0,1,0
2022-02-27 00:00:00,Chicken_Breast,176,5.46,961.18,0,0,1,0
2022-02-28 00:00:00,Chicken_Breast,157,5.46,857.23,0,0,0,0
2022-03-01 00:00:00,Chicken_Breast,157,5.47,858.86,0,0,0,0
2022-03-02 00:00:00,Chicken_Breast,184,5.47,1006.62,0,0,0,0
2022-03-03 00:00:00,Chicken_Breast,174,5.47,952.59,0,0,0,0
2022-03-04 00:00:00,Chicken_Breast,180,5.47,985.2,0,0,0,0
2022-03-05 00:00:00,Chicken_Breast,143,5.48,783.16,0,0,1,0
2022-03-06 00:00:00,Chicken_Breast,182,5.47,996.42,0,0,1,0
2022-03-07 00:00:00,Chicken_Breast,156,5.48,854.69,0,0,0,0
2022-03-08 00:00:00,Chicken_Breast,174,5.48,953.21,0,0,0,0
2022-03-09 00:00:00,Chicken_Breast,194,5.48,1062.54,0,0,0,0
2022-03-10 00:00:00,Chicken_Breast,187,5.48,1024.09,0,0,0,0
2022-03-11 00:00:00,Chicken_Breast,147,5.48,805.02,0,0,0,0
2022-03-12 00:00:00,Chicken_Breast,181,5.47,990.58,0,0,1,0
2022-03-13 00:00:00,Chicken_Breast,168,5.47,919.15,0,0,1,0
2022-03-14 00:00:00,Chicken_Breast,175,5.47,957.22,0,0,0,0
2022-03-15 00:00:00,Chicken_Breast,186,5.48,1018.61,0,0,0,0
2022-03-16 00:00:00,Chicken_Breast,200,5.47,1093.87,0,0,0,0
2022-03-17 00:00:00,Chicken_Breast,190,5.48,1040.5,0,0,0,0
2022-03-18 00:00:00,Chicken_Breast,164,5.48,897.95,0,0,0,0
2022-03-19 00:00:00,Chicken_Breast,163,5.47,892.05,0,0,1,0
2022-03-20 00:00:00,Chicken_Breast,169,5.47,924.81,0,0,1,0
2022-03-21 00:00:00,Chicken_Breast,182,5.47,995.69,0,0,0,0
2022-03-22 00:00:00,Chicken_Breast,178,5.46,972.08,0,0,0,0
2022-03-23 00:00:00,Chicken_Breast,184,5.46,1004.91,0,0,0,0
2022-03-24 00:00:00,Chicken_Breast,159,5.46,868.78,0,0,0,0
2022-03-25 00:00:00,Chicken_Breast,178,5.46,971.35,0,0,0,0
2022-03-26 00:00:00,Chicken_Breast,185,5.46,1010.46,0,0,1,0
2022-03-27 00:00:00,Chicken_Breast,155,5.47,847.32,0,0,1,0
2022-03-28 00:00:00,Chicken_Breast,159,5.47,869.68,0,0,0,0
2022-03-29 00:00:00,Chicken_Breast,175,5.48,958.74,0,0,0,0
2022-03-30 00:00:00,Chicken_Breast,182,5.48,997.21,0,0,0,0
2022-03-31 00:00:00,Chicken_Breast,186,5.48,1019.73,0,0,0,0
2022-04-01 00:00:00,Chicken_Breast,153,5.49,839.34,0,0,0,0
2022-04-02 00:00:00,Chicken_Breast,163,5.49,894.16,0,0,1,0
2022-04-03 00:00:00,Chicken_Breast,160,5.48,876.6,0,0,1,0
2022-04-04 00:00:00,Chicken_Breast,158,5.48,866.17,0,0,0,0
2022-04-05 00:00:00,Chicken_Breast,226,5.17,1167.45,1,0,0,0
2022-04-06 00:00:00,Chicken_Breast,215,4.86,1045.53,1,0,0,0
2022-04-07 00:00:00,Chicken_Breast,223,4.97,1108.16,1,0,0,0
2022-04-08 00:00:00,Chicken_Breast,218,5.13,1118.21,1,0,0,0
2022-04-09 00:00:00,Chicken_Breast,211,4.82,1018.02,1,0,1,0
2022-04-10 00:00:00,Chicken_Breast,192,4.94,949.2,1,0,1,0
2022-04-11 00:00:00,Chicken_Breast,165,5.48,903.97,0,0,0,0
2022-04-12 00:00:00,Chicken_Breast,174,5.47,952.39,0,0,0,0
2022-04-13 00:00:00,Chicken_Breast,172,5.48,941.88,0,0,0,0
2022-04-14 00:00:00,Chicken_Breast,168,5.48,920.86,0,0,0,0
2022-04-15 00:00:00,Chicken_Breast,177,5.48,970.51,0,0,0,0
2022-04-16 00:00:00,Chicken_Breast,160,5.48,877.55,0,0,1,0
2022-04-17 00:00:00,Chicken_Breast,168,5.49,921.7,0,0,1,0
2022-04-18 00:00:00,Chicken_Breast,173,5.49,949.2,0,0,0,0
2022-04-19 00:00:00,Chicken_Breast,177,5.5,973.28,0,0,0,0
2022-04-20 00:00:00,Chicken_Breast,188,5.5,1034.05,0,0,0,0
2022-04-21 00:00:00,Chicken_Breast,166,5.51,914.33,0,0,0,0
2022-04-22 00:00:00,Chicken_Breast,178,5.51,980.45,0,0,0,0
2022-04-23 00:00:00,Chicken_Breast,164,5.51,903.06,0,0,1,0
2022-04-24 00:00:00,Chicken_Breast,164,5.5,901.21,0,0,1,0
2022-04-25 00:00:00,Chicken_Breast,155,5.49,851.7,0,0,0,0
2022-04-26 00:00:00,Chicken_Breast,178,5.49,976.92,0,0,0,0
2022-04-27 00:00:00,Chicken_Breast,189,5.49,1037.76,0,0,0,0
2022-04-28 00:00:00,Chicken_Breast,164,5.48,898.99,0,0,0,0
2022-04-29 00:00:00,Chicken_Breast,171,5.48,936.35,0,0,0,0
2022-04-30 00:00:00,Chicken_Breast,147,5.48,805.37,0,0,1,0
2022-05-01 00:00:00,Chicken_Breast,169,5.48,925.47,0,0,1,0
2022-05-02 00:00:00,Chicken_Breast,165,5.47,902.75,0,0,0,0
2022-05-03 00:00:00,Chicken_Breast,189,5.47,1034.12,0,0,0,0
2022-05-04 00:00:00,Chicken_Breast,209,4.87,1017.81,1,0,0,0
2022-05-05 00:00:00,Chicken_Breast,208,5.17,1074.38,1,0,0,0
2022-05-06 00:00:00,Chicken_Breast,192,4.98,955.49,1,0,0,0
2022-05-07 00:00:00,Chicken_Breast,206,5.18,1066.53,1,0,1,0
2022-05-08 00:00:00,Chicken_Breast,195,4.92,960.36,1,0,1,0
2022-05-09 00:00:00,Chicken_Breast,190,5.07,963.24,1,0,0,0
2022-05-10 00:00:00,Chicken_Breast,170,5.47,929.98,0,0,0,0
2022-05-11 00:00:00,Chicken_Breast,169,5.47,924.48,0,0,0,0
2022-05-12 00:00:00,Chicken_Breast,167,5.47,912.83,0,0,0,0
2022-05-13 00:00:00,Chicken_Breast,148,5.46,808.1,0,0,0,0
2022-05-14 00:00:00,Chicken_Breast,160,5.46,874.36,0,0,1,0
2022-05-15 00:00:00,Chicken_Breast,169,5.47,925,0,0,1,0
2022-05-16 00:00:00,Chicken_Breast,183,5.47,1000.23,0,0,0,0
2022-05-17 00:00:00,Chicken_Breast,173,5.47,945.8,0,0,0,0
2022-05-18 00:00:00,Chicken_Breast,184,5.46,1004.5,0,0,0,0
2022-05-19 00:00:00,Chicken_Breast,168,5.46,917.17,0,0,0,0
2022-05-20 00:00:00,Chicken_Breast,159,5.47,869.36,0,0,0,0
2022-05-21 00:00:00,Chicken_Breast,174,5.47,951.88,0,0,1,0
2022-05-22 00:00:00,Chicken_Breast,173,5.47,946.86,0,0,1,0
2022-05-23 00:00:00,Chicken_Breast,165,5.47,903.29,0,0,0,0
2022-05-24 00:00:00,Chicken_Breast,180,5.48,985.99,0,0,0,0
2022-05-25 00:00:00,Chicken_Breast,176,5.47,962.75,0,0,0,0
2022-05-26 00:00:00,Chicken_Breast,174,5.46,949.86,0,0,0,0
2022-05-27 00:00:00,Chicken_Breast,149,5.46,813.87,0,0,0,0
2022-05-28 00:00:00,Chicken_Breast,143,5.46,780.17,0,0,1,0
2022-05-29 00:00:00,Chicken_Breast,153,5.46,834.71,0,0,1,0
2022-05-30 00:00:00,Chicken_Breast,179,5.45,976.29,0,1,0,0
2022-05-31 00:00:00,Chicken_Breast,170,5.45,926.28,0,0,0,0
2022-06-01 00:00:00,Chicken_Breast,183,5.45,997.87,0,0,0,0
2022-06-02 00:00:00,Chicken_Breast,165,5.45,899.86,0,0,0,0
2022-06-03 00:00:00,Chicken_Breast,163,5.46,890.64,0,0,0,0
2022-06-04 00:00:00,Chicken_Breast,155,5.46,846.7,0,0,1,0
2022-06-05 00:00:00,Chicken_Breast,157,5.47,858.29,0,0,1,0
2022-06-06 00:00:00,Chicken_Breast,141,5.47,770.64,0,0,0,0
2022-06-07 00:00:00,Chicken_Breast,184,5.46,1005.56,0,0,0,0
2022-06-08 00:00:00,Chicken_Breast,161,5.46,879.42,0,0,0,0
2022-06-09 00:00:00,Chicken_Breast,201,5.08,1021.66,1,0,0,0
2022-06-10 00:00:00,Chicken_Breast,201,4.96,997.65,1,0,0,0
2022-06-11 00:00:00,Chicken_Breast,195,5.05,985.06,1,0,1,0
2022-06-12 00:00:00,Chicken_Breast,201,5.17,1038.76,1,0,1,0
2022-06-13 00:00:00,Chicken_Breast,181,5.15,931.27,1,0,0,0
2022-06-14 00:00:00,Chicken_Breast,204,5.17,1055.16,1,0,0,0
2022-06-15 00:00:00,Chicken_Breast,159,5.46,867.39,0,0,0,0
2022-06-16 00:00:00,Chicken_Breast,176,5.46,960.2,0,0,0,0
2022-06-17 00:00:00,Chicken_Breast,156,5.45,850.58,0,0,0,0
2022-06-18 00:00:00,Chicken_Breast,136,5.45,741.85,0,0,1,0
2022-06-19 00:00:00,Chicken_Breast,175,5.46,954.82,0,0,1,0
2022-06-20 00:00:00,Chicken_Breast,169,5.46,922.67,0,1,0,0
2022-06-21 00:00:00,Chicken_Breast,155,5.46,846.24,0,0,0,0
2022-06-22 00:00:00,Chicken_Breast,177,5.46,966.7,0,0,0,0
2022-06-23 00:00:00,Chicken_Breast,160,5.46,873.93,0,0,0,0
2022-06-24 00:00:00,Chicken_Breast,146,5.47,798.88,0,0,0,0
2022-06-25 00:00:00,Chicken_Breast,155,5.46,846.4,0,0,1,0
2022-06-26 00:00:00,Chicken_Breast,162,5.45,883.64,0,0,1,0
2022-06-27 00:00:00,Chicken_Breast,155,5.45,844.79,0,0,0,0
2022-06-28 00:00:00,Chicken_Breast,159,5.44,865.5,0,0,0,0
2022-06-29 00:00:00,Chicken_Breast,183,5.44,995.79,0,0,0,0
2022-06-30 00:00:00,Chicken_Breast,163,5.44,887.29,0,0,0,0
2022-07-01 00:00:00,Chicken_Breast,143,5.44,778.09,0,0,0,0
2022-07-02 00:00:00,Chicken_Breast,151,5.44,821,0,0,1,0
2022-07-03 00:00:00,Chicken_Breast,141,5.43,765.94,0,0,1,0
2022-07-04 00:00:00,Chicken_Breast,171,5.44,930.88,0,1,0,0
2022-07-05 00:00:00,Chicken_Breast,162,5.45,882.65,0,0,0,0
2022-07-06 00:00:00,Chicken_Breast,173,5.45,942.64,0,0,0,0
2022-07-07 00:00:00,Chicken_Breast,148,5.45,806.59,0,0,0,0
2022-07-08 00:00:00,Chicken_Breast,151,5.45,822.25,0,0,0,0
2022-07-09 00:00:00,Chicken_Breast,140,5.44,761.03,0,0,1,0
2022-07-10 00:00:00,Chicken_Breast,132,5.43,717.4,0,0,1,0
2022-07-11 00:00:00,Chicken_Breast,155,5.43,841.42,0,0,0,0
2022-07-12 00:00:00,Chicken_Breast,171,5.44,929.86,0,0,0,0
2022-07-13 00:00:00,Chicken_Breast,162,5.44,880.6,0,0,0,0
2022-07-14 00:00:00,Chicken_Breast,126,5.44,686.04,0,0,0,0
2022-07-15 00:00:00,Chicken_Breast,146,5.45,794.99,0,0,0,0
2022-07-16 00:00:00,Chicken_Breast,150,5.44,815.86,0,0,1,0
2022-07-17 00:00:00,Chicken_Breast,136,5.44,740.29,0,0,1,0
2022-07-18 00:00:00,Chicken_Breast,150,5.44,816.52,0,0,0,0
2022-07-19 00:00:00,Chicken_Breast,151,5.44,821.78,0,0,0,0
2022-07-20 00:00:00,Chicken_Breast,147,5.45,800.53,0,0,0,0
2022-07-21 00:00:00,Chicken_Breast,153,5.45,833.7,0,0,0,0
2022-07-22 00:00:00,Chicken_Breast,142,5.45,773.62,0,0,0,0
2022-07-23 00:00:00,Chicken_Breast,136,5.45,741.51,0,0,1,0
2022-07-24 00:00:00,Chicken_Breast,130,5.45,708.61,0,0,1,0
2022-07-25 00:00:00,Chicken_Breast,163,5.46,889.31,0,0,0,0
2022-07-26 00:00:00,Chicken_Breast,155,5.45,845.21,0,0,0,0
2022-07-27 00:00:00,Chicken_Breast,149,5.44,811.26,0,0,0,0
2022-07-28 00:00:00,Chicken_Breast,141,5.44,767.63,0,0,0,0
2022-07-29 00:00:00,Chicken_Breast,134,5.44,729.17,0,0,0,0
2022-07-30 00:00:00,Chicken_Breast,130,5.44,707.67,0,0,1,0
2022-07-31 00:00:00,Chicken_Breast,129,5.45,702.43,0,0,1,0
2022-08-01 00:00:00,Chicken_Breast,131,5.44,712.83,0,0,0,0
2022-08-02 00:00:00,Chicken_Breast,158,5.45,860.72,0,0,0,0
2022-08-03 00:00:00,Chicken_Breast,165,5.45,898.89,0,0,0,0
2022-08-04 00:00:00,Chicken_Breast,169,5.44,919.7,0,0,0,0
2022-08-05 00:00:00,Chicken_Breast,126,5.45,686.17,0,0,0,0
2022-08-06 00:00:00,Chicken_Breast,128,5.45,697.14,0,0,1,0
2022-08-07 00:00:00,Chicken_Breast,149,5.45,811.67,0,0,1,0
2022-08-08 00:00:00,Chicken_Breast,131,5.45,713.86,0,0,0,0
2022-08-09 00:00:00,Chicken_Breast,151,5.45,822.91,0,0,0,0
2022-08-10 00:00:00,Chicken_Breast,161,5.45,877.42,0,0,0,0
2022-08-11 00:00:00,Chicken_Breast,134,5.44,729.29,0,0,0,0
2022-08-12 00:00:00,Chicken_Breast,146,5.44,794.05,0,0,0,0
2022-08-13 00:00:00,Chicken_Breast,135,5.44,734.65,0,0,1,0
2022-08-14 00:00:00,Chicken_Breast,140,5.43,760.89,0,0,1,0
2022-08-15 00:00:00,Chicken_Breast,178,5.07,902.91,1,0,0,0
2022-08-16 00:00:00,Chicken_Breast,204,5.15,1050.82,1,0,0,0
2022-08-17 00:00:00,Chicken_Breast,188,4.83,908.31,1,0,0,0
2022-08-18 00:00:00,Chicken_Breast,182,4.93,898.04,1,0,0,0
2022-08-19 00:00:00,Chicken_Breast,163,5.09,830.22,1,0,0,0
2022-08-20 00:00:00,Chicken_Breast,181,5.06,915.91,1,0,1,0
2022-08-21 00:00:00,Chicken_Breast,141,5.43,765.73,0,0,1,0
2022-08-22 00:00:00,Chicken_Breast,147,5.43,798.21,0,0,0,0
2022-08-23 00:00:00,Chicken_Breast,154,5.44,837.11,0,0,0,0
2022-08-24 00:00:00,Chicken_Breast,148,5.43,804,0,0,0,0
2022-08-25 00:00:00,Chicken_Breast,149,5.43,809.48,0,0,0,0
2022-08-26 00:00:00,Chicken_Breast,125,5.43,679.2,0,0,0,0
2022-08-27 00:00:00,Chicken_Breast,129,5.43,700.19,0,0,1,0
2022-08-28 00:00:00,Chicken_Breast,135,5.43,733.37,0,0,1,0
2022-08-29 00:00:00,Chicken_Breast,121,5.43,657.25,0,0,0,0
2022-08-30 00:00:00,Chicken_Breast,145,5.43,787.09,0,0,0,0
2022-08-31 00:00:00,Chicken_Breast,148,5.42,802.65,0,0,0,0
2022-09-01 00:00:00,Chicken_Breast,157,5.41,850.1,0,0,0,0
2022-09-02 00:00:00,Chicken_Breast,140,5.41,757.19,0,0,0,0
2022-09-03 00:00:00,Chicken_Breast,142,5.4,767.37,0,0,1,0
2022-09-04 00:00:00,Chicken_Breast,125,5.41,675.83,0,0,1,0
2022-09-05 00:00:00,Chicken_Breast,138,5.41,747.11,0,1,0,0
2022-09-06 00:00:00,Chicken_Breast,144,5.42,780.8,0,0,0,0
2022-09-07 00:00:00,Chicken_Breast,165,5.42,894.48,0,0,0,0
2022-09-08 00:00:00,Chicken_Breast,141,5.42,764.85,0,0,0,0
2022-09-09 00:00:00,Chicken_Breast,128,5.42,694.35,0,0,0,0
2022-09-10 00:00:00,Chicken_Breast,136,5.42,737.41,0,0,1,0
2022-09-11 00:00:00,Chicken_Breast,128,5.43,694.7,0,0,1,0
2022-09-12 00:00:00,Chicken_Breast,153,5.42,829.53,0,0,0,0
2022-09-13 00:00:00,Chicken_Breast,157,5.42,850.67,0,0,0,0
2022-09-14 00:00:00,Chicken_Breast,138,5.42,747.86,0,0,0,0
2022-09-15 00:00:00,Chicken_Breast,131,5.41,709.31,0,0,0,0
2022-09-16 00:00:00,Chicken_Breast,137,5.42,741.96,0,0,0,0
2022-09-17 00:00:00,Chicken_Breast,113,5.41,611.37,0,0,1,0
2022-09-18 00:00:00,Chicken_Breast,155,5.1,790.96,1,0,1,0
2022-09-19 00:00:00,Chicken_Breast,163,5.13,836.02,1,0,0,0
2022-09-20 00:00:00,Chicken_Breast,186,5.04,936.67,1,0,0,0
2022-09-21 00:00:00,Chicken_Breast,181,4.86,880.2,1,0,0,0
2022-09-22 00:00:00,Chicken_Breast,176,4.77,839.45,1,0,0,0
2022-09-23 00:00:00,Chicken_Breast,180,5.03,905.38,1,0,0,0
2022-09-24 00:00:00,Chicken_Breast,132,5.41,714.13,0,0,1,0
2022-09-25 00:00:00,Chicken_Breast,107,5.41,578.83,0,0,1,0
2022-09-26 00:00:00,Chicken_Breast,113,5.41,611.26,0,0,0,0
2022-09-27 00:00:00,Chicken_Breast,135,5.4,729.48,0,0,0,0
2022-09-28 00:00:00,Chicken_Breast,153,5.42,828.65,0,0,0,0
2022-09-29 00:00:00,Chicken_Breast,156,5.42,845.26,0,0,0,0
2022-09-30 00:00:00,Chicken_Breast,143,5.42,774.51,0,0,0,0
2022-10-01 00:00:00,Chicken_Breast,132,5.42,715.49,0,0,1,0
2022-10-02 00:00:00,Chicken_Breast,125,5.43,678.3,0,0,1,0
2022-10-03 00:00:00,Chicken_Breast,146,5.43,792.68,0,0,0,0
2022-10-04 00:00:00,Chicken_Breast,150,5.43,814.95,0,0,0,0
2022-10-05 00:00:00,Chicken_Breast,143,5.44,777.59,0,0,0,0
2022-10-06 00:00:00,Chicken_Breast,141,5.44,767,0,0,0,0
2022-10-07 00:00:00,Chicken_Breast,123,5.45,669.96,0,0,0,0
2022-10-08 00:00:00,Chicken_Breast,127,5.45,691.98,0,0,1,0
2022-10-09 00:00:00,Chicken_Breast,180,5,899.56,1,0,1,0
2022-10-10 00:00:00,Chicken_Breast,193,4.86,937.57,1,1,0,0
2022-10-11 00:00:00,Chicken_Breast,185,5,924.49,1,0,0,0
2022-10-12 00:00:00,Chicken_Breast,190,4.79,910.49,1,0,0,0
2022-10-13 00:00:00,Chicken_Breast,181,4.88,883.51,1,0,0,0
2022-10-14 00:00:00,Chicken_Breast,181,5.02,908.91,1,0,0,0
2022-10-15 00:00:00,Chicken_Breast,122,5.43,662.54,0,0,1,0
2022-10-16 00:00:00,Chicken_Breast,149,5.42,807.34,0,0,1,0
2022-10-17 00:00:00,Chicken_Breast,139,5.41,752.19,0,0,0,0
2022-10-18 00:00:00,Chicken_Breast,176,5.4,950.78,0,0,0,0
2022-10-19 00:00:00,Chicken_Breast,147,5.4,794.14,0,0,0,0
2022-10-20 00:00:00,Chicken_Breast,145,5.4,782.72,0,0,0,0
2022-10-21 00:00:00,Chicken_Breast,109,5.4,588.98,0,0,0,0
2022-10-22 00:00:00,Chicken_Breast,117,5.4,631.78,0,0,1,0
2022-10-23 00:00:00,Chicken_Breast,131,5.4,707.66,0,0,1,0
2022-10-24 00:00:00,Chicken_Breast,132,5.41,713.66,0,0,0,0
2022-10-25 00:00:00,Chicken_Breast,148,5.41,800,0,0,0,0
2022-10-26 00:00:00,Chicken_Breast,151,5.4,815.58,0,0,0,0
2022-10-27 00:00:00,Chicken_Breast,157,5.39,846.5,0,0,0,0
2022-10-28 00:00:00,Chicken_Breast,122,5.38,656.39,0,0,0,0
2022-10-29 00:00:00,Chicken_Breast,142,5.38,764.02,0,0,1,0
2022-10-30 00:00:00,Chicken_Breast,141,5.38,758.85,0,0,1,0
2022-10-31 00:00:00,Chicken_Breast,140,5.39,754.41,0,0,0,0
2022-11-01 00:00:00,Chicken_Breast,141,5.39,760.44,0,0,0,0
2022-11-02 00:00:00,Chicken_Breast,144,5.39,775.91,0,0,0,0
2022-11-03 00:00:00,Chicken_Breast,145,5.39,780.98,0,0,0,0
2022-11-04 00:00:00,Chicken_Breast,119,5.38,640.61,0,0,0,0
2022-11-05 00:00:00,Chicken_Breast,138,5.39,743.65,0,0,1,0
2022-11-06 00:00:00,Chicken_Breast,133,5.39,716.66,0,0,1,0
2022-11-07 00:00:00,Chicken_Breast,152,5.38,818.43,0,0,0,0
2022-11-08 00:00:00,Chicken_Breast,140,5.39,754.67,0,0,0,0
2022-11-09 00:00:00,Chicken_Breast,142,5.39,765.71,0,0,0,0
2022-11-10 00:00:00,Chicken_Breast,139,5.39,749.59,0,0,0,0
2022-11-11 00:00:00,Chicken_Breast,157,5.4,847.52,0,1,0,0
2022-11-12 00:00:00,Chicken_Breast,139,5.4,750.61,0,0,1,0
2022-11-13 00:00:00,Chicken_Breast,146,5.4,788.47,0,0,1,0
2022-11-14 00:00:00,Chicken_Breast,130,5.4,701.36,0,0,0,0
2022-11-15 00:00:00,Chicken_Breast,151,5.4,814.71,0,0,0,0
2022-11-16 00:00:00,Chicken_Breast,162,5.39,873.95,0,0,0,0
2022-11-17 00:00:00,Chicken_Breast,184,4.8,882.3,1,0,0,0
2022-11-18 00:00:00,Chicken_Breast,176,4.77,839.29,1,0,0,0
2022-11-19 00:00:00,Chicken_Breast,162,4.87,789.46,1,0,1,0
2022-11-20 00:00:00,Chicken_Breast,178,5.01,892.24,1,0,1,0
2022-11-21 00:00:00,Chicken_Breast,172,5.12,881.04,1,0,0,0
2022-11-22 00:00:00,Chicken_Breast,209,4.77,996.33,1,0,0,0
2022-11-23 00:00:00,Chicken_Breast,193,4.75,916.11,1,0,0,0
2022-11-24 00:00:00,Chicken_Breast,217,4.97,1077.73,1,1,0,0
2022-11-25 00:00:00,Chicken_Breast,178,4.84,862.19,1,0,0,0
2022-11-26 00:00:00,Chicken_Breast,167,5.11,853.63,1,0,1,0
2022-11-27 00:00:00,Chicken_Breast,176,5.02,882.86,1,0,1,0
2022-11-28 00:00:00,Chicken_Breast,136,5.39,732.68,0,0,0,0
2022-11-29 00:00:00,Chicken_Breast,163,5.39,878.59,0,0,0,0
2022-11-30 00:00:00,Chicken_Breast,150,5.39,809.06,0,0,0,0
2022-12-01 00:00:00,Chicken_Breast,138,5.39,744.33,0,0,0,0
2022-12-02 00:00:00,Chicken_Breast,122,5.39,657.1,0,0,0,0
2022-12-03 00:00:00,Chicken_Breast,137,5.38,737.06,0,0,1,0
2022-12-04 00:00:00,Chicken_Breast,145,5.39,781.35,0,0,1,0
2022-12-05 00:00:00,Chicken_Breast,144,5.39,775.7,0,0,0,0
2022-12-06 00:00:00,Chicken_Breast,163,5.39,878.82,0,0,0,0
2022-12-07 00:00:00,Chicken_Breast,160,5.39,862.32,0,0,0,0
2022-12-08 00:00:00,Chicken_Breast,152,5.4,821.11,0,0,0,0
2022-12-09 00:00:00,Chicken_Breast,119,5.39,641.43,0,0,0,0
2022-12-10 00:00:00,Chicken_Breast,147,5.39,791.82,0,0,1,0
2022-12-11 00:00:00,Chicken_Breast,151,5.38,811.82,0,0,1,0
2022-12-12 00:00:00,Chicken_Breast,153,5.37,821.72,0,0,0,0
2022-12-13 00:00:00,Chicken_Breast,159,5.38,854.97,0,0,0,0
2022-12-14 00:00:00,Chicken_Breast,162,5.37,870.53,0,0,0,0
2022-12-15 00:00:00,Chicken_Breast,155,5.38,833.38,0,0,0,0
2022-12-16 00:00:00,Chicken_Breast,155,5.38,834.05,0,0,0,0
2022-12-17 00:00:00,Chicken_Breast,155,5.38,834.4,0,0,1,0
2022-12-18 00:00:00,Chicken_Breast,197,4.94,973.37,1,0,1,0
2022-12-19 00:00:00,Chicken_Breast,196,4.76,933.24,1,0,0,0
2022-12-20 00:00:00,Chicken_Breast,203,5.03,1020.58,1,0,0,0
2022-12-21 00:00:00,Chicken_Breast,202,4.76,961.2,1,0,0,0
2022-12-22 00:00:00,Chicken_Breast,185,5,925.66,1,0,0,0
2022-12-23 00:00:00,Chicken_Breast,196,4.79,939.02,1,0,0,0
2022-12-24 00:00:00,Chicken_Breast,189,4.84,914.63,1,0,1,0
2022-12-25 00:00:00,Chicken_Breast,178,4.93,878.38,1,0,1,0
2022-12-26 00:00:00,Chicken_Breast,185,4.89,904.25,1,1,0,0
2022-12-27 00:00:00,Chicken_Breast,224,4.88,1093.35,1,0,0,0
2022-12-28 00:00:00,Chicken_Breast,211,4.78,1008.63,1,0,0,0
2022-12-29 00:00:00,Chicken_Breast,176,5,880.49,1,0,0,0
2022-12-30 00:00:00,Chicken_Breast,168,5.07,851.21,1,0,0,0
2022-12-31 00:00:00,Chicken_Breast,193,4.87,940.48,1,0,1,0
2023-01-01 00:00:00,Chicken_Breast,149,5.41,805.44,0,0,1,0
2023-01-02 00:00:00,Chicken_Breast,192,5.41,1038.31,0,1,0,0
2023-01-03 00:00:00,Chicken_Breast,171,5.4,923.02,0,0,0,0
2023-01-04 00:00:00,Chicken_Breast,169,5.4,912.63,0,0,0,0
2023-01-05 00:00:00,Chicken_Breast,149,5.4,804.69,0,0,0,0
2023-01-06 00:00:00,Chicken_Breast,156,5.4,842.27,0,0,0,0
2023-01-07 00:00:00,Chicken_Breast,143,5.4,772.65,0,0,1,0
2023-01-08 00:00:00,Chicken_Breast,144,5.4,778.15,0,0,1,0
2023-01-09 00:00:00,Chicken_Breast,167,5.4,902.1,0,0,0,0
2023-01-10 00:00:00,Chicken_Breast,157,5.41,848.73,0,0,0,0
2023-01-11 00:00:00,Chicken_Breast,173,5.41,935.44,0,0,0,0
2023-01-12 00:00:00,Chicken_Breast,177,5.41,958.43,0,0,0,0
2023-01-13 00:00:00,Chicken_Breast,145,5.41,784.31,0,0,0,0
2023-01-14 00:00:00,Chicken_Breast,148,5.4,798.65,0,0,1,0
2023-01-15 00:00:00,Chicken_Breast,132,5.4,712.81,0,0,1,0
2023-01-16 00:00:00,Chicken_Breast,177,5.39,954.5,0,1,0,0
2023-01-17 00:00:00,Chicken_Breast,174,5.39,937.44,0,0,0,0
2023-01-18 00:00:00,Chicken_Breast,179,5.39,964.74,0,0,0,0
2023-01-19 00:00:00,Chicken_Breast,166,5.4,896.1,0,0,0,0
2023-01-20 00:00:00,Chicken_Breast,163,5.4,880.05,0,0,0,0
2023-01-21 00:00:00,Chicken_Breast,150,5.4,809.91,0,0,1,0
2023-01-22 00:00:00,Chicken_Breast,146,5.4,788.5,0,0,1,0
2023-01-23 00:00:00,Chicken_Breast,162,5.4,875.38,0,0,0,0
2023-01-24 00:00:00,Chicken_Breast,180,5.4,972.07,0,0,0,0
2023-01-25 00:00:00,Chicken_Breast,190,5.41,1027.57,0,0,0,0
2023-01-26 00:00:00,Chicken_Breast,173,5.41,935.69,0,0,0,0
2023-01-27 00:00:00,Chicken_Breast,147,5.41,795.43,0,0,0,0
2023-01-28 00:00:00,Chicken_Breast,150,5.41,810.78,0,0,1,0
2023-01-29 00:00:00,Chicken_Breast,155,5.41,838.5,0,0,1,0
2023-01-30 00:00:00,Chicken_Breast,162,5.41,876.36,0,0,0,0
2023-01-31 00:00:00,Chicken_Breast,170,5.41,919.26,0,0,0,0
2023-02-01 00:00:00,Chicken_Breast,179,5.41,968.43,0,0,0,0
2023-02-02 00:00:00,Chicken_Breast,171,5.42,926.16,0,0,0,0
2023-02-03 00:00:00,Chicken_Breast,158,5.41,854.46,0,0,0,0
2023-02-04 00:00:00,Chicken_Breast,148,5.4,799.54,0,0,1,0
2023-02-05 00:00:00,Chicken_Breast,160,5.4,864.16,0,0,1,0
2023-02-06 00:00:00,Chicken_Breast,160,5.4,863.85,0,0,0,0
2023-02-07 00:00:00,Chicken_Breast,203,5.4,1095.63,0,0,0,0
2023-02-08 00:00:00,Chicken_Breast,176,5.39,948.86,0,0,0,0
2023-02-09 00:00:00,Chicken_Breast,171,5.4,922.59,0,0,0,0
2023-02-10 00:00:00,Chicken_Breast,166,5.4,895.86,0,0,0,0
2023-02-11 00:00:00,Chicken_Breast,212,5.03,1066.01,1,0,1,0
2023-02-12 00:00:00,Chicken_Breast,202,4.78,965.25,1,0,1,0
2023-02-13 00:00:00,Chicken_Breast,202,4.83,976.15,1,0,0,0
2023-02-14 00:00:00,Chicken_Breast,212,4.92,1043.48,1,0,0,0
2023-02-15 00:00:00,Chicken_Breast,215,5.06,1088.15,1,0,0,0
2023-02-16 00:00:00,Chicken_Breast,192,4.77,916.5,1,0,0,0
2023-02-17 00:00:00,Chicken_Breast,177,5.37,950.45,0,0,0,0
2023-02-18 00:00:00,Chicken_Breast,173,5.37,929.66,0,0,1,0
2023-02-19 00:00:00,Chicken_Breast,158,5.37,848.9,0,0,1,0
2023-02-20 00:00:00,Chicken_Breast,191,5.37,1025.68,0,1,0,0
2023-02-21 00:00:00,Chicken_Breast,197,5.37,1057.88,0,0,0,0
2023-02-22 00:00:00,Chicken_Breast,182,5.37,977.21,0,0,0,0
2023-02-23 00:00:00,Chicken_Breast,169,5.37,907.82,0,0,0,0
2023-02-24 00:00:00,Chicken_Breast,149,5.37,800.14,0,0,0,0
2023-02-25 00:00:00,Chicken_Breast,173,5.38,930.26,0,0,1,0
2023-02-26 00:00:00,Chicken_Breast,160,5.37,859.56,0,0,1,0
2023-02-27 00:00:00,Chicken_Breast,166,5.38,892.84,0,0,0,0
2023-02-28 00:00:00,Chicken_Breast,176,5.38,947.08,0,0,0,0
2023-03-01 00:00:00,Chicken_Breast,180,5.38,968.17,0,0,0,0
2023-03-02 00:00:00,Chicken_Breast,174,5.38,935.75,0,0,0,0
2023-03-03 00:00:00,Chicken_Breast,172,5.38,924.83,0,0,0,0
2023-03-04 00:00:00,Chicken_Breast,176,5.37,945.27,0,0,1,0
2023-03-05 00:00:00,Chicken_Breast,171,5.37,918.75,0,0,1,0
2023-03-06 00:00:00,Chicken_Breast,176,5.37,945.35,0,0,0,0
2023-03-07 00:00:00,Chicken_Breast,176,5.37,945.16,0,0,0,0
2023-03-08 00:00:00,Chicken_Breast,196,5.38,1053.63,0,0,0,0
2023-03-09 00:00:00,Chicken_Breast,187,5.37,1003.89,0,0,0,0
2023-03-10 00:00:00,Chicken_Breast,156,5.35,835.35,0,0,0,0
2023-03-11 00:00:00,Chicken_Breast,176,5.36,942.93,0,0,1,0
2023-03-12 00:00:00,Chicken_Breast,169,5.36,905.22,0,0,1,0
2023-03-13 00:00:00,Chicken_Breast,180,5.36,964.74,0,0,0,0
2023-03-14 00:00:00,Chicken_Breast,179,5.35,957.57,0,0,0,0
2023-03-15 00:00:00,Chicken_Breast,187,5.35,1000.37,0,0,0,0
2023-03-16 00:00:00,Chicken_Breast,180,5.35,963.74,0,0,0,0
2023-03-17 00:00:00,Chicken_Breast,178,4.95,881.62,1,0,0,0
2023-03-18 00:00:00,Chicken_Breast,205,4.86,996.71,1,0,1,0
2023-03-19 00:00:00,Chicken_Breast,221,4.93,1090.48,1,0,1,0
2023-03-20 00:00:00,Chicken_Breast,214,4.88,1045.27,1,0,0,0
2023-03-21 00:00:00,Chicken_Breast,227,5,1135.34,1,0,0,0
2023-03-22 00:00:00,Chicken_Breast,216,4.69,1013.44,1,0,0,0
2023-03-23 00:00:00,Chicken_Breast,191,5.32,1016.85,0,0,0,0
2023-03-24 00:00:00,Chicken_Breast,172,5.32,915.78,0,0,0,0
2023-03-25 00:00:00,Chicken_Breast,192,5.33,1023.28,0,0,1,0
2023-03-26 00:00:00,Chicken_Breast,174,5.32,926.46,0,0,1,0
2023-03-27 00:00:00,Chicken_Breast,183,5.33,975.7,0,0,0,0
2023-03-28 00:00:00,Chicken_Breast,209,5.33,1114.23,0,0,0,0
2023-03-29 00:00:00,Chicken_Breast,176,5.33,938.02,0,0,0,0
2023-03-30 00:00:00,Chicken_Breast,172,5.33,916.92,0,0,0,0
2023-03-31 00:00:00,Chicken_Breast,168,5.33,895.31,0,0,0,0
2023-04-01 00:00:00,Chicken_Breast,168,5.33,895.44,0,0,1,0
2023-04-02 00:00:00,Chicken_Breast,171,5.33,911.3,0,0,1,0
2023-04-03 00:00:00,Chicken_Breast,169,5.33,900.48,0,0,0,0
2023-04-04 00:00:00,Chicken_Breast,180,5.33,959.05,0,0,0,0
2023-04-05 00:00:00,Chicken_Breast,196,5.33,1044.27,0,0,0,0
2023-04-06 00:00:00,Chicken_Breast,169,5.32,898.78,0,0,0,0
2023-04-07 00:00:00,Chicken_Breast,168,5.32,893.22,0,0,0,0
2023-04-08 00:00:00,Chicken_Breast,156,5.32,829.84,0,0,1,0
2023-04-09 00:00:00,Chicken_Breast,166,5.32,882.97,0,0,1,0
2023-04-10 00:00:00,Chicken_Breast,177,5.32,941.31,0,0,0,0
2023-04-11 00:00:00,Chicken_Breast,179,5.32,952.28,0,0,0,0
2023-04-12 00:00:00,Chicken_Breast,183,5.32,973.06,0,0,0,0
2023-04-13 00:00:00,Chicken_Breast,196,5.32,1043.55,0,0,0,0
2023-04-14 00:00:00,Chicken_Breast,180,5.34,960.35,0,0,0,0
2023-04-15 00:00:00,Chicken_Breast,171,5.33,912.14,0,0,1,0
2023-04-16 00:00:00,Chicken_Breast,171,5.33,912,0,0,1,0
2023-04-17 00:00:00,Chicken_Breast,166,5.33,885.36,0,0,0,0
2023-04-18 00:00:00,Chicken_Breast,245,4.95,1212.41,1,0,0,0
2023-04-19 00:00:00,Chicken_Breast,240,4.72,1133.23,1,0,0,0
2023-04-20 00:00:00,Chicken_Breast,236,4.93,1162.64,1,0,0,0
2023-04-21 00:00:00,Chicken_Breast,218,4.98,1085.5,1,0,0,0
2023-04-22 00:00:00,Chicken_Breast,203,4.79,971.65,1,0,1,0
2023-04-23 00:00:00,Chicken_Breast,202,4.73,956.45,1,0,1,0
2023-04-24 00:00:00,Chicken_Breast,183,5.36,980.68,0,0,0,0
2023-04-25 00:00:00,Chicken_Breast,184,5.36,985.78,0,0,0,0
2023-04-26 00:00:00,Chicken_Breast,184,5.37,987.63,0,0,0,0
2023-04-27 00:00:00,Chicken_Breast,170,5.38,913.88,0,0,0,0
2023-04-28 00:00:00,Chicken_Breast,164,5.37,880.66,0,0,0,0
2023-04-29 00:00:00,Chicken_Breast,162,5.38,870.84,0,0,1,0
2023-04-30 00:00:00,Chicken_Breast,180,5.37,966.89,0,0,1,0
2023-05-01 00:00:00,Chicken_Breast,165,5.37,886.62,0,0,0,0
2023-05-02 00:00:00,Chicken_Breast,193,5.37,1036.55,0,0,0,0
2023-05-03 00:00:00,Chicken_Breast,198,5.36,1061.67,0,0,0,0
2023-05-04 00:00:00,Chicken_Breast,185,5.36,990.86,0,0,0,0
2023-05-05 00:00:00,Chicken_Breast,146,5.35,781.01,0,0,0,0
2023-05-06 00:00:00,Chicken_Breast,164,5.35,878.01,0,0,1,0
2023-05-07 00:00:00,Chicken_Breast,165,5.35,882.56,0,0,1,0
2023-05-08 00:00:00,Chicken_Breast,154,5.36,825,0,0,0,0
2023-05-09 00:00:00,Chicken_Breast,189,5.35,1011.4,0,0,0,0
2023-05-10 00:00:00,Chicken_Breast,169,5.35,904.49,0,0,0,0
2023-05-11 00:00:00,Chicken_Breast,182,5.35,973.85,0,0,0,0
2023-05-12 00:00:00,Chicken_Breast,168,5.36,900.04,0,0,0,0
2023-05-13 00:00:00,Chicken_Breast,158,5.36,847.58,0,0,1,0
2023-05-14 00:00:00,Chicken_Breast,149,5.37,800.86,0,0,1,0
2023-05-15 00:00:00,Chicken_Breast,158,5.38,850.37,0,0,0,0
2023-05-16 00:00:00,Chicken_Breast,190,5.38,1022.83,0,0,0,0
2023-05-17 00:00:00,Chicken_Breast,164,5.38,881.7,0,0,0,0
2023-05-18 00:00:00,Chicken_Breast,174,5.38,935.75,0,0,0,0
2023-05-19 00:00:00,Chicken_Breast,161,5.37,865.16,0,0,0,0
2023-05-20 00:00:00,Chicken_Breast,151,5.37,811.25,0,0,1,0
2023-05-21 00:00:00,Chicken_Breast,171,5.37,918.56,0,0,1,0
2023-05-22 00:00:00,Chicken_Breast,163,5.36,874.03,0,0,0,0
2023-05-23 00:00:00,Chicken_Breast,190,5.36,1017.9,0,0,0,0
2023-05-24 00:00:00,Chicken_Breast,175,5.36,937.86,0,0,0,0
2023-05-25 00:00:00,Chicken_Breast,176,5.36,943.55,0,0,0,0
2023-05-26 00:00:00,Chicken_Breast,154,5.36,825.64,0,0,0,0
2023-05-27 00:00:00,Chicken_Breast,162,5.36,868.05,0,0,1,0
2023-05-28 00:00:00,Chicken_Breast,164,5.36,879.53,0,0,1,0
2023-05-29 00:00:00,Chicken_Breast,192,5.36,1029.95,0,1,0,0
2023-05-30 00:00:00,Chicken_Breast,173,5.37,928.55,0,0,0,0
2023-05-31 00:00:00,Chicken_Breast,164,5.37,880.53,0,0,0,0
2023-06-01 00:00:00,Chicken_Breast,161,5.37,864.81,0,0,0,0
2023-06-02 00:00:00,Chicken_Breast,175,5.37,939.45,0,0,0,0
2023-06-03 00:00:00,Chicken_Breast,158,5.38,849.54,0,0,1,0
2023-06-04 00:00:00,Chicken_Breast,156,5.37,837.93,0,0,1,0
2023-06-05 00:00:00,Chicken_Breast,164,5.38,882.44,0,0,0,0
2023-06-06 00:00:00,Chicken_Breast,186,5.37,999.53,0,0,0,0
2023-06-07 00:00:00,Chicken_Breast,184,5.38,989.73,0,0,0,0
2023-06-08 00:00:00,Chicken_Breast,159,5.39,856.39,0,0,0,0
2023-06-09 00:00:00,Chicken_Breast,162,5.38,872.02,0,0,0,0
2023-06-10 00:00:00,Chicken_Breast,135,5.37,725.14,0,0,1,0
2023-06-11 00:00:00,Chicken_Breast,168,5.37,902.94,0,0,1,0
2023-06-12 00:00:00,Chicken_Breast,137,5.38,736.39,0,0,0,0
2023-06-13 00:00:00,Chicken_Breast,163,5.37,874.78,0,0,0,0
2023-06-14 00:00:00,Chicken_Breast,176,5.37,944.96,0,0,0,0
2023-06-15 00:00:00,Chicken_Breast,158,5.37,847.73,0,0,0,0
2023-06-16 00:00:00,Chicken_Breast,150,5.37,805.71,0,0,0,0
2023-06-17 00:00:00,Chicken_Breast,185,4.86,898.48,1,0,1,0
2023-06-18 00:00:00,Chicken_Breast,193,4.98,960.81,1,0,1,0
2023-06-19 00:00:00,Chicken_Breast,208,5.02,1044.33,1,1,0,0
2023-06-20 00:00:00,Chicken_Breast,206,5.07,1045.27,1,0,0,0
2023-06-21 00:00:00,Chicken_Breast,219,4.76,1042.06,1,0,0,0
2023-06-22 00:00:00,Chicken_Breast,203,5.1,1036.07,1,0,0,0
2023-06-23 00:00:00,Chicken_Breast,142,5.38,763.43,0,0,0,0
2023-06-24 00:00:00,Chicken_Breast,151,5.38,812.22,0,0,1,0
2023-06-25 00:00:00,Chicken_Breast,140,5.37,752.48,0,0,1,0
2023-06-26 00:00:00,Chicken_Breast,172,5.37,923.72,0,0,0,0
2023-06-27 00:00:00,Chicken_Breast,170,5.37,912.07,0,0,0,0
2023-06-28 00:00:00,Chicken_Breast,160,5.37,859.27,0,0,0,0
2023-06-29 00:00:00,Chicken_Breast,154,5.37,827.55,0,0,0,0
2023-06-30 00:00:00,Chicken_Breast,155,5.38,834.37,0,0,0,0
2023-07-01 00:00:00,Chicken_Breast,148,5.39,798.12,0,0,1,0
2023-07-02 00:00:00,Chicken_Breast,157,5.4,847.47,0,0,1,0
2023-07-03 00:00:00,Chicken_Breast,157,5.4,848.12,0,0,0,0
2023-07-04 00:00:00,Chicken_Breast,179,5.41,967.61,0,1,0,0
2023-07-05 00:00:00,Chicken_Breast,172,5.41,929.72,0,0,0,0
2023-07-06 00:00:00,Chicken_Breast,157,5.41,849.49,0,0,0,0
2023-07-07 00:00:00,Chicken_Breast,196,4.98,976.55,1,0,0,0
2023-07-08 00:00:00,Chicken_Breast,174,4.78,832.23,1,0,1,0
2023-07-09 00:00:00,Chicken_Breast,177,4.84,856.71,1,0,1,0
2023-07-10 00:00:00,Chicken_Breast,189,4.99,943.89,1,0,0,0
2023-07-11 00:00:00,Chicken_Breast,222,4.99,1107.86,1,0,0,0
2023-07-12 00:00:00,Chicken_Breast,204,5.11,1043.25,1,0,0,0
2023-07-13 00:00:00,Chicken_Breast,157,5.39,846.17,0,0,0,0
2023-07-14 00:00:00,Chicken_Breast,143,5.39,771.2,0,0,0,0
2023-07-15 00:00:00,Chicken_Breast,158,5.4,852.88,0,0,1,0
2023-07-16 00:00:00,Chicken_Breast,132,5.4,712.8,0,0,1,0
2023-07-17 00:00:00,Chicken_Breast,141,5.4,761.13,0,0,0,0
2023-07-18 00:00:00,Chicken_Breast,174,5.39,937.38,0,0,0,0
2023-07-19 00:00:00,Chicken_Breast,181,5.39,976.28,0,0,0,0
2023-07-20 00:00:00,Chicken_Breast,152,5.41,821.8,0,0,0,0
2023-07-21 00:00:00,Chicken_Breast,138,5.41,746.36,0,0,0,0
2023-07-22 00:00:00,Chicken_Breast,154,5.41,833.34,0,0,1,0
2023-07-23 00:00:00,Chicken_Breast,163,5.41,881.38,0,0,1,0
2023-07-24 00:00:00,Chicken_Breast,144,5.42,779.99,0,0,0,0
2023-07-25 00:00:00,Chicken_Breast,163,5.42,883.87,0,0,0,0
2023-07-26 00:00:00,Chicken_Breast,147,5.42,796.83,0,0,0,0
2023-07-27 00:00:00,Chicken_Breast,147,5.43,797.79,0,0,0,0
2023-07-28 00:00:00,Chicken_Breast,144,5.43,781.59,0,0,0,0
2023-07-29 00:00:00,Chicken_Breast,147,5.43,797.92,0,0,1,0
2023-07-30 00:00:00,Chicken_Breast,123,5.43,667.7,0,0,1,0
2023-07-31 00:00:00,Chicken_Breast,137,5.43,744.1,0,0,0,0
2023-08-01 00:00:00,Chicken_Breast,197,5.03,991.17,1,0,0,0
2023-08-02 00:00:00,Chicken_Breast,180,5.15,927.12,1,0,0,0
2023-08-03 00:00:00,Chicken_Breast,198,4.98,985.28,1,0,0,0
2023-08-04 00:00:00,Chicken_Breast,167,5.04,840.96,1,0,0,0
2023-08-05 00:00:00,Chicken_Breast,170,4.83,821.12,1,0,1,0
2023-08-06 00:00:00,Chicken_Breast,190,5.11,970.2,1,0,1,0
2023-08-07 00:00:00,Chicken_Breast,143,5.44,778.25,0,0,0,0
2023-08-08 00:00:00,Chicken_Breast,166,5.44,902.65,0,0,0,0
2023-08-09 00:00:00,Chicken_Breast,157,5.44,854.41,0,0,0,0
2023-08-10 00:00:00,Chicken_Breast,150,5.44,815.6,0,0,0,0
2023-08-11 00:00:00,Chicken_Breast,153,5.44,831.69,0,0,0,0
2023-08-12 00:00:00,Chicken_Breast,138,5.44,750.9,0,0,1,0
2023-08-13 00:00:00,Chicken_Breast,136,5.44,739.47,0,0,1,0
2023-08-14 00:00:00,Chicken_Breast,153,5.43,831.13,0,0,0,0
2023-08-15 00:00:00,Chicken_Breast,164,5.44,891.53,0,0,0,0
2023-08-16 00:00:00,Chicken_Breast,139,5.44,756.37,0,0,0,0
2023-08-17 00:00:00,Chicken_Breast,148,5.44,805.12,0,0,0,0
2023-08-18 00:00:00,Chicken_Breast,153,5.44,832.9,0,0,0,0
2023-08-19 00:00:00,Chicken_Breast,128,5.45,697,0,0,1,0
2023-08-20 00:00:00,Chicken_Breast,144,5.44,783.22,0,0,1,0
2023-08-21 00:00:00,Chicken_Breast,148,5.44,804.87,0,0,0,0
2023-08-22 00:00:00,Chicken_Breast,147,5.44,799.37,0,0,0,0
2023-08-23 00:00:00,Chicken_Breast,156,5.45,850.18,0,0,0,0
2023-08-24 00:00:00,Chicken_Breast,139,5.45,757.14,0,0,0,0
2023-08-25 00:00:00,Chicken_Breast,140,5.45,763,0,0,0,0
2023-08-26 00:00:00,Chicken_Breast,139,5.45,757.19,0,0,1,0
2023-08-27 00:00:00,Chicken_Breast,150,5.45,818.11,0,0,1,0
2023-08-28 00:00:00,Chicken_Breast,146,5.46,797.12,0,0,0,0
2023-08-29 00:00:00,Chicken_Breast,156,5.47,852.78,0,0,0,0
2023-08-30 00:00:00,Chicken_Breast,170,5.47,929.89,0,0,0,0
2023-08-31 00:00:00,Chicken_Breast,136,5.47,743.5,0,0,0,0
2023-09-01 00:00:00,Chicken_Breast,135,5.47,737.84,0,0,0,0
2023-09-02 00:00:00,Chicken_Breast,142,5.46,775.39,0,0,1,0
2023-09-03 00:00:00,Chicken_Breast,138,5.46,753.91,0,0,1,0
2023-09-04 00:00:00,Chicken_Breast,154,5.45,839.51,0,1,0,0
2023-09-05 00:00:00,Chicken_Breast,153,5.45,833.89,0,0,0,0
2023-09-06 00:00:00,Chicken_Breast,163,5.45,888.03,0,0,0,0
2023-09-07 00:00:00,Chicken_Breast,142,5.45,773.79,0,0,0,0
2023-09-08 00:00:00,Chicken_Breast,134,5.45,729.7,0,0,0,0
2023-09-09 00:00:00,Chicken_Breast,156,5.45,849.58,0,0,1,0
2023-09-10 00:00:00,Chicken_Breast,124,5.44,674.93,0,0,1,0
2023-09-11 00:00:00,Chicken_Breast,147,5.44,800.29,0,0,0,0
2023-09-12 00:00:00,Chicken_Breast,141,5.44,767.71,0,0,0,0
2023-09-13 00:00:00,Chicken_Breast,155,5.45,844.72,0,0,0,0
2023-09-14 00:00:00,Chicken_Breast,141,5.45,768.12,0,0,0,0
2023-09-15 00:00:00,Chicken_Breast,134,5.44,728.95,0,0,0,0
2023-09-16 00:00:00,Chicken_Breast,119,5.43,646.1,0,0,1,0
2023-09-17 00:00:00,Chicken_Breast,134,5.43,728.22,0,0,1,0
2023-09-18 00:00:00,Chicken_Breast,124,5.43,673.55,0,0,0,0
2023-09-19 00:00:00,Chicken_Breast,147,5.43,798.45,0,0,0,0
2023-09-20 00:00:00,Chicken_Breast,164,5.43,890.94,0,0,0,0
2023-09-21 00:00:00,Chicken_Breast,143,5.43,776.96,0,0,0,0
2023-09-22 00:00:00,Chicken_Breast,145,5.44,788.83,0,0,0,0
2023-09-23 00:00:00,Chicken_Breast,138,5.44,751.33,0,0,1,0
2023-09-24 00:00:00,Chicken_Breast,130,5.44,707.48,0,0,1,0
2023-09-25 00:00:00,Chicken_Breast,135,5.44,734.49,0,0,0,0
2023-09-26 00:00:00,Chicken_Breast,159,5.44,865.74,0,0,0,0
2023-09-27 00:00:00,Chicken_Breast,157,5.45,855.25,0,0,0,0
2023-09-28 00:00:00,Chicken_Breast,129,5.45,702.45,0,0,0,0
2023-09-29 00:00:00,Chicken_Breast,133,5.44,723.13,0,0,0,0
2023-09-30 00:00:00,Chicken_Breast,129,5.44,701.38,0,0,1,0
2023-10-01 00:00:00,Chicken_Breast,143,5.44,777.65,0,0,1,0
2023-10-02 00:00:00,Chicken_Breast,147,5.44,799.48,0,0,0,0
2023-10-03 00:00:00,Chicken_Breast,149,5.44,810.53,0,0,0,0
2023-10-04 00:00:00,Chicken_Breast,167,5.44,909.22,0,0,0,0
2023-10-05 00:00:00,Chicken_Breast,148,5.43,804.16,0,0,0,0
2023-10-06 00:00:00,Chicken_Breast,124,5.43,673.59,0,0,0,0
2023-10-07 00:00:00,Chicken_Breast,127,5.43,690.03,0,0,1,0
2023-10-08 00:00:00,Chicken_Breast,119,5.43,645.98,0,0,1,0
2023-10-09 00:00:00,Chicken_Breast,149,5.43,808.33,0,1,0,0
2023-10-10 00:00:00,Chicken_Breast,154,5.43,836.13,0,0,0,0
2023-10-11 00:00:00,Chicken_Breast,154,5.43,836.72,0,0,0,0
2023-10-12 00:00:00,Chicken_Breast,146,5.42,792.02,0,0,0,0
2023-10-13 00:00:00,Chicken_Breast,133,5.43,722.1,0,0,0,0
2023-10-14 00:00:00,Chicken_Breast,137,5.44,745.24,0,0,1,0
2023-10-15 00:00:00,Chicken_Breast,138,5.44,750.59,0,0,1,0
2023-10-16 00:00:00,Chicken_Breast,129,5.43,700.67,0,0,0,0
2023-10-17 00:00:00,Chicken_Breast,148,5.44,804.82,0,0,0,0
2023-10-18 00:00:00,Chicken_Breast,157,5.43,853.02,0,0,0,0
2023-10-19 00:00:00,Chicken_Breast,194,4.99,967.78,1,0,0,0
2023-10-20 00:00:00,Chicken_Breast,185,4.84,896.24,1,0,0,0
2023-10-21 00:00:00,Chicken_Breast,177,5.08,899.91,1,0,1,0
2023-10-22 00:00:00,Chicken_Breast,176,5.07,891.65,1,0,1,0
2023-10-23 00:00:00,Chicken_Breast,176,4.94,868.83,1,0,0,0
2023-10-24 00:00:00,Chicken_Breast,192,5.15,988.52,1,0,0,0
2023-10-25 00:00:00,Chicken_Breast,161,5.41,871.7,0,0,0,0
2023-10-26 00:00:00,Chicken_Breast,140,5.41,757.37,0,0,0,0
2023-10-27 00:00:00,Chicken_Breast,132,5.4,713.06,0,0,0,0
2023-10-28 00:00:00,Chicken_Breast,133,5.4,718.78,0,0,1,0
2023-10-29 00:00:00,Chicken_Breast,135,5.41,730.4,0,0,1,0
2023-10-30 00:00:00,Chicken_Breast,133,5.42,720.74,0,0,0,0
2023-10-31 00:00:00,Chicken_Breast,150,5.43,813.94,0,0,0,0
2023-11-01 00:00:00,Chicken_Breast,157,5.43,853.08,0,0,0,0
2023-11-02 00:00:00,Chicken_Breast,145,5.44,788.24,0,0,0,0
2023-11-03 00:00:00,Chicken_Breast,137,5.43,744.25,0,0,0,0
2023-11-04 00:00:00,Chicken_Breast,133,5.43,721.77,0,0,1,0
2023-11-05 00:00:00,Chicken_Breast,141,5.43,765.36,0,0,1,0
2023-11-06 00:00:00,Chicken_Breast,168,5.42,910.84,0,0,0,0
2023-11-07 00:00:00,Chicken_Breast,151,5.43,819.2,0,0,0,0
2023-11-08 00:00:00,Chicken_Breast,155,5.42,840.45,0,0,0,0
2023-11-09 00:00:00,Chicken_Breast,154,5.42,834.48,0,0,0,0
2023-11-10 00:00:00,Chicken_Breast,160,5.42,867.68,0,1,0,0
2023-11-11 00:00:00,Chicken_Breast,140,5.43,759.96,0,0,1,0
2023-11-12 00:00:00,Chicken_Breast,141,5.43,765.7,0,0,1,0
2023-11-13 00:00:00,Chicken_Breast,135,5.43,733.37,0,0,0,0
2023-11-14 00:00:00,Chicken_Breast,140,5.43,759.82,0,0,0,0
2023-11-15 00:00:00,Chicken_Breast,156,5.43,847.11,0,0,0,0
2023-11-16 00:00:00,Chicken_Breast,162,5.43,879.35,0,0,0,0
2023-11-17 00:00:00,Chicken_Breast,132,5.43,717.35,0,0,0,0
2023-11-18 00:00:00,Chicken_Breast,144,5.44,783.23,0,0,1,0
2023-11-19 00:00:00,Chicken_Breast,133,5.43,722.43,0,0,1,0
2023-11-20 00:00:00,Chicken_Breast,186,4.91,913.15,1,0,0,0
2023-11-21 00:00:00,Chicken_Breast,202,4.95,999.23,1,0,0,0
2023-11-22 00:00:00,Chicken_Breast,215,5.02,1079.56,1,0,0,0
2023-11-23 00:00:00,Chicken_Breast,206,4.8,987.98,1,1,0,0
2023-11-24 00:00:00,Chicken_Breast,185,5.07,937.6,1,0,0,0
2023-11-25 00:00:00,Chicken_Breast,198,4.96,981.41,1,0,1,0
2023-11-26 00:00:00,Chicken_Breast,191,4.96,947.97,1,0,1,0
2023-11-27 00:00:00,Chicken_Breast,145,5.44,789.35,0,0,0,0
2023-11-28 00:00:00,Chicken_Breast,147,5.44,800.15,0,0,0,0
2023-11-29 00:00:00,Chicken_Breast,161,5.44,876.57,0,0,0,0
2023-11-30 00:00:00,Chicken_Breast,157,5.45,856.1,0,0,0,0
2023-12-01 00:00:00,Chicken_Breast,141,5.46,769.39,0,0,0,0
2023-12-02 00:00:00,Chicken_Breast,145,5.46,791.98,0,0,1,0
2023-12-03 00:00:00,Chicken_Breast,154,5.46,841.42,0,0,1,0
2023-12-04 00:00:00,Chicken_Breast,153,5.47,836.85,0,0,0,0
2023-12-05 00:00:00,Chicken_Breast,175,5.47,957.76,0,0,0,0
2023-12-06 00:00:00,Chicken_Breast,157,5.47,859.35,0,0,0,0
2023-12-07 00:00:00,Chicken_Breast,162,5.48,888.4,0,0,0,0
2023-12-08 00:00:00,Chicken_Breast,136,5.49,746.26,0,0,0,0
2023-12-09 00:00:00,Chicken_Breast,169,5.49,927.33,0,0,1,0
2023-12-10 00:00:00,Chicken_Breast,134,5.48,734.67,0,0,1,0
2023-12-11 00:00:00,Chicken_Breast,165,5.49,905.97,0,0,0,0
2023-12-12 00:00:00,Chicken_Breast,163,5.49,894.3,0,0,0,0
2023-12-13 00:00:00,Chicken_Breast,155,5.49,850.54,0,0,0,0
2023-12-14 00:00:00,Chicken_Breast,154,5.49,845.2,0,0,0,0
2023-12-15 00:00:00,Chicken_Breast,136,5.48,745.74,0,0,0,0
2023-12-16 00:00:00,Chicken_Breast,142,5.49,779.31,0,0,1,0
2023-12-17 00:00:00,Chicken_Breast,160,5.49,877.8,0,0,1,0
2023-12-18 00:00:00,Chicken_Breast,203,5.06,1027.85,1,0,0,0
2023-12-19 00:00:00,Chicken_Breast,208,5.1,1060.01,1,0,0,0
2023-12-20 00:00:00,Chicken_Breast,181,4.96,897.73,1,0,0,0
2023-12-21 00:00:00,Chicken_Breast,196,5.06,992.46,1,0,0,0
2023-12-22 00:00:00,Chicken_Breast,176,4.94,869.46,1,0,0,0
2023-12-23 00:00:00,Chicken_Breast,192,5.03,965.49,1,0,1,0
2023-12-24 00:00:00,Chicken_Breast,188,5.1,959.53,1,0,1,0
2023-12-25 00:00:00,Chicken_Breast,209,5.13,1072.62,1,1,0,0
2023-12-26 00:00:00,Chicken_Breast,209,5.06,1058.06,1,0,0,0
2023-12-27 00:00:00,Chicken_Breast,223,5.16,1150.37,1,0,0,0
2023-12-28 00:00:00,Chicken_Breast,196,5.13,1004.58,1,0,0,0
2023-12-29 00:00:00,Chicken_Breast,189,5.19,980.7,1,0,0,0
2023-12-30 00:00:00,Chicken_Breast,182,5.18,942.78,1,0,1,0
2023-12-31 00:00:00,Chicken_Breast,193,4.91,948.44,1,0,1,0
2024-01-01 00:00:00,Chicken_Breast,174,5.47,951.17,0,1,0,0
2024-01-02 00:00:00,Chicken_Breast,170,5.47,929.77,0,0,0,0
2024-01-03 00:00:00,Chicken_Breast,158,5.48,865.97,0,0,0,0
2024-01-04 00:00:00,Chicken_Breast,160,5.48,876.95,0,0,0,0
2024-01-05 00:00:00,Chicken_Breast,169,5.49,927.46,0,0,0,0
2024-01-06 00:00:00,Chicken_Breast,146,5.49,801.63,0,0,1,0
2024-01-07 00:00:00,Chicken_Breast,155,5.48,849.51,0,0,1,0
2024-01-08 00:00:00,Chicken_Breast,161,5.49,883.1,0,0,0,0
2024-01-09 00:00:00,Chicken_Breast,172,5.49,944.23,0,0,0,0
2024-01-10 00:00:00,Chicken_Breast,174,5.49,955.33,0,0,0,0
2024-01-11 00:00:00,Chicken_Breast,160,5.49,878.87,0,0,0,0
2024-01-12 00:00:00,Chicken_Breast,155,5.5,852.62,0,0,0,0
2024-01-13 00:00:00,Chicken_Breast,173,5.51,953.56,0,0,1,0
2024-01-14 00:00:00,Chicken_Breast,149,5.51,821.58,0,0,1,0
2024-01-15 00:00:00,Chicken_Breast,171,5.51,942.85,0,1,0,0
2024-01-16 00:00:00,Chicken_Breast,179,5.52,987.5,0,0,0,0
2024-01-17 00:00:00,Chicken_Breast,182,5.53,1005.75,0,0,0,0
2024-01-18 00:00:00,Chicken_Breast,178,5.53,984.56,0,0,0,0
2024-01-19 00:00:00,Chicken_Breast,148,5.53,818.21,0,0,0,0
2024-01-20 00:00:00,Chicken_Breast,153,5.53,845.79,0,0,1,0
2024-01-21 00:00:00,Chicken_Breast,160,5.53,884.83,0,0,1,0
2024-01-22 00:00:00,Chicken_Breast,181,5.53,1001.43,0,0,0,0
2024-01-23 00:00:00,Chicken_Breast,194,5.53,1072.74,0,0,0,0
2024-01-24 00:00:00,Chicken_Breast,184,5.53,1017.81,0,0,0,0
2024-01-25 00:00:00,Chicken_Breast,179,5.53,990.23,0,0,0,0
2024-01-26 00:00:00,Chicken_Breast,154,5.53,852.09,0,0,0,0
2024-01-27 00:00:00,Chicken_Breast,171,5.54,946.62,0,0,1,0
2024-01-28 00:00:00,Chicken_Breast,161,5.53,890.85,0,0,1,0
2024-01-29 00:00:00,Chicken_Breast,166,5.52,917.03,0,0,0,0
2024-01-30 00:00:00,Chicken_Breast,170,5.52,938.94,0,0,0,0
2024-01-31 00:00:00,Chicken_Breast,167,5.53,923.22,0,0,0,0
2024-02-01 00:00:00,Chicken_Breast,150,5.53,828.93,0,0,0,0
2024-02-02 00:00:00,Chicken_Breast,168,5.53,928.64,0,0,0,0
2024-02-03 00:00:00,Chicken_Breast,143,5.53,790.45,0,0,1,0
2024-02-04 00:00:00,Chicken_Breast,160,5.52,883.39,0,0,1,0
2024-02-05 00:00:00,Chicken_Breast,164,5.52,905.6,0,0,0,0
2024-02-06 00:00:00,Chicken_Breast,177,5.52,977.66,0,0,0,0
2024-02-07 00:00:00,Chicken_Breast,179,5.52,988.01,0,0,0,0
2024-02-08 00:00:00,Chicken_Breast,175,5.52,965.86,0,0,0,0
2024-02-09 00:00:00,Chicken_Breast,140,5.52,772.31,0,0,0,0
2024-02-10 00:00:00,Chicken_Breast,174,5.51,959.17,0,0,1,0
2024-02-11 00:00:00,Chicken_Breast,157,5.51,865.8,0,0,1,0
2024-02-12 00:00:00,Chicken_Breast,170,5.52,938.6,0,0,0,0
2024-02-13 00:00:00,Chicken_Breast,178,5.52,983.33,0,0,0,0
2024-02-14 00:00:00,Chicken_Breast,186,5.52,1027.54,0,0,0,0
2024-02-15 00:00:00,Chicken_Breast,176,5.52,971.43,0,0,0,0
2024-02-16 00:00:00,Chicken_Breast,157,5.52,867.05,0,0,0,0
2024-02-17 00:00:00,Chicken_Breast,211,4.98,1051.08,1,0,1,0
2024-02-18 00:00:00,Chicken_Breast,206,4.94,1017.27,1,0,1,0
2024-02-19 00:00:00,Chicken_Breast,221,5.09,1125.48,1,1,0,0
2024-02-20 00:00:00,Chicken_Breast,216,5.16,1115,1,0,0,0
2024-02-21 00:00:00,Chicken_Breast,241,5.21,1256.49,1,0,0,0
2024-02-22 00:00:00,Chicken_Breast,230,4.95,1138.77,1,0,0,0
2024-02-23 00:00:00,Chicken_Breast,163,5.5,896.2,0,0,0,0
2024-02-24 00:00:00,Chicken_Breast,177,5.49,972.41,0,0,1,0
2024-02-25 00:00:00,Chicken_Breast,168,5.49,923.06,0,0,1,0
2024-02-26 00:00:00,Chicken_Breast,161,5.49,884.51,0,0,0,0
2024-02-27 00:00:00,Chicken_Breast,194,5.5,1066.85,0,0,0,0
2024-02-28 00:00:00,Chicken_Breast,178,5.51,980.03,0,0,0,0
2024-02-29 00:00:00,Chicken_Breast,204,5.51,1125.06,0,0,0,0
2024-03-01 00:00:00,Chicken_Breast,165,5.51,908.85,0,0,0,0
2024-03-02 00:00:00,Chicken_Breast,163,5.51,898.11,0,0,1,0
2024-03-03 00:00:00,Chicken_Breast,179,5.52,988.63,0,0,1,0
2024-03-04 00:00:00,Chicken_Breast,167,5.53,923.32,0,0,0,0
2024-03-05 00:00:00,Chicken_Breast,168,5.53,928.33,0,0,0,0
2024-03-06 00:00:00,Chicken_Breast,221,5.13,1133.93,1,0,0,0
2024-03-07 00:00:00,Chicken_Breast,204,5.15,1050.12,1,0,0,0
2024-03-08 00:00:00,Chicken_Breast,203,5.19,1052.86,1,0,0,0
2024-03-09 00:00:00,Chicken_Breast,200,5.24,1047.94,1,0,1,0
2024-03-10 00:00:00,Chicken_Breast,192,5.06,971.67,1,0,1,0
2024-03-11 00:00:00,Chicken_Breast,201,5.19,1042.79,1,0,0,0
2024-03-12 00:00:00,Chicken_Breast,180,5.54,997,0,0,0,0
2024-03-13 00:00:00,Chicken_Breast,203,5.55,1125.88,0,0,0,0
2024-03-14 00:00:00,Chicken_Breast,173,5.54,958.38,0,0,0,0
2024-03-15 00:00:00,Chicken_Breast,174,5.54,964.23,0,0,0,0
2024-03-16 00:00:00,Chicken_Breast,179,5.54,991.09,0,0,1,0
2024-03-17 00:00:00,Chicken_Breast,182,5.53,1006.2,0,0,1,0
2024-03-18 00:00:00,Chicken_Breast,185,5.53,1022.45,0,0,0,0
2024-03-19 00:00:00,Chicken_Breast,185,5.53,1023.83,0,0,0,0
2024-03-20 00:00:00,Chicken_Breast,177,5.53,978.81,0,0,0,0
2024-03-21 00:00:00,Chicken_Breast,175,5.53,968.11,0,0,0,0
2024-03-22 00:00:00,Chicken_Breast,148,5.53,818.62,0,0,0,0
2024-03-23 00:00:00,Chicken_Breast,175,5.53,967.75,0,0,1,0
2024-03-24 00:00:00,Chicken_Breast,183,5.53,1012.55,0,0,1,0
2024-03-25 00:00:00,Chicken_Breast,161,5.52,889.26,0,0,0,0
2024-03-26 00:00:00,Chicken_Breast,191,5.53,1056.57,0,0,0,0
2024-03-27 00:00:00,Chicken_Breast,197,5.53,1089.85,0,0,0,0
2024-03-28 00:00:00,Chicken_Breast,183,5.54,1013.22,0,0,0,0
2024-03-29 00:00:00,Chicken_Breast,175,5.54,969.07,0,0,0,0
2024-03-30 00:00:00,Chicken_Breast,166,5.53,918.29,0,0,1,0
2024-03-31 00:00:00,Chicken_Breast,169,5.54,935.88,0,0,1,0
2024-04-01 00:00:00,Chicken_Breast,187,5.53,1034.94,0,0,0,0
2024-04-02 00:00:00,Chicken_Breast,181,5.53,1001.25,0,0,0,0
2024-04-03 00:00:00,Chicken_Breast,180,5.54,997.49,0,0,0,0
2024-04-04 00:00:00,Chicken_Breast,188,5.55,1042.97,0,0,0,0
2024-04-05 00:00:00,Chicken_Breast,174,5.55,966.51,0,0,0,0
2024-04-06 00:00:00,Chicken_Breast,164,5.55,910.25,0,0,1,0
2024-04-07 00:00:00,Chicken_Breast,173,5.55,960.17,0,0,1,0
2024-04-08 00:00:00,Chicken_Breast,172,5.56,955.68,0,0,0,0
2024-04-09 00:00:00,Chicken_Breast,189,5.56,1050.28,0,0,0,0
2024-04-10 00:00:00,Chicken_Breast,201,5.56,1116.89,0,0,0,0
2024-04-11 00:00:00,Chicken_Breast,180,5.56,999.94,0,0,0,0
2024-04-12 00:00:00,Chicken_Breast,172,5.56,956.38,0,0,0,0
2024-04-13 00:00:00,Chicken_Breast,171,5.56,950.69,0,0,1,0
2024-04-14 00:00:00,Chicken_Breast,169,5.55,937.78,0,0,1,0
2024-04-15 00:00:00,Chicken_Breast,173,5.55,959.34,0,0,0,0
2024-04-16 00:00:00,Chicken_Breast,182,5.54,1008.92,0,0,0,0
2024-04-17 00:00:00,Chicken_Breast,166,5.55,920.51,0,0,0,0
2024-04-18 00:00:00,Chicken_Breast,170,5.54,942.25,0,0,0,0
2024-04-19 00:00:00,Chicken_Breast,156,5.54,864.22,0,0,0,0
2024-04-20 00:00:00,Chicken_Breast,147,5.54,814.92,0,0,1,0
2024-04-21 00:00:00,Chicken_Breast,162,5.54,897.93,0,0,1,0
2024-04-22 00:00:00,Chicken_Breast,175,5.55,970.67,0,0,0,0
2024-04-23 00:00:00,Chicken_Breast,190,5.55,1053.85,0,0,0,0
2024-04-24 00:00:00,Chicken_Breast,190,5.55,1055.37,0,0,0,0
2024-04-25 00:00:00,Chicken_Breast,175,5.56,972.61,0,0,0,0
2024-04-26 00:00:00,Chicken_Breast,172,5.56,956.44,0,0,0,0
2024-04-27 00:00:00,Chicken_Breast,169,5.57,940.63,0,0,1,0
2024-04-28 00:00:00,Chicken_Breast,174,5.57,968.89,0,0,1,0
2024-04-29 00:00:00,Chicken_Breast,164,5.57,913.48,0,0,0,0
2024-04-30 00:00:00,Chicken_Breast,159,5.57,885.19,0,0,0,0
2024-05-01 00:00:00,Chicken_Breast,193,5.57,1074.13,0,0,0,0
2024-05-02 00:00:00,Chicken_Breast,183,5.57,1018.82,0,0,0,0
2024-05-03 00:00:00,Chicken_Breast,160,5.57,890.69,0,0,0,0
2024-05-04 00:00:00,Chicken_Breast,144,5.57,801.84,0,0,1,0
2024-05-05 00:00:00,Chicken_Breast,161,5.57,896.69,0,0,1,0
2024-05-06 00:00:00,Chicken_Breast,183,5.57,1019.05,0,0,0,0
2024-05-07 00:00:00,Chicken_Breast,173,5.56,961.67,0,0,0,0
2024-05-08 00:00:00,Chicken_Breast,173,5.56,962.46,0,0,0,0
2024-05-09 00:00:00,Chicken_Breast,180,5.57,1002.16,0,0,0,0
2024-05-10 00:00:00,Chicken_Breast,150,5.56,834.27,0,0,0,0
2024-05-11 00:00:00,Chicken_Breast,186,5.55,1033.04,0,0,1,0
2024-05-12 00:00:00,Chicken_Breast,170,5.55,943.55,0,0,1,0
2024-05-13 00:00:00,Chicken_Breast,167,5.55,927.13,0,0,0,0
2024-05-14 00:00:00,Chicken_Breast,190,5.55,1054.98,0,0,0,0
2024-05-15 00:00:00,Chicken_Breast,197,5.56,1095.19,0,0,0,0
2024-05-16 00:00:00,Chicken_Breast,189,5.56,1050.29,0,0,0,0
2024-05-17 00:00:00,Chicken_Breast,176,5.56,978.03,0,0,0,0
2024-05-18 00:00:00,Chicken_Breast,157,5.56,872.75,0,0,1,0
2024-05-19 00:00:00,Chicken_Breast,171,5.57,951.63,0,0,1,0
2024-05-20 00:00:00,Chicken_Breast,159,5.56,883.28,0,0,0,0
2024-05-21 00:00:00,Chicken_Breast,178,5.56,989.15,0,0,0,0
2024-05-22 00:00:00,Chicken_Breast,171,5.56,951.48,0,0,0,0
2024-05-23 00:00:00,Chicken_Breast,208,4.96,1032.09,1,0,0,0
2024-05-24 00:00:00,Chicken_Breast,196,5.29,1036.79,1,0,0,0
2024-05-25 00:00:00,Chicken_Breast,204,5.05,1029.39,1,0,1,0
2024-05-26 00:00:00,Chicken_Breast,223,5.22,1164.06,1,0,1,0
2024-05-27 00:00:00,Chicken_Breast,227,5.03,1141.49,1,1,0,0
2024-05-28 00:00:00,Chicken_Breast,211,4.97,1048.39,1,0,0,0
2024-05-29 00:00:00,Chicken_Breast,178,5.56,990.5,0,0,0,0
2024-05-30 00:00:00,Chicken_Breast,160,5.56,890.15,0,0,0,0
2024-05-31 00:00:00,Chicken_Breast,168,5.55,933.07,0,0,0,0
2024-06-01 00:00:00,Chicken_Breast,157,5.56,872.43,0,0,1,0
2024-06-02 00:00:00,Chicken_Breast,185,5.55,1026.54,0,0,1,0
2024-06-03 00:00:00,Chicken_Breast,150,5.55,831.91,0,0,0,0
2024-06-04 00:00:00,Chicken_Breast,166,5.55,920.71,0,0,0,0
2024-06-05 00:00:00,Chicken_Breast,172,5.55,954.35,0,0,0,0
2024-06-06 00:00:00,Chicken_Breast,156,5.55,865.12,0,0,0,0
2024-06-07 00:00:00,Chicken_Breast,136,5.55,755.21,0,0,0,0
2024-06-08 00:00:00,Chicken_Breast,170,5.55,944.21,0,0,1,0
2024-06-09 00:00:00,Chicken_Breast,158,5.55,877.33,0,0,1,0
2024-06-10 00:00:00,Chicken_Breast,180,5.55,999.07,0,0,0,0
2024-06-11 00:00:00,Chicken_Breast,175,5.56,972.33,0,0,0,0
2024-06-12 00:00:00,Chicken_Breast,169,5.55,938.44,0,0,0,0
2024-06-13 00:00:00,Chicken_Breast,170,5.57,946.37,0,0,0,0
2024-06-14 00:00:00,Chicken_Breast,163,5.58,908.85,0,0,0,0
2024-06-15 00:00:00,Chicken_Breast,159,5.58,886.98,0,0,1,0
2024-06-16 00:00:00,Chicken_Breast,158,5.58,881.29,0,0,1,0
2024-06-17 00:00:00,Chicken_Breast,155,5.59,865.77,0,0,0,0
2024-06-18 00:00:00,Chicken_Breast,174,5.58,971.7,0,0,0,0
2024-06-19 00:00:00,Chicken_Breast,163,5.59,910.93,0,1,0,0
2024-06-20 00:00:00,Chicken_Breast,154,5.6,861.8,0,0,0,0
2024-06-21 00:00:00,Chicken_Breast,172,5.59,962.07,0,0,0,0
2024-06-22 00:00:00,Chicken_Breast,151,5.59,844.25,0,0,1,0
2024-06-23 00:00:00,Chicken_Breast,155,5.59,866.2,0,0,1,0
2024-06-24 00:00:00,Chicken_Breast,156,5.58,870.6,0,0,0,0
2024-06-25 00:00:00,Chicken_Breast,164,5.58,915.13,0,0,0,0
2024-06-26 00:00:00,Chicken_Breast,168,5.58,936.91,0,0,0,0
2024-06-27 00:00:00,Chicken_Breast,163,5.57,908.24,0,0,0,0
2024-06-28 00:00:00,Chicken_Breast,173,5.57,963.96,0,0,0,0
2024-06-29 00:00:00,Chicken_Breast,155,5.57,863.41,0,0,1,0
2024-06-30 00:00:00,Chicken_Breast,153,5.57,852.48,0,0,1,0
2024-07-01 00:00:00,Chicken_Breast,180,5.57,1003.48,0,0,0,0
2024-07-02 00:00:00,Chicken_Breast,161,5.58,898.01,0,0,0,0
2024-07-03 00:00:00,Chicken_Breast,172,5.58,959.57,0,0,0,0
2024-07-04 00:00:00,Chicken_Breast,173,5.57,964.13,0,1,0,0
2024-07-05 00:00:00,Chicken_Breast,136,5.58,758.32,0,0,0,0
2024-07-06 00:00:00,Chicken_Breast,157,5.57,874.88,0,0,1,0
2024-07-07 00:00:00,Chicken_Breast,152,5.56,845.28,0,0,1,0
2024-07-08 00:00:00,Chicken_Breast,164,5.56,911.05,0,0,0,0
2024-07-09 00:00:00,Chicken_Breast,160,5.56,890.2,0,0,0,0
2024-07-10 00:00:00,Chicken_Breast,170,5.56,945.53,0,0,0,0
2024-07-11 00:00:00,Chicken_Breast,157,5.56,873.58,0,0,0,0
2024-07-12 00:00:00,Chicken_Breast,148,5.56,822.57,0,0,0,0
2024-07-13 00:00:00,Chicken_Breast,156,5.55,866.15,0,0,1,0
2024-07-14 00:00:00,Chicken_Breast,139,5.55,771.79,0,0,1,0
2024-07-15 00:00:00,Chicken_Breast,154,5.54,853.42,0,0,0,0
2024-07-16 00:00:00,Chicken_Breast,149,5.54,825.96,0,0,0,0
2024-07-17 00:00:00,Chicken_Breast,165,5.54,914.14,0,0,0,0
2024-07-18 00:00:00,Chicken_Breast,158,5.54,875.54,0,0,0,0
2024-07-19 00:00:00,Chicken_Breast,194,4.89,947.97,1,0,0,0
2024-07-20 00:00:00,Chicken_Breast,177,4.93,872.74,1,0,1,0
2024-07-21 00:00:00,Chicken_Breast,166,5.1,847.26,1,0,1,0
2024-07-22 00:00:00,Chicken_Breast,186,5.06,940.8,1,0,0,0
2024-07-23 00:00:00,Chicken_Breast,207,4.92,1018.86,1,0,0,0
2024-07-24 00:00:00,Chicken_Breast,206,5.12,1054.39,1,0,0,0
2024-07-25 00:00:00,Chicken_Breast,175,5.54,970.02,0,0,0,0
2024-07-26 00:00:00,Chicken_Breast,122,5.54,675.64,0,0,0,0
2024-07-27 00:00:00,Chicken_Breast,141,5.53,779.36,0,0,1,0
2024-07-28 00:00:00,Chicken_Breast,146,5.54,808.3,0,0,1,0
2024-07-29 00:00:00,Chicken_Breast,157,5.53,868.13,0,0,0,0
2024-07-30 00:00:00,Chicken_Breast,158,5.53,873.52,0,0,0,0
2024-07-31 00:00:00,Chicken_Breast,161,5.53,890.13,0,0,0,0
2024-08-01 00:00:00,Chicken_Breast,159,5.54,880.64,0,0,0,0
2024-08-02 00:00:00,Chicken_Breast,125,5.54,692.34,0,0,0,0
2024-08-03 00:00:00,Chicken_Breast,135,5.54,747.76,0,0,1,0
2024-08-04 00:00:00,Chicken_Breast,121,5.54,669.85,0,0,1,0
2024-08-05 00:00:00,Chicken_Breast,142,5.54,786.44,0,0,0,0
2024-08-06 00:00:00,Chicken_Breast,161,5.53,891.05,0,0,0,0
2024-08-07 00:00:00,Chicken_Breast,157,5.53,867.54,0,0,0,0
2024-08-08 00:00:00,Chicken_Breast,161,5.53,890.61,0,0,0,0
2024-08-09 00:00:00,Chicken_Breast,153,5.52,845.17,0,0,0,0
2024-08-10 00:00:00,Chicken_Breast,150,5.53,829.44,0,0,1,0
2024-08-11 00:00:00,Chicken_Breast,131,5.53,724.07,0,0,1,0
2024-08-12 00:00:00,Chicken_Breast,140,5.52,772.72,0,0,0,0
2024-08-13 00:00:00,Chicken_Breast,145,5.52,800.1,0,0,0,0
2024-08-14 00:00:00,Chicken_Breast,167,5.51,920.96,0,0,0,0
2024-08-15 00:00:00,Chicken_Breast,149,5.52,821.78,0,0,0,0
2024-08-16 00:00:00,Chicken_Breast,191,4.97,949.32,1,0,0,0
2024-08-17 00:00:00,Chicken_Breast,186,5.11,951.12,1,0,1,0
2024-08-18 00:00:00,Chicken_Breast,163,4.99,814.17,1,0,1,0
2024-08-19 00:00:00,Chicken_Breast,180,5.23,941.87,1,0,0,0
2024-08-20 00:00:00,Chicken_Breast,171,5.24,895.3,1,0,0,0
2024-08-21 00:00:00,Chicken_Breast,193,5.19,1002.29,1,0,0,0
2024-08-22 00:00:00,Chicken_Breast,182,5.52,1004.03,0,0,0,0
2024-08-23 00:00:00,Chicken_Breast,141,5.52,777.76,0,0,0,0
2024-08-24 00:00:00,Chicken_Breast,141,5.52,777.73,0,0,1,0
2024-08-25 00:00:00,Chicken_Breast,129,5.52,711.65,0,0,1,0
2024-08-26 00:00:00,Chicken_Breast,144,5.51,793.7,0,0,0,0
2024-08-27 00:00:00,Chicken_Breast,167,5.51,920.17,0,0,0,0
2024-08-28 00:00:00,Chicken_Breast,161,5.51,887.25,0,0,0,0
2024-08-29 00:00:00,Chicken_Breast,150,5.51,826.92,0,0,0,0
2024-08-30 00:00:00,Chicken_Breast,153,5.52,844.21,0,0,0,0
2024-08-31 00:00:00,Chicken_Breast,144,5.52,794.4,0,0,1,0
2024-09-01 00:00:00,Chicken_Breast,131,5.51,721.52,0,0,1,0
2024-09-02 00:00:00,Chicken_Breast,151,5.51,832.06,0,1,0,0
2024-09-03 00:00:00,Chicken_Breast,159,5.52,876.94,0,0,0,0
2024-09-04 00:00:00,Chicken_Breast,162,5.52,894.39,0,0,0,0
2024-09-05 00:00:00,Chicken_Breast,137,5.52,755.83,0,0,0,0
2024-09-06 00:00:00,Chicken_Breast,148,5.52,816.35,0,0,0,0
2024-09-07 00:00:00,Chicken_Breast,123,5.5,677.11,0,0,1,0
2024-09-08 00:00:00,Chicken_Breast,142,5.5,781.58,0,0,1,0
2024-09-09 00:00:00,Chicken_Breast,144,5.5,792.21,0,0,0,0
2024-09-10 00:00:00,Chicken_Breast,174,5.5,956.6,0,0,0,0
2024-09-11 00:00:00,Chicken_Breast,183,5.49,1004.7,0,0,0,0
2024-09-12 00:00:00,Chicken_Breast,145,5.49,796.27,0,0,0,0
2024-09-13 00:00:00,Chicken_Breast,120,5.5,659.73,0,0,0,0
2024-09-14 00:00:00,Chicken_Breast,137,5.49,752.78,0,0,1,0
2024-09-15 00:00:00,Chicken_Breast,132,5.5,725.4,0,0,1,0
2024-09-16 00:00:00,Chicken_Breast,155,5.49,850.39,0,0,0,0
2024-09-17 00:00:00,Chicken_Breast,161,5.48,881.87,0,0,0,0
2024-09-18 00:00:00,Chicken_Breast,165,5.49,905.53,0,0,0,0
2024-09-19 00:00:00,Chicken_Breast,163,5.49,894.2,0,0,0,0
2024-09-20 00:00:00,Chicken_Breast,114,5.49,625.76,0,0,0,0
2024-09-21 00:00:00,Chicken_Breast,172,5.14,884.02,1,0,1,0
2024-09-22 00:00:00,Chicken_Breast,189,5.08,959.81,1,0,1,0
2024-09-23 00:00:00,Chicken_Breast,180,4.88,877.67,1,0,0,0
2024-09-24 00:00:00,Chicken_Breast,199,5.15,1025.76,1,0,0,0
2024-09-25 00:00:00,Chicken_Breast,191,5.15,983.33,1,0,0,0
2024-09-26 00:00:00,Chicken_Breast,196,4.99,977.99,1,0,0,0
2024-09-27 00:00:00,Chicken_Breast,128,5.52,706.96,0,0,0,0
2024-09-28 00:00:00,Chicken_Breast,133,5.52,734.63,0,0,1,0
2024-09-29 00:00:00,Chicken_Breast,141,5.52,778.49,0,0,1,0
2024-09-30 00:00:00,Chicken_Breast,143,5.53,790.37,0,0,0,0
2024-10-01 00:00:00,Chicken_Breast,162,5.53,895.19,0,0,0,0
2024-10-02 00:00:00,Chicken_Breast,138,5.52,761.93,0,0,0,0
2024-10-03 00:00:00,Chicken_Breast,150,5.53,828.95,0,0,0,0
2024-10-04 00:00:00,Chicken_Breast,132,5.53,729.55,0,0,0,0
2024-10-05 00:00:00,Chicken_Breast,129,5.52,712.05,0,0,1,0
2024-10-06 00:00:00,Chicken_Breast,133,5.52,734.09,0,0,1,0
2024-10-07 00:00:00,Chicken_Breast,123,5.51,678.05,0,0,0,0
2024-10-08 00:00:00,Chicken_Breast,142,5.51,782.43,0,0,0,0
2024-10-09 00:00:00,Chicken_Breast,155,5.51,853.49,0,0,0,0
2024-10-10 00:00:00,Chicken_Breast,144,5.51,792.84,0,0,0,0
2024-10-11 00:00:00,Chicken_Breast,127,5.51,699.19,0,0,0,0
2024-10-12 00:00:00,Chicken_Breast,154,5.51,848.76,0,0,1,0
2024-10-13 00:00:00,Chicken_Breast,125,5.51,688.65,0,0,1,0
2024-10-14 00:00:00,Chicken_Breast,165,5.51,908.71,0,1,0,0
2024-10-15 00:00:00,Chicken_Breast,140,5.5,770.46,0,0,0,0
2024-10-16 00:00:00,Chicken_Breast,161,5.51,886.8,0,0,0,0
2024-10-17 00:00:00,Chicken_Breast,152,5.51,837.91,0,0,0,0
2024-10-18 00:00:00,Chicken_Breast,134,5.52,739.51,0,0,0,0
2024-10-19 00:00:00,Chicken_Breast,129,5.52,712.63,0,0,1,0
2024-10-20 00:00:00,Chicken_Breast,141,5.53,779.76,0,0,1,0
2024-10-21 00:00:00,Chicken_Breast,144,5.53,796.14,0,0,0,0
2024-10-22 00:00:00,Chicken_Breast,153,5.53,846.67,0,0,0,0
2024-10-23 00:00:00,Chicken_Breast,160,5.53,884.71,0,0,0,0
2024-10-24 00:00:00,Chicken_Breast,144,5.53,796.12,0,0,0,0
2024-10-25 00:00:00,Chicken_Breast,149,5.53,824.37,0,0,0,0
2024-10-26 00:00:00,Chicken_Breast,143,5.54,791.73,0,0,1,0
2024-10-27 00:00:00,Chicken_Breast,137,5.54,758.62,0,0,1,0
2024-10-28 00:00:00,Chicken_Breast,140,5.54,775.29,0,0,0,0
2024-10-29 00:00:00,Chicken_Breast,147,5.53,813.39,0,0,0,0
2024-10-30 00:00:00,Chicken_Breast,179,5.53,990.18,0,0,0,0
2024-10-31 00:00:00,Chicken_Breast,151,5.53,835.75,0,0,0,0
2024-11-01 00:00:00,Chicken_Breast,123,5.54,681.03,0,0,0,0
2024-11-02 00:00:00,Chicken_Breast,145,5.53,802.44,0,0,1,0
2024-11-03 00:00:00,Chicken_Breast,142,5.54,786.88,0,0,1,0
2024-11-04 00:00:00,Chicken_Breast,145,5.54,803.2,0,0,0,0
2024-11-05 00:00:00,Chicken_Breast,140,5.54,775.99,0,0,0,0
2024-11-06 00:00:00,Chicken_Breast,164,5.54,908.3,0,0,0,0
2024-11-07 00:00:00,Chicken_Breast,157,5.54,869.29,0,0,0,0
2024-11-08 00:00:00,Chicken_Breast,133,5.53,736,0,0,0,0
2024-11-09 00:00:00,Chicken_Breast,132,5.53,729.68,0,0,1,0
2024-11-10 00:00:00,Chicken_Breast,143,5.54,791.64,0,0,1,0
2024-11-11 00:00:00,Chicken_Breast,170,5.53,939.6,0,1,0,0
2024-11-12 00:00:00,Chicken_Breast,152,5.53,840.3,0,0,0,0
2024-11-13 00:00:00,Chicken_Breast,171,5.52,944.12,0,0,0,0
2024-11-14 00:00:00,Chicken_Breast,158,5.52,872.42,0,0,0,0
2024-11-15 00:00:00,Chicken_Breast,152,5.52,839.15,0,0,0,0
2024-11-16 00:00:00,Chicken_Breast,141,5.52,778.17,0,0,1,0
2024-11-17 00:00:00,Chicken_Breast,147,5.51,809.78,0,0,1,0
2024-11-18 00:00:00,Chicken_Breast,117,5.5,643.55,0,0,0,0
2024-11-19 00:00:00,Chicken_Breast,182,5.5,1001.39,0,0,0,0
2024-11-20 00:00:00,Chicken_Breast,169,5.51,930.64,0,0,0,0
2024-11-21 00:00:00,Chicken_Breast,164,5.51,903.48,0,0,0,0
2024-11-22 00:00:00,Chicken_Breast,140,5.5,769.84,0,0,0,0
2024-11-23 00:00:00,Chicken_Breast,139,5.5,764.76,0,0,1,0
2024-11-24 00:00:00,Chicken_Breast,146,5.51,804.26,0,0,1,0
2024-11-25 00:00:00,Chicken_Breast,179,5.11,914.89,1,0,0,0
2024-11-26 00:00:00,Chicken_Breast,206,4.87,1002.52,1,0,0,0
2024-11-27 00:00:00,Chicken_Breast,207,4.94,1022.83,1,0,0,0
2024-11-28 00:00:00,Chicken_Breast,207,5.15,1066.29,1,1,0,0
2024-11-29 00:00:00,Chicken_Breast,180,4.95,890.65,1,0,0,0
2024-11-30 00:00:00,Chicken_Breast,177,5.17,915.92,1,0,1,0
2024-12-01 00:00:00,Chicken_Breast,189,4.96,937.93,1,0,1,0
2024-12-02 00:00:00,Chicken_Breast,148,5.51,815.38,0,0,0,0
2024-12-03 00:00:00,Chicken_Breast,179,5.5,984.62,0,0,0,0
2024-12-04 00:00:00,Chicken_Breast,163,5.49,895.62,0,0,0,0
2024-12-05 00:00:00,Chicken_Breast,166,5.5,912.36,0,0,0,0
2024-12-06 00:00:00,Chicken_Breast,135,5.5,741.89,0,0,0,0
2024-12-07 00:00:00,Chicken_Breast,144,5.49,790.66,0,0,1,0
2024-12-08 00:00:00,Chicken_Breast,158,5.5,868.22,0,0,1,0
2024-12-09 00:00:00,Chicken_Breast,150,5.49,823.64,0,0,0,0
2024-12-10 00:00:00,Chicken_Breast,158,5.49,868.07,0,0,0,0
2024-12-11 00:00:00,Chicken_Breast,175,5.5,962.68,0,0,0,0
2024-12-12 00:00:00,Chicken_Breast,178,5.51,980.41,0,0,0,0
2024-12-13 00:00:00,Chicken_Breast,155,5.51,854.03,0,0,0,0
2024-12-14 00:00:00,Chicken_Breast,148,5.51,815.65,0,0,1,0
2024-12-15 00:00:00,Chicken_Breast,146,5.51,804.6,0,0,1,0
2024-12-16 00:00:00,Chicken_Breast,162,5.52,894.75,0,0,0,0
2024-12-17 00:00:00,Chicken_Breast,155,5.52,856.1,0,0,0,0
2024-12-18 00:00:00,Chicken_Breast,205,5.11,1048.09,1,0,0,0
2024-12-19 00:00:00,Chicken_Breast,207,4.95,1024.42,1,0,0,0
2024-12-20 00:00:00,Chicken_Breast,184,5.24,963.35,1,0,0,0
2024-12-21 00:00:00,Chicken_Breast,186,5.08,944.08,1,0,1,0
2024-12-22 00:00:00,Chicken_Breast,203,4.98,1011.95,1,0,1,0
2024-12-23 00:00:00,Chicken_Breast,198,5.24,1038.13,1,0,0,0
2024-12-24 00:00:00,Chicken_Breast,203,5.15,1045.52,1,0,0,0
2024-12-25 00:00:00,Chicken_Breast,225,5.09,1144.68,1,1,0,0
2024-12-26 00:00:00,Chicken_Breast,212,5.1,1080.26,1,0,0,0
2024-12-27 00:00:00,Chicken_Breast,176,5.16,907.6,1,0,0,0
2024-12-28 00:00:00,Chicken_Breast,195,4.92,958.65,1,0,1,0
2024-12-29 00:00:00,Chicken_Breast,184,5.21,959.3,1,0,1,0
2024-12-30 00:00:00,Chicken_Breast,189,5.17,977.68,1,0,0,0
2024-12-31 00:00:00,Chicken_Breast,205,4.89,1002.3,1,0,0,0
2025-01-01 00:00:00,Chicken_Breast,183,5.49,1005.44,0,1,0,0
2025-01-02 00:00:00,Chicken_Breast,170,5.49,932.76,0,0,0,0
2025-01-03 00:00:00,Chicken_Breast,166,5.48,910.24,0,0,0,0
2025-01-04 00:00:00,Chicken_Breast,159,5.49,873.25,0,0,1,0
2025-01-05 00:00:00,Chicken_Breast,160,5.49,878.83,0,0,1,0
2025-01-06 00:00:00,Chicken_Breast,157,5.5,863.6,0,0,0,0
2025-01-07 00:00:00,Chicken_Breast,198,5.5,1089.72,0,0,0,0
2025-01-08 00:00:00,Chicken_Breast,188,5.51,1035.31,0,0,0,0
2025-01-09 00:00:00,Chicken_Breast,169,5.51,931.38,0,0,0,0
2025-01-10 00:00:00,Chicken_Breast,164,5.52,904.52,0,0,0,0
2025-01-11 00:00:00,Chicken_Breast,180,5.52,993.26,0,0,1,0
2025-01-12 00:00:00,Chicken_Breast,169,5.52,933.29,0,0,1,0
2025-01-13 00:00:00,Chicken_Breast,172,5.53,950.4,0,0,0,0
2025-01-14 00:00:00,Chicken_Breast,181,5.53,1001,0,0,0,0
2025-01-15 00:00:00,Chicken_Breast,169,5.53,934.8,0,0,0,0
2025-01-16 00:00:00,Chicken_Breast,181,5.53,1000.92,0,0,0,0
2025-01-17 00:00:00,Chicken_Breast,163,5.52,900.38,0,0,0,0
2025-01-18 00:00:00,Chicken_Breast,170,5.52,938.03,0,0,1,0
2025-01-19 00:00:00,Chicken_Breast,201,5.2,1045.25,1,0,1,0
2025-01-20 00:00:00,Chicken_Breast,212,4.92,1042.62,1,1,0,0
2025-01-21 00:00:00,Chicken_Breast,232,5.13,1189.35,1,0,0,0
2025-01-22 00:00:00,Chicken_Breast,215,5.06,1087.35,1,0,0,0
2025-01-23 00:00:00,Chicken_Breast,203,4.91,997.53,1,0,0,0
2025-01-24 00:00:00,Chicken_Breast,192,5.22,1001.93,1,0,0,0
2025-01-25 00:00:00,Chicken_Breast,158,5.52,872.11,0,0,1,0
2025-01-26 00:00:00,Chicken_Breast,183,5.52,1010.47,0,0,1,0
2025-01-27 00:00:00,Chicken_Breast,175,5.51,965,0,0,0,0
2025-01-28 00:00:00,Chicken_Breast,166,5.51,915.25,0,0,0,0
2025-01-29 00:00:00,Chicken_Breast,188,5.52,1037.78,0,0,0,0
2025-01-30 00:00:00,Chicken_Breast,170,5.52,938.49,0,0,0,0
2025-01-31 00:00:00,Chicken_Breast,152,5.52,839.71,0,0,0,0
2025-02-01 00:00:00,Chicken_Breast,172,5.52,949.93,0,0,1,0
2025-02-02 00:00:00,Chicken_Breast,163,5.53,901.85,0,0,1,0
2025-02-03 00:00:00,Chicken_Breast,158,5.53,874.32,0,0,0,0
2025-02-04 00:00:00,Chicken_Breast,178,5.53,983.76,0,0,0,0
2025-02-05 00:00:00,Chicken_Breast,181,5.52,999.74,0,0,0,0
2025-02-06 00:00:00,Chicken_Breast,173,5.52,954.37,0,0,0,0
2025-02-07 00:00:00,Chicken_Breast,167,5.51,921,0,0,0,0
2025-02-08 00:00:00,Chicken_Breast,161,5.51,887.88,0,0,1,0
2025-02-09 00:00:00,Chicken_Breast,177,5.51,974.83,0,0,1,0
2025-02-10 00:00:00,Chicken_Breast,150,5.5,824.96,0,0,0,0
2025-02-11 00:00:00,Chicken_Breast,216,4.84,1044.41,1,0,0,0
2025-02-12 00:00:00,Chicken_Breast,219,4.9,1072.01,1,0,0,0
2025-02-13 00:00:00,Chicken_Breast,226,4.89,1104.03,1,0,0,0
2025-02-14 00:00:00,Chicken_Breast,228,4.84,1102.72,1,0,0,0
2025-02-15 00:00:00,Chicken_Breast,208,4.89,1018,1,0,1,0
2025-02-16 00:00:00,Chicken_Breast,212,5.14,1089.78,1,0,1,0
2025-02-17 00:00:00,Chicken_Breast,207,5.49,1135.63,0,1,0,0
2025-02-18 00:00:00,Chicken_Breast,182,5.49,999.2,0,0,0,0
2025-02-19 00:00:00,Chicken_Breast,197,5.49,1082.32,0,0,0,0
2025-02-20 00:00:00,Chicken_Breast,189,5.49,1037.56,0,0,0,0
2025-02-21 00:00:00,Chicken_Breast,178,5.49,977,0,0,0,0
2025-02-22 00:00:00,Chicken_Breast,165,5.49,906.17,0,0,1,0
2025-02-23 00:00:00,Chicken_Breast,179,5.49,982.61,0,0,1,0
2025-02-24 00:00:00,Chicken_Breast,171,5.5,940.31,0,0,0,0
2025-02-25 00:00:00,Chicken_Breast,187,5.5,1027.59,0,0,0,0
2025-02-26 00:00:00,Chicken_Breast,190,5.49,1043.27,0,0,0,0
2025-02-27 00:00:00,Chicken_Breast,198,5.49,1087.06,0,0,0,0
2025-02-28 00:00:00,Chicken_Breast,158,5.5,868.67,0,0,0,0
2025-03-01 00:00:00,Chicken_Breast,155,5.49,851.22,0,0,1,0
2025-03-02 00:00:00,Chicken_Breast,188,5.5,1033.53,0,0,1,0
2025-03-03 00:00:00,Chicken_Breast,182,5.49,1000.07,0,0,0,0
2025-03-04 00:00:00,Chicken_Breast,188,5.49,1031.58,0,0,0,0
2025-03-05 00:00:00,Chicken_Breast,197,5.49,1081.53,0,0,0,0
2025-03-06 00:00:00,Chicken_Breast,196,5.48,1075.03,0,0,0,0
2025-03-07 00:00:00,Chicken_Breast,159,5.48,871.07,0,0,0,0
2025-03-08 00:00:00,Chicken_Breast,188,5.48,1030.35,0,0,1,0
2025-03-09 00:00:00,Chicken_Breast,182,5.48,997.73,0,0,1,0
2025-03-10 00:00:00,Chicken_Breast,176,5.47,963.5,0,0,0,0
2025-03-11 00:00:00,Chicken_Breast,187,5.48,1024.76,0,0,0,0
2025-03-12 00:00:00,Chicken_Breast,194,5.49,1064.48,0,0,0,0
2025-03-13 00:00:00,Chicken_Breast,194,5.49,1064.14,0,0,0,0
2025-03-14 00:00:00,Chicken_Breast,177,5.48,970.45,0,0,0,0
2025-03-15 00:00:00,Chicken_Breast,164,5.49,900.32,0,0,1,0
2025-03-16 00:00:00,Chicken_Breast,187,5.49,1026.4,0,0,1,0
2025-03-17 00:00:00,Chicken_Breast,188,5.49,1031.22,0,0,0,0
2025-03-18 00:00:00,Chicken_Breast,188,5.48,1030.9,0,0,0,0
2025-03-19 00:00:00,Chicken_Breast,209,5.48,1145.96,0,0,0,0
2025-03-20 00:00:00,Chicken_Breast,202,5.49,1108.17,0,0,0,0
2025-03-21 00:00:00,Chicken_Breast,211,5.12,1079.48,1,0,0,0
2025-03-22 00:00:00,Chicken_Breast,224,4.92,1102.36,1,0,1,0
2025-03-23 00:00:00,Chicken_Breast,195,5.11,996.02,1,0,1,0
2025-03-24 00:00:00,Chicken_Breast,221,5.14,1136.39,1,0,0,0
2025-03-25 00:00:00,Chicken_Breast,229,4.88,1117.97,1,0,0,0
2025-03-26 00:00:00,Chicken_Breast,220,5.16,1134.96,1,0,0,0
2025-03-27 00:00:00,Chicken_Breast,184,5.49,1010.98,0,0,0,0
2025-03-28 00:00:00,Chicken_Breast,176,5.49,966.03,0,0,0,0
2025-03-29 00:00:00,Chicken_Breast,180,5.48,986.87,0,0,1,0
2025-03-30 00:00:00,Chicken_Breast,173,5.47,946.88,0,0,1,0
2025-03-31 00:00:00,Chicken_Breast,185,5.48,1013.42,0,0,0,0
2025-04-01 00:00:00,Chicken_Breast,192,5.48,1051.45,0,0,0,0
2025-04-02 00:00:00,Chicken_Breast,201,5.48,1101.26,0,0,0,0
2025-04-03 00:00:00,Chicken_Breast,211,5.47,1154.22,0,0,0,0
2025-04-04 00:00:00,Chicken_Breast,176,5.47,962.29,0,0,0,0
2025-04-05 00:00:00,Chicken_Breast,175,5.47,957.1,0,0,1,0
2025-04-06 00:00:00,Chicken_Breast,185,5.47,1011.11,0,0,1,0
2025-04-07 00:00:00,Chicken_Breast,181,5.46,988.07,0,0,0,0
2025-04-08 00:00:00,Chicken_Breast,213,5.47,1164.68,0,0,0,0
2025-04-09 00:00:00,Chicken_Breast,196,5.48,1073.44,0,0,0,0
2025-04-10 00:00:00,Chicken_Breast,172,5.46,939.92,0,0,0,0
2025-04-11 00:00:00,Chicken_Breast,168,5.46,918.02,0,0,0,0
2025-04-12 00:00:00,Chicken_Breast,184,5.47,1005.95,0,0,1,0
2025-04-13 00:00:00,Chicken_Breast,181,5.47,990.29,0,0,1,0
2025-04-14 00:00:00,Chicken_Breast,182,5.47,996.01,0,0,0,0
2025-04-15 00:00:00,Chicken_Breast,202,5.46,1103,0,0,0,0
2025-04-16 00:00:00,Chicken_Breast,199,5.46,1085.78,0,0,0,0
2025-04-17 00:00:00,Chicken_Breast,179,5.45,975.07,0,0,0,0
2025-04-18 00:00:00,Chicken_Breast,161,5.45,876.77,0,0,0,0
2025-04-19 00:00:00,Chicken_Breast,165,5.45,898.55,0,0,1,0
2025-04-20 00:00:00,Chicken_Breast,182,5.44,989.99,0,0,1,0
2025-04-21 00:00:00,Chicken_Breast,182,5.44,990.58,0,0,0,0
2025-04-22 00:00:00,Chicken_Breast,187,5.44,1016.96,0,0,0,0
2025-04-23 00:00:00,Chicken_Breast,187,5.44,1017.93,0,0,0,0
2025-04-24 00:00:00,Chicken_Breast,185,5.45,1007.37,0,0,0,0
2025-04-25 00:00:00,Chicken_Breast,156,5.44,848.86,0,0,0,0
2025-04-26 00:00:00,Chicken_Breast,177,5.44,962.98,0,0,1,0
2025-04-27 00:00:00,Chicken_Breast,179,5.44,974.55,0,0,1,0
2025-04-28 00:00:00,Chicken_Breast,175,5.44,952.66,0,0,0,0
2025-04-29 00:00:00,Chicken_Breast,184,5.44,1001.48,0,0,0,0
2025-04-30 00:00:00,Chicken_Breast,199,5.45,1083.6,0,0,0,0
2025-05-01 00:00:00,Chicken_Breast,201,5.44,1093.75,0,0,0,0
2025-05-02 00:00:00,Chicken_Breast,158,5.45,860.39,0,0,0,0
2025-05-03 00:00:00,Chicken_Breast,184,5.45,1002.77,0,0,1,0
2025-05-04 00:00:00,Chicken_Breast,177,5.45,964.81,0,0,1,0
2025-05-05 00:00:00,Chicken_Breast,148,5.44,805.53,0,0,0,0
2025-05-06 00:00:00,Chicken_Breast,178,5.44,968.41,0,0,0,0
2025-05-07 00:00:00,Chicken_Breast,182,5.44,989.69,0,0,0,0
2025-05-08 00:00:00,Chicken_Breast,177,5.44,962.46,0,0,0,0
2025-05-09 00:00:00,Chicken_Breast,180,5.44,978.91,0,0,0,0
2025-05-10 00:00:00,Chicken_Breast,206,4.86,1000.7,1,0,1,0
2025-05-11 00:00:00,Chicken_Breast,216,5.09,1099.2,1,0,1,0
2025-05-12 00:00:00,Chicken_Breast,227,5.03,1141.99,1,0,0,0
2025-05-13 00:00:00,Chicken_Breast,221,4.96,1095.44,1,0,0,0
2025-05-14 00:00:00,Chicken_Breast,223,5.07,1129.64,1,0,0,0
2025-05-15 00:00:00,Chicken_Breast,231,4.79,1106.41,1,0,0,0
2025-05-16 00:00:00,Chicken_Breast,172,5.44,935.12,0,0,0,0
2025-05-17 00:00:00,Chicken_Breast,173,5.43,940,0,0,1,0
2025-05-18 00:00:00,Chicken_Breast,183,5.45,996.49,0,0,1,0
2025-05-19 00:00:00,Chicken_Breast,181,5.45,986.86,0,0,0,0
2025-05-20 00:00:00,Chicken_Breast,188,5.45,1025.43,0,0,0,0
2025-05-21 00:00:00,Chicken_Breast,206,5.45,1123.41,0,0,0,0
2025-05-22 00:00:00,Chicken_Breast,173,5.46,944.78,0,0,0,0
2025-05-23 00:00:00,Chicken_Breast,151,5.46,824.42,0,0,0,0
2025-05-24 00:00:00,Chicken_Breast,193,5.45,1052.76,0,0,1,0
2025-05-25 00:00:00,Chicken_Breast,158,5.45,861.85,0,0,1,0
2025-05-26 00:00:00,Chicken_Breast,188,5.45,1024.31,0,1,0,0
2025-05-27 00:00:00,Chicken_Breast,175,5.44,952.49,0,0,0,0
2025-05-28 00:00:00,Chicken_Breast,176,5.45,958.53,0,0,0,0
2025-05-29 00:00:00,Chicken_Breast,193,5.44,1050.12,0,0,0,0
2025-05-30 00:00:00,Chicken_Breast,172,5.45,936.6,0,0,0,0
2025-05-31 00:00:00,Chicken_Breast,150,5.44,816.07,0,0,1,0
2025-06-01 00:00:00,Chicken_Breast,167,5.44,908.21,0,0,1,0
2025-06-02 00:00:00,Chicken_Breast,174,5.44,947.03,0,0,0,0
2025-06-03 00:00:00,Chicken_Breast,195,5.44,1061.37,0,0,0,0
2025-06-04 00:00:00,Chicken_Breast,191,5.45,1041.06,0,0,0,0
2025-06-05 00:00:00,Chicken_Breast,159,5.45,866.41,0,0,0,0
2025-06-06 00:00:00,Chicken_Breast,150,5.44,815.78,0,0,0,0
2025-06-07 00:00:00,Chicken_Breast,152,5.45,828.18,0,0,1,0
2025-06-08 00:00:00,Chicken_Breast,174,5.44,947.07,0,0,1,0
2025-06-09 00:00:00,Chicken_Breast,154,5.45,838.81,0,0,0,0
2025-06-10 00:00:00,Chicken_Breast,170,5.45,926.87,0,0,0,0
2025-06-11 00:00:00,Chicken_Breast,169,5.44,920.1,0,0,0,0
2025-06-12 00:00:00,Chicken_Breast,179,5.45,975.04,0,0,0,0
2025-06-13 00:00:00,Chicken_Breast,151,5.45,823.1,0,0,0,0
2025-06-14 00:00:00,Chicken_Breast,169,5.46,922.03,0,0,1,0
2025-06-15 00:00:00,Chicken_Breast,159,5.46,867.87,0,0,1,0
2025-06-16 00:00:00,Chicken_Breast,153,5.46,835.46,0,0,0,0
2025-06-17 00:00:00,Chicken_Breast,176,5.45,960.01,0,0,0,0
2025-06-18 00:00:00,Chicken_Breast,178,5.45,970.05,0,0,0,0
2025-06-19 00:00:00,Chicken_Breast,177,5.45,964.76,0,1,0,0
2025-06-20 00:00:00,Chicken_Breast,163,5.45,888.9,0,0,0,0
2025-06-21 00:00:00,Chicken_Breast,162,5.45,882.88,0,0,1,0
2025-06-22 00:00:00,Chicken_Breast,165,5.45,899.04,0,0,1,0
2025-06-23 00:00:00,Chicken_Breast,169,5.45,921.23,0,0,0,0
2025-06-24 00:00:00,Chicken_Breast,171,5.45,932.67,0,0,0,0
2025-06-25 00:00:00,Chicken_Breast,178,5.44,968.67,0,0,0,0
2025-06-26 00:00:00,Chicken_Breast,159,5.44,865.63,0,0,0,0
2025-06-27 00:00:00,Chicken_Breast,165,5.44,898.1,0,0,0,0
2025-06-28 00:00:00,Chicken_Breast,158,5.45,861.03,0,0,1,0
2025-06-29 00:00:00,Chicken_Breast,159,5.45,866.42,0,0,1,0
2025-06-30 00:00:00,Chicken_Breast,159,5.44,864.78,0,0,0,0
2025-07-01 00:00:00,Chicken_Breast,155,5.45,844.64,0,0,0,0
2025-07-02 00:00:00,Chicken_Breast,201,5.45,1096.14,0,0,0,0
2025-07-03 00:00:00,Chicken_Breast,177,5.46,965.65,0,0,0,0
2025-07-04 00:00:00,Chicken_Breast,156,5.46,851.68,0,1,0,0
2025-07-05 00:00:00,Chicken_Breast,151,5.46,824.49,0,0,1,0
2025-07-06 00:00:00,Chicken_Breast,169,5.45,921.23,0,0,1,0
2025-07-07 00:00:00,Chicken_Breast,165,5.45,899.58,0,0,0,0
2025-07-08 00:00:00,Chicken_Breast,179,5.45,975.35,0,0,0,0
2025-07-09 00:00:00,Chicken_Breast,154,5.44,838.21,0,0,0,0
2025-07-10 00:00:00,Chicken_Breast,173,5.44,941.57,0,0,0,0
2025-07-11 00:00:00,Chicken_Breast,151,5.44,821.63,0,0,0,0
2025-07-12 00:00:00,Chicken_Breast,169,5.45,920.61,0,0,1,0
2025-07-13 00:00:00,Chicken_Breast,144,5.45,784.52,0,0,1,0
2025-07-14 00:00:00,Chicken_Breast,159,5.45,866.84,0,0,0,0
2025-07-15 00:00:00,Chicken_Breast,178,5.45,970.96,0,0,0,0
2025-07-16 00:00:00,Chicken_Breast,163,5.46,889.64,0,0,0,0
2025-07-17 00:00:00,Chicken_Breast,181,5.45,987.16,0,0,0,0
2025-07-18 00:00:00,Chicken_Breast,137,5.46,747.53,0,0,0,0
2025-07-19 00:00:00,Chicken_Breast,147,5.45,801.8,0,0,1,0
2025-07-20 00:00:00,Chicken_Breast,155,5.46,845.85,0,0,1,0
2025-07-21 00:00:00,Chicken_Breast,165,5.45,899.39,0,0,0,0
2025-07-22 00:00:00,Chicken_Breast,152,5.45,828.19,0,0,0,0
2025-07-23 00:00:00,Chicken_Breast,178,5.45,969.97,0,0,0,0
2025-07-24 00:00:00,Chicken_Breast,160,5.46,873.31,0,0,0,0
2025-07-25 00:00:00,Chicken_Breast,150,5.46,818.75,0,0,0,0
2025-07-26 00:00:00,Chicken_Breast,152,5.46,829.58,0,0,1,0
2025-07-27 00:00:00,Chicken_Breast,142,5.46,775.11,0,0,1,0
2025-07-28 00:00:00,Chicken_Breast,144,5.46,786.3,0,0,0,0
2025-07-29 00:00:00,Chicken_Breast,153,5.46,835.53,0,0,0,0
2025-07-30 00:00:00,Chicken_Breast,170,5.47,929.07,0,0,0,0
2025-07-31 00:00:00,Chicken_Breast,166,5.46,906.86,0,0,0,0
2025-08-01 00:00:00,Chicken_Breast,151,5.46,824.54,0,0,0,0
2025-08-02 00:00:00,Chicken_Breast,137,5.47,749.41,0,0,1,0
2025-08-03 00:00:00,Chicken_Breast,144,5.47,788.01,0,0,1,0
2025-08-04 00:00:00,Chicken_Breast,146,5.47,798.81,0,0,0,0
2025-08-05 00:00:00,Chicken_Breast,188,5.46,1026.73,0,0,0,0
2025-08-06 00:00:00,Chicken_Breast,177,5.45,965.19,0,0,0,0
2025-08-07 00:00:00,Chicken_Breast,167,5.45,910.97,0,0,0,0
2025-08-08 00:00:00,Chicken_Breast,169,4.89,826.56,1,0,0,0
2025-08-09 00:00:00,Chicken_Breast,178,5.02,893.54,1,0,1,0
2025-08-10 00:00:00,Chicken_Breast,189,5.19,980.96,1,0,1,0
2025-08-11 00:00:00,Chicken_Breast,183,5.11,935.3,1,0,0,0
2025-08-12 00:00:00,Chicken_Breast,203,4.92,998.5,1,0,0,0
2025-08-13 00:00:00,Chicken_Breast,197,5.12,1009.29,1,0,0,0
2025-08-14 00:00:00,Chicken_Breast,160,5.46,873.04,0,0,0,0
2025-08-15 00:00:00,Chicken_Breast,146,5.45,796.12,0,0,0,0
2025-08-16 00:00:00,Chicken_Breast,149,5.45,812.71,0,0,1,0
2025-08-17 00:00:00,Chicken_Breast,153,5.45,834.01,0,0,1,0
2025-08-18 00:00:00,Chicken_Breast,155,5.45,844.34,0,0,0,0
2025-08-19 00:00:00,Chicken_Breast,161,5.44,875.32,0,0,0,0
2025-08-20 00:00:00,Chicken_Breast,170,5.43,923.79,0,0,0,0
2025-08-21 00:00:00,Chicken_Breast,157,5.43,852.01,0,0,0,0
2025-08-22 00:00:00,Chicken_Breast,154,5.43,835.7,0,0,0,0
2025-08-23 00:00:00,Chicken_Breast,151,5.42,818.37,0,0,1,0
2025-08-24 00:00:00,Chicken_Breast,164,5.43,889.75,0,0,1,0
2025-08-25 00:00:00,Chicken_Breast,147,5.42,797.35,0,0,0,0
2025-08-26 00:00:00,Chicken_Breast,148,5.43,803.04,0,0,0,0
2025-08-27 00:00:00,Chicken_Breast,158,5.42,856.9,0,0,0,0
2025-08-28 00:00:00,Chicken_Breast,158,5.42,856.82,0,0,0,0
2025-08-29 00:00:00,Chicken_Breast,151,5.43,819.74,0,0,0,0
2025-08-30 00:00:00,Chicken_Breast,132,5.43,716.74,0,0,1,0
2025-08-31 00:00:00,Chicken_Breast,140,5.44,761.43,0,0,1,0
2025-09-01 00:00:00,Chicken_Breast,164,5.44,892.54,0,1,0,0
2025-09-02 00:00:00,Chicken_Breast,150,5.44,815.88,0,0,0,0
2025-09-03 00:00:00,Chicken_Breast,175,5.44,951.52,0,0,0,0
2025-09-04 00:00:00,Chicken_Breast,141,5.44,767.14,0,0,0,0
2025-09-05 00:00:00,Chicken_Breast,153,5.43,831.44,0,0,0,0
2025-09-06 00:00:00,Chicken_Breast,148,5.43,803.36,0,0,1,0
2025-09-07 00:00:00,Chicken_Breast,138,5.43,749.56,0,0,1,0
2025-09-08 00:00:00,Chicken_Breast,145,5.44,788.18,0,0,0,0
2025-09-09 00:00:00,Chicken_Breast,166,5.44,902.32,0,0,0,0
2025-09-10 00:00:00,Chicken_Breast,160,5.43,868.38,0,0,0,0
2025-09-11 00:00:00,Chicken_Breast,171,5.43,928.43,0,0,0,0
2025-09-12 00:00:00,Chicken_Breast,144,5.42,781.18,0,0,0,0
2025-09-13 00:00:00,Chicken_Breast,159,5.03,800.38,1,0,1,0
2025-09-14 00:00:00,Chicken_Breast,183,5,914.23,1,0,1,0
2025-09-15 00:00:00,Chicken_Breast,175,5.08,888.29,1,0,0,0
2025-09-16 00:00:00,Chicken_Breast,215,4.93,1059.78,1,0,0,0
2025-09-17 00:00:00,Chicken_Breast,203,5.12,1040.28,1,0,0,0
2025-09-18 00:00:00,Chicken_Breast,192,5.1,978.27,1,0,0,0
2025-09-19 00:00:00,Chicken_Breast,148,5.43,802.98,0,0,0,0
2025-09-20 00:00:00,Chicken_Breast,154,5.43,835.99,0,0,1,0
2025-09-21 00:00:00,Chicken_Breast,143,5.42,775.08,0,0,1,0
2025-09-22 00:00:00,Chicken_Breast,143,5.42,775.45,0,0,0,0
2025-09-23 00:00:00,Chicken_Breast,152,5.42,824,0,0,0,0
2025-09-24 00:00:00,Chicken_Breast,153,5.43,831.05,0,0,0,0
2025-09-25 00:00:00,Chicken_Breast,145,5.43,787.71,0,0,0,0
2025-09-26 00:00:00,Chicken_Breast,156,5.44,848.6,0,0,0,0
2025-09-27 00:00:00,Chicken_Breast,125,5.44,680.22,0,0,1,0
2025-09-28 00:00:00,Chicken_Breast,135,5.44,734.42,0,0,1,0
2025-09-29 00:00:00,Chicken_Breast,132,5.44,718.25,0,0,0,0
2025-09-30 00:00:00,Chicken_Breast,161,5.43,874.95,0,0,0,0
2025-10-01 00:00:00,Chicken_Breast,163,5.42,883.91,0,0,0,0
2025-10-02 00:00:00,Chicken_Breast,157,5.42,851.12,0,0,0,0
2025-10-03 00:00:00,Chicken_Breast,130,5.42,704.68,0,0,0,0
2025-10-04 00:00:00,Chicken_Breast,137,5.42,742.35,0,0,1,0
2025-10-05 00:00:00,Chicken_Breast,147,5.41,795.13,0,0,1,0
2025-10-06 00:00:00,Chicken_Breast,132,5.41,713.53,0,0,0,0
2025-10-07 00:00:00,Chicken_Breast,145,5.41,783.91,0,0,0,0
2025-10-08 00:00:00,Chicken_Breast,147,5.41,795.29,0,0,0,0
2025-10-09 00:00:00,Chicken_Breast,150,5.42,812.93,0,0,0,0
2025-10-10 00:00:00,Chicken_Breast,137,5.41,741.7,0,0,0,0
2025-10-11 00:00:00,Chicken_Breast,143,5.41,774.13,0,0,1,0
2025-10-12 00:00:00,Chicken_Breast,149,5.41,806.75,0,0,1,0
2025-10-13 00:00:00,Chicken_Breast,158,5.41,854.97,0,1,0,0
2025-10-14 00:00:00,Chicken_Breast,163,5.4,880.75,0,0,0,0
2025-10-15 00:00:00,Chicken_Breast,152,5.4,820.21,0,0,0,0
2025-10-16 00:00:00,Chicken_Breast,147,5.39,792.69,0,0,0,0
2025-10-17 00:00:00,Chicken_Breast,124,5.4,669.03,0,0,0,0
2025-10-18 00:00:00,Chicken_Breast,128,5.4,691.11,0,0,1,0
2025-10-19 00:00:00,Chicken_Breast,146,5.4,788.02,0,0,1,0
2025-10-20 00:00:00,Chicken_Breast,140,5.4,755.31,0,0,0,0
2025-10-21 00:00:00,Chicken_Breast,154,5.4,831.38,0,0,0,0
2025-10-22 00:00:00,Chicken_Breast,156,5.4,842.91,0,0,0,0
2025-10-23 00:00:00,Chicken_Breast,156,5.4,841.92,0,0,0,0
2025-10-24 00:00:00,Chicken_Breast,146,5.39,787.41,0,0,0,0
2025-10-25 00:00:00,Chicken_Breast,144,5.4,776.93,0,0,1,0
2025-10-26 00:00:00,Chicken_Breast,158,5.39,851.09,0,0,1,0
2025-10-27 00:00:00,Chicken_Breast,150,5.39,808.08,0,0,0,0
2025-10-28 00:00:00,Chicken_Breast,173,5.39,932.33,0,0,0,0
2025-10-29 00:00:00,Chicken_Breast,167,5.38,899.24,0,0,0,0
2025-10-30 00:00:00,Chicken_Breast,153,5.38,823.74,0,0,0,0
2025-10-31 00:00:00,Chicken_Breast,130,5.38,699.36,0,0,0,0
2025-11-01 00:00:00,Chicken_Breast,140,5.37,751.71,0,0,1,0
2025-11-02 00:00:00,Chicken_Breast,158,5.37,848.83,0,0,1,0
2025-11-03 00:00:00,Chicken_Breast,151,5.36,809.75,0,0,0,0
2025-11-04 00:00:00,Chicken_Breast,154,5.37,826.68,0,0,0,0
2025-11-05 00:00:00,Chicken_Breast,169,5.38,908.95,0,0,0,0
2025-11-06 00:00:00,Chicken_Breast,165,5.38,888.09,0,0,0,0
2025-11-07 00:00:00,Chicken_Breast,151,5.38,812.54,0,0,0,0
2025-11-08 00:00:00,Chicken_Breast,157,5.38,844.03,0,0,1,0
2025-11-09 00:00:00,Chicken_Breast,159,5.37,854.58,0,0,1,0
2025-11-10 00:00:00,Chicken_Breast,153,5.38,823.84,0,0,0,0
2025-11-11 00:00:00,Chicken_Breast,179,5.39,965.11,0,1,0,0
2025-11-12 00:00:00,Chicken_Breast,166,5.39,894.67,0,0,0,0
2025-11-13 00:00:00,Chicken_Breast,168,5.39,905.99,0,0,0,0
2025-11-14 00:00:00,Chicken_Breast,146,5.39,786.97,0,0,0,0
2025-11-15 00:00:00,Chicken_Breast,137,5.38,737.41,0,0,1,0
2025-11-16 00:00:00,Chicken_Breast,129,5.39,695.18,0,0,1,0
2025-11-17 00:00:00,Chicken_Breast,156,5.39,841.41,0,0,0,0
2025-11-18 00:00:00,Chicken_Breast,158,5.4,852.54,0,0,0,0
2025-11-19 00:00:00,Chicken_Breast,168,5.39,905.83,0,0,0,0
2025-11-20 00:00:00,Chicken_Breast,153,5.39,824.39,0,0,0,0
2025-11-21 00:00:00,Chicken_Breast,155,5.39,835.72,0,0,0,0
2025-11-22 00:00:00,Chicken_Breast,160,5.39,863.13,0,0,1,0
2025-11-23 00:00:00,Chicken_Breast,142,5.39,766.06,0,0,1,0
2025-11-24 00:00:00,Chicken_Breast,197,4.96,977.98,1,0,0,0
2025-11-25 00:00:00,Chicken_Breast,202,4.75,959.64,1,0,0,0
2025-11-26 00:00:00,Chicken_Breast,211,4.92,1038.81,1,0,0,0
2025-11-27 00:00:00,Chicken_Breast,200,5.1,1019.43,1,1,0,0
2025-11-28 00:00:00,Chicken_Breast,200,4.76,951.93,1,0,0,0
2025-11-29 00:00:00,Chicken_Breast,199,5.06,1006.23,1,0,1,0
2025-11-30 00:00:00,Chicken_Breast,190,4.92,934.15,1,0,1,0
2025-12-01 00:00:00,Chicken_Breast,156,5.39,841.53,0,0,0,0
2025-12-02 00:00:00,Chicken_Breast,166,5.4,896.57,0,0,0,0
2025-12-03 00:00:00,Chicken_Breast,189,5.41,1022.4,0,0,0,0
2025-12-04 00:00:00,Chicken_Breast,169,5.4,912.83,0,0,0,0
2025-12-05 00:00:00,Chicken_Breast,156,5.41,843.44,0,0,0,0
2025-12-06 00:00:00,Chicken_Breast,186,5.09,946.85,1,0,1,0
2025-12-07 00:00:00,Chicken_Breast,190,5,949.5,1,0,1,0
2025-12-08 00:00:00,Chicken_Breast,199,4.79,952.5,1,0,0,0
2025-12-09 00:00:00,Chicken_Breast,210,4.84,1016.6,1,0,0,0
2025-12-10 00:00:00,Chicken_Breast,226,4.88,1103.76,1,0,0,0
2025-12-11 00:00:00,Chicken_Breast,203,4.99,1013.47,1,0,0,0
2025-12-12 00:00:00,Chicken_Breast,156,5.4,842.06,0,0,0,0
2025-12-13 00:00:00,Chicken_Breast,158,5.39,852.29,0,0,1,0
2025-12-14 00:00:00,Chicken_Breast,147,5.39,791.73,0,0,1,0
2025-12-15 00:00:00,Chicken_Breast,179,5.39,964.06,0,0,0,0
2025-12-16 00:00:00,Chicken_Breast,169,5.39,910.29,0,0,0,0
2025-12-17 00:00:00,Chicken_Breast,179,5.39,964.23,0,0,0,0
2025-12-18 00:00:00,Chicken_Breast,220,4.93,1084.07,1,0,0,0
2025-12-19 00:00:00,Chicken_Breast,204,4.77,974.05,1,0,0,0
2025-12-20 00:00:00,Chicken_Breast,191,5.11,976.65,1,0,1,0
2025-12-21 00:00:00,Chicken_Breast,214,4.8,1026.98,1,0,1,0
2025-12-22 00:00:00,Chicken_Breast,181,4.83,874.58,1,0,0,0
2025-12-23 00:00:00,Chicken_Breast,201,4.98,1000.5,1,0,0,0
2025-12-24 00:00:00,Chicken_Breast,207,4.84,1001.81,1,0,0,0
2025-12-25 00:00:00,Chicken_Breast,247,4.76,1175.36,1,1,0,0
2025-12-26 00:00:00,Chicken_Breast,174,4.94,860.01,1,0,0,0
2025-12-27 00:00:00,Chicken_Breast,177,4.83,855.13,1,0,1,0
2025-12-28 00:00:00,Chicken_Breast,218,4.81,1048.31,1,0,1,0
2025-12-29 00:00:00,Chicken_Breast,202,4.92,992.93,1,0,0,0
2025-12-30 00:00:00,Chicken_Breast,210,4.75,998.36,1,0,0,0
2025-12-31 00:00:00,Chicken_Breast,234,4.76,1113.04,1,0,0,0
2026-01-01 00:00:00,Chicken_Breast,173,5.39,932.71,0,1,0,0
2026-01-02 00:00:00,Chicken_Breast,163,5.39,878.85,0,0,0,0
2026-01-03 00:00:00,Chicken_Breast,155,5.39,836.16,0,0,1,0
2026-01-04 00:00:00,Chicken_Breast,155,5.4,836.48,0,0,1,0
2026-01-05 00:00:00,Chicken_Breast,175,5.39,943.62,0,0,0,0
2026-01-06 00:00:00,Chicken_Breast,165,5.39,889.76,0,0,0,0
2026-01-07 00:00:00,Chicken_Breast,175,5.38,942.08,0,0,0,0
2026-01-08 00:00:00,Chicken_Breast,159,5.38,856.03,0,0,0,0
2026-01-09 00:00:00,Chicken_Breast,153,5.39,825.37,0,0,0,0
2026-01-10 00:00:00,Chicken_Breast,164,5.39,883.48,0,0,1,0
2026-01-11 00:00:00,Chicken_Breast,167,5.39,899.32,0,0,1,0
2026-01-12 00:00:00,Chicken_Breast,182,5.37,977.27,0,0,0,0
2026-01-13 00:00:00,Chicken_Breast,185,5.37,992.63,0,0,0,0
2026-01-14 00:00:00,Chicken_Breast,174,5.36,931.98,0,0,0,0
2026-01-15 00:00:00,Chicken_Breast,158,5.36,846.14,0,0,0,0
2026-01-16 00:00:00,Chicken_Breast,155,5.36,830.63,0,0,0,0
2026-01-17 00:00:00,Chicken_Breast,159,5.36,851.99,0,0,1,0
2026-01-18 00:00:00,Chicken_Breast,170,5.36,912.04,0,0,1,0
2026-01-19 00:00:00,Chicken_Breast,195,5.37,1046.85,0,1,0,0
2026-01-20 00:00:00,Chicken_Breast,181,5.37,972.18,0,0,0,0
2026-01-21 00:00:00,Chicken_Breast,187,5.37,1004.49,0,0,0,0
2026-01-22 00:00:00,Chicken_Breast,192,5.37,1031.92,0,0,0,0
2026-01-23 00:00:00,Chicken_Breast,157,5.37,843.64,0,0,0,0
2026-01-24 00:00:00,Chicken_Breast,172,5.37,923.22,0,0,1,0
2026-01-25 00:00:00,Chicken_Breast,174,5.36,932.49,0,0,1,0
2026-01-26 00:00:00,Chicken_Breast,171,5.36,917.01,0,0,0,0
2026-01-27 00:00:00,Chicken_Breast,194,5.36,1040.8,0,0,0,0
2026-01-28 00:00:00,Chicken_Breast,180,5.37,966.87,0,0,0,0
2026-01-29 00:00:00,Chicken_Breast,198,5.37,1063.65,0,0,0,0
2026-01-30 00:00:00,Chicken_Breast,162,5.38,871.42,0,0,0,0
2026-01-31 00:00:00,Chicken_Breast,159,5.39,856.68,0,0,1,0
2026-02-01 00:00:00,Chicken_Breast,184,5.4,992.74,0,0,1,0
2026-02-02 00:00:00,Chicken_Breast,168,5.39,905.91,0,0,0,0
2026-02-03 00:00:00,Chicken_Breast,196,5.39,1057.38,0,0,0,0
2026-02-04 00:00:00,Chicken_Breast,200,5.4,1079.57,0,0,0,0
2026-02-05 00:00:00,Chicken_Breast,226,5.12,1156.67,1,0,0,0
2026-02-06 00:00:00,Chicken_Breast,208,5.09,1058.38,1,0,0,0
2026-02-07 00:00:00,Chicken_Breast,224,4.99,1118.51,1,0,1,0
2026-02-08 00:00:00,Chicken_Breast,199,4.81,957.57,1,0,1,0
2026-02-09 00:00:00,Chicken_Breast,203,4.86,986.35,1,0,0,0
2026-02-10 00:00:00,Chicken_Breast,241,5.11,1232.17,1,0,0,0
2026-02-11 00:00:00,Chicken_Breast,216,5.39,1164.7,0,0,0,0
2026-02-12 00:00:00,Chicken_Breast,175,5.39,943.31,0,0,0,0
2022-01-01 00:00:00,Coffee_Ground,115,7.99,918.85,0,0,1,0
2022-01-02 00:00:00,Coffee_Ground,108,8,863.49,0,0,1,0
2022-01-03 00:00:00,Coffee_Ground,111,7.99,887.25,0,0,0,0
2022-01-04 00:00:00,Coffee_Ground,121,7.98,965.53,0,0,0,0
2022-01-05 00:00:00,Coffee_Ground,148,7.04,1041.77,1,0,0,0
2022-01-06 00:00:00,Coffee_Ground,160,7.11,1138.33,1,0,0,0
2022-01-07 00:00:00,Coffee_Ground,135,7.42,1001.35,1,0,0,0
2022-01-08 00:00:00,Coffee_Ground,138,7.15,987.31,1,0,1,0
2022-01-09 00:00:00,Coffee_Ground,154,7.43,1144.26,1,0,1,0
2022-01-10 00:00:00,Coffee_Ground,125,7.1,887.51,1,0,0,0
2022-01-11 00:00:00,Coffee_Ground,104,8,832.13,0,0,0,0
2022-01-12 00:00:00,Coffee_Ground,131,8,1048.15,0,0,0,0
2022-01-13 00:00:00,Coffee_Ground,132,8.01,1057.37,0,0,0,0
2022-01-14 00:00:00,Coffee_Ground,113,8.01,905.69,0,0,0,0
2022-01-15 00:00:00,Coffee_Ground,109,8.01,873.56,0,0,1,0
2022-01-16 00:00:00,Coffee_Ground,115,8.03,923.38,0,0,1,0
2022-01-17 00:00:00,Coffee_Ground,127,8.03,1020.29,0,1,0,0
2022-01-18 00:00:00,Coffee_Ground,117,8.03,939.66,0,0,0,0
2022-01-19 00:00:00,Coffee_Ground,141,8.03,1132.9,0,0,0,0
2022-01-20 00:00:00,Coffee_Ground,115,8.02,922.5,0,0,0,0
2022-01-21 00:00:00,Coffee_Ground,103,8.02,826.31,0,0,0,0
2022-01-22 00:00:00,Coffee_Ground,100,8.02,802.49,0,0,1,0
2022-01-23 00:00:00,Coffee_Ground,132,8.02,1058.93,0,0,1,0
2022-01-24 00:00:00,Coffee_Ground,135,8.02,1083.18,0,0,0,0
2022-01-25 00:00:00,Coffee_Ground,133,8.02,1067.03,0,0,0,0
2022-01-26 00:00:00,Coffee_Ground,122,8.03,979.13,0,0,0,0
2022-01-27 00:00:00,Coffee_Ground,113,8.02,906.19,0,0,0,0
2022-01-28 00:00:00,Coffee_Ground,119,8.02,954.43,0,0,0,0
2022-01-29 00:00:00,Coffee_Ground,105,8.01,840.97,0,0,1,0
2022-01-30 00:00:00,Coffee_Ground,124,8,991.54,0,0,1,0
2022-01-31 00:00:00,Coffee_Ground,123,8,984.05,0,0,0,0
2022-02-01 00:00:00,Coffee_Ground,112,8.01,897.41,0,0,0,0
2022-02-02 00:00:00,Coffee_Ground,123,8.01,984.93,0,0,0,0
2022-02-03 00:00:00,Coffee_Ground,127,8,1016.55,0,0,0,0
2022-02-04 00:00:00,Coffee_Ground,115,8,919.96,0,0,0,0
2022-02-05 00:00:00,Coffee_Ground,112,8,895.79,0,0,1,0
2022-02-06 00:00:00,Coffee_Ground,120,8,959.58,0,0,1,0
2022-02-07 00:00:00,Coffee_Ground,100,7.99,798.78,0,0,0,0
2022-02-08 00:00:00,Coffee_Ground,134,7.99,1070.51,0,0,0,0
2022-02-09 00:00:00,Coffee_Ground,152,7.99,1214.74,0,0,0,0
2022-02-10 00:00:00,Coffee_Ground,131,7.99,1046.98,0,0,0,0
2022-02-11 00:00:00,Coffee_Ground,113,7.99,903.17,0,0,0,0
2022-02-12 00:00:00,Coffee_Ground,100,8,799.77,0,0,1,0
2022-02-13 00:00:00,Coffee_Ground,129,8,1032.23,0,0,1,0
2022-02-14 00:00:00,Coffee_Ground,118,8,943.88,0,0,0,0
2022-02-15 00:00:00,Coffee_Ground,141,8,1127.35,0,0,0,0
2022-02-16 00:00:00,Coffee_Ground,152,8,1215.95,0,0,0,0
2022-02-17 00:00:00,Coffee_Ground,120,7.99,959.25,0,0,0,0
2022-02-18 00:00:00,Coffee_Ground,124,8,991.9,0,0,0,0
2022-02-19 00:00:00,Coffee_Ground,119,8.01,952.71,0,0,1,0
2022-02-20 00:00:00,Coffee_Ground,117,7.99,935.25,0,0,1,0
2022-02-21 00:00:00,Coffee_Ground,125,7.99,998.86,0,1,0,0
2022-02-22 00:00:00,Coffee_Ground,126,7.99,1006.28,0,0,0,0
2022-02-23 00:00:00,Coffee_Ground,141,7.99,1126.57,0,0,0,0
2022-02-24 00:00:00,Coffee_Ground,112,8.01,896.79,0,0,0,0
2022-02-25 00:00:00,Coffee_Ground,116,8,927.99,0,0,0,0
2022-02-26 00:00:00,Coffee_Ground,115,8,919.55,0,0,1,0
2022-02-27 00:00:00,Coffee_Ground,108,8,864.46,0,0,1,0
2022-02-28 00:00:00,Coffee_Ground,114,8.01,912.81,0,0,0,0
2022-03-01 00:00:00,Coffee_Ground,144,8.02,1154.39,0,0,0,0
2022-03-02 00:00:00,Coffee_Ground,131,8.02,1050.15,0,0,0,0
2022-03-03 00:00:00,Coffee_Ground,129,8,1032.35,0,0,0,0
2022-03-04 00:00:00,Coffee_Ground,129,8,1032.13,0,0,0,0
2022-03-05 00:00:00,Coffee_Ground,113,8.01,904.9,0,0,1,0
2022-03-06 00:00:00,Coffee_Ground,119,8.02,954.03,0,0,1,0
2022-03-07 00:00:00,Coffee_Ground,137,8.01,1097.5,0,0,0,0
2022-03-08 00:00:00,Coffee_Ground,135,8,1080.02,0,0,0,0
2022-03-09 00:00:00,Coffee_Ground,148,8.01,1185.67,0,0,0,0
2022-03-10 00:00:00,Coffee_Ground,116,8.03,931.63,0,0,0,0
2022-03-11 00:00:00,Coffee_Ground,135,8.02,1082.89,0,0,0,0
2022-03-12 00:00:00,Coffee_Ground,98,8.02,786.44,0,0,1,0
2022-03-13 00:00:00,Coffee_Ground,119,8.03,955.5,0,0,1,0
2022-03-14 00:00:00,Coffee_Ground,122,8.03,980.06,0,0,0,0
2022-03-15 00:00:00,Coffee_Ground,141,8.03,1131.9,0,0,0,0
2022-03-16 00:00:00,Coffee_Ground,146,8.03,1171.87,0,0,0,0
2022-03-17 00:00:00,Coffee_Ground,144,8.03,1155.68,0,0,0,0
2022-03-18 00:00:00,Coffee_Ground,123,8.03,988.11,0,0,0,0
2022-03-19 00:00:00,Coffee_Ground,142,8.04,1141.4,0,0,1,0
2022-03-20 00:00:00,Coffee_Ground,123,8.03,987.43,0,0,1,0
2022-03-21 00:00:00,Coffee_Ground,141,8.03,1131.78,0,0,0,0
2022-03-22 00:00:00,Coffee_Ground,136,8.03,1091.81,0,0,0,0
2022-03-23 00:00:00,Coffee_Ground,138,8.04,1109.74,0,0,0,0
2022-03-24 00:00:00,Coffee_Ground,139,8.04,1117.47,0,0,0,0
2022-03-25 00:00:00,Coffee_Ground,124,8.04,996.71,0,0,0,0
2022-03-26 00:00:00,Coffee_Ground,118,8.05,949.8,0,0,1,0
2022-03-27 00:00:00,Coffee_Ground,101,8.04,812.47,0,0,1,0
2022-03-28 00:00:00,Coffee_Ground,133,8.03,1067.58,0,0,0,0
2022-03-29 00:00:00,Coffee_Ground,146,8.03,1172.79,0,0,0,0
2022-03-30 00:00:00,Coffee_Ground,135,8.02,1083.34,0,0,0,0
2022-03-31 00:00:00,Coffee_Ground,125,8.03,1003.32,0,0,0,0
2022-04-01 00:00:00,Coffee_Ground,116,8.03,931.15,0,0,0,0
2022-04-02 00:00:00,Coffee_Ground,124,8.03,995.7,0,0,1,0
2022-04-03 00:00:00,Coffee_Ground,116,8.03,931.57,0,0,1,0
2022-04-04 00:00:00,Coffee_Ground,126,8.04,1012.42,0,0,0,0
2022-04-05 00:00:00,Coffee_Ground,143,8.03,1148.03,0,0,0,0
2022-04-06 00:00:00,Coffee_Ground,147,8.03,1181.09,0,0,0,0
2022-04-07 00:00:00,Coffee_Ground,131,8.02,1050.8,0,0,0,0
2022-04-08 00:00:00,Coffee_Ground,124,8.01,993.69,0,0,0,0
2022-04-09 00:00:00,Coffee_Ground,122,8.02,978.3,0,0,1,0
2022-04-10 00:00:00,Coffee_Ground,128,8.01,1025.69,0,0,1,0
2022-04-11 00:00:00,Coffee_Ground,107,8.02,858.34,0,0,0,0
2022-04-12 00:00:00,Coffee_Ground,142,8.01,1138.05,0,0,0,0
2022-04-13 00:00:00,Coffee_Ground,134,8.02,1074.06,0,0,0,0
2022-04-14 00:00:00,Coffee_Ground,136,8.01,1089.76,0,0,0,0
2022-04-15 00:00:00,Coffee_Ground,111,8.02,890.3,0,0,0,0
2022-04-16 00:00:00,Coffee_Ground,114,8.02,914.78,0,0,1,0
2022-04-17 00:00:00,Coffee_Ground,161,7.51,1209.83,1,0,1,0
2022-04-18 00:00:00,Coffee_Ground,139,7.25,1007.35,1,0,0,0
2022-04-19 00:00:00,Coffee_Ground,161,7.14,1150.22,1,0,0,0
2022-04-20 00:00:00,Coffee_Ground,155,7.45,1154.61,1,0,0,0
2022-04-21 00:00:00,Coffee_Ground,153,7.45,1139.5,1,0,0,0
2022-04-22 00:00:00,Coffee_Ground,147,7.13,1048.7,1,0,0,0
2022-04-23 00:00:00,Coffee_Ground,111,8.02,890.25,0,0,1,0
2022-04-24 00:00:00,Coffee_Ground,126,8.02,1010.92,0,0,1,0
2022-04-25 00:00:00,Coffee_Ground,109,8.03,875.73,0,0,0,0
2022-04-26 00:00:00,Coffee_Ground,145,8.04,1166.06,0,0,0,0
2022-04-27 00:00:00,Coffee_Ground,138,8.05,1110.25,0,0,0,0
2022-04-28 00:00:00,Coffee_Ground,124,8.04,997.57,0,0,0,0
2022-04-29 00:00:00,Coffee_Ground,130,8.04,1044.87,0,0,0,0
2022-04-30 00:00:00,Coffee_Ground,104,8.04,835.98,0,0,1,0
2022-05-01 00:00:00,Coffee_Ground,138,8.04,1109.77,0,0,1,0
2022-05-02 00:00:00,Coffee_Ground,132,8.05,1062.66,0,0,0,0
2022-05-03 00:00:00,Coffee_Ground,148,8.06,1192.7,0,0,0,0
2022-05-04 00:00:00,Coffee_Ground,122,8.06,982.99,0,0,0,0
2022-05-05 00:00:00,Coffee_Ground,125,8.05,1006.81,0,0,0,0
2022-05-06 00:00:00,Coffee_Ground,133,8.06,1072.27,0,0,0,0
2022-05-07 00:00:00,Coffee_Ground,112,8.06,902.86,0,0,1,0
2022-05-08 00:00:00,Coffee_Ground,121,8.06,975.38,0,0,1,0
2022-05-09 00:00:00,Coffee_Ground,140,8.07,1129.23,0,0,0,0
2022-05-10 00:00:00,Coffee_Ground,119,8.06,958.77,0,0,0,0
2022-05-11 00:00:00,Coffee_Ground,144,8.05,1159.09,0,0,0,0
2022-05-12 00:00:00,Coffee_Ground,133,8.04,1069.1,0,0,0,0
2022-05-13 00:00:00,Coffee_Ground,114,8.04,916.11,0,0,0,0
2022-05-14 00:00:00,Coffee_Ground,117,8.04,940.21,0,0,1,0
2022-05-15 00:00:00,Coffee_Ground,114,8.03,915.21,0,0,1,0
2022-05-16 00:00:00,Coffee_Ground,132,8.03,1060.04,0,0,0,0
2022-05-17 00:00:00,Coffee_Ground,127,8.04,1020.6,0,0,0,0
2022-05-18 00:00:00,Coffee_Ground,134,8.04,1077.78,0,0,0,0
2022-05-19 00:00:00,Coffee_Ground,116,8.04,932.18,0,0,0,0
2022-05-20 00:00:00,Coffee_Ground,91,8.05,732.72,0,0,0,0
2022-05-21 00:00:00,Coffee_Ground,141,7.25,1022.56,1,0,1,0
2022-05-22 00:00:00,Coffee_Ground,144,7.23,1040.44,1,0,1,0
2022-05-23 00:00:00,Coffee_Ground,156,7.32,1141.59,1,0,0,0
2022-05-24 00:00:00,Coffee_Ground,173,7.18,1242.11,1,0,0,0
2022-05-25 00:00:00,Coffee_Ground,167,7.12,1189.36,1,0,0,0
2022-05-26 00:00:00,Coffee_Ground,141,7.62,1074.62,1,0,0,0
2022-05-27 00:00:00,Coffee_Ground,119,8.05,958.08,0,0,0,0
2022-05-28 00:00:00,Coffee_Ground,101,8.05,813.34,0,0,1,0
2022-05-29 00:00:00,Coffee_Ground,89,8.06,717.1,0,0,1,0
2022-05-30 00:00:00,Coffee_Ground,132,8.06,1064.51,0,1,0,0
2022-05-31 00:00:00,Coffee_Ground,131,8.07,1057.2,0,0,0,0
2022-06-01 00:00:00,Coffee_Ground,141,8.07,1137.86,0,0,0,0
2022-06-02 00:00:00,Coffee_Ground,148,8.06,1193,0,0,0,0
2022-06-03 00:00:00,Coffee_Ground,107,8.06,862.37,0,0,0,0
2022-06-04 00:00:00,Coffee_Ground,108,8.06,870.38,0,0,1,0
2022-06-05 00:00:00,Coffee_Ground,111,8.07,895.51,0,0,1,0
2022-06-06 00:00:00,Coffee_Ground,116,8.07,936.07,0,0,0,0
2022-06-07 00:00:00,Coffee_Ground,133,8.08,1074.44,0,0,0,0
2022-06-08 00:00:00,Coffee_Ground,122,8.08,985.43,0,0,0,0
2022-06-09 00:00:00,Coffee_Ground,113,8.06,911.32,0,0,0,0
2022-06-10 00:00:00,Coffee_Ground,112,8.07,904.12,0,0,0,0
2022-06-11 00:00:00,Coffee_Ground,120,8.05,966.47,0,0,1,0
2022-06-12 00:00:00,Coffee_Ground,104,8.06,838.65,0,0,1,0
2022-06-13 00:00:00,Coffee_Ground,102,8.07,823.39,0,0,0,0
2022-06-14 00:00:00,Coffee_Ground,154,7.2,1108.59,1,0,0,0
2022-06-15 00:00:00,Coffee_Ground,131,7.18,940.86,1,0,0,0
2022-06-16 00:00:00,Coffee_Ground,152,7.44,1131.25,1,0,0,0
2022-06-17 00:00:00,Coffee_Ground,127,7.33,930.43,1,0,0,0
2022-06-18 00:00:00,Coffee_Ground,140,7.55,1057.69,1,0,1,0
2022-06-19 00:00:00,Coffee_Ground,144,7.27,1046.95,1,0,1,0
2022-06-20 00:00:00,Coffee_Ground,113,8.09,913.68,0,1,0,0
2022-06-21 00:00:00,Coffee_Ground,127,8.08,1026.22,0,0,0,0
2022-06-22 00:00:00,Coffee_Ground,112,8.08,905.5,0,0,0,0
2022-06-23 00:00:00,Coffee_Ground,123,8.09,994.47,0,0,0,0
2022-06-24 00:00:00,Coffee_Ground,111,8.09,897.72,0,0,0,0
2022-06-25 00:00:00,Coffee_Ground,109,8.09,881.54,0,0,1,0
2022-06-26 00:00:00,Coffee_Ground,106,8.07,855.93,0,0,1,0
2022-06-27 00:00:00,Coffee_Ground,108,8.09,873.29,0,0,0,0
2022-06-28 00:00:00,Coffee_Ground,135,8.09,1091.82,0,0,0,0
2022-06-29 00:00:00,Coffee_Ground,122,8.09,986.93,0,0,0,0
2022-06-30 00:00:00,Coffee_Ground,106,8.07,855.88,0,0,0,0
2022-07-01 00:00:00,Coffee_Ground,107,8.07,863.42,0,0,0,0
2022-07-02 00:00:00,Coffee_Ground,102,8.08,823.89,0,0,1,0
2022-07-03 00:00:00,Coffee_Ground,103,8.07,830.81,0,0,1,0
2022-07-04 00:00:00,Coffee_Ground,99,8.07,799.01,0,1,0,0
2022-07-05 00:00:00,Coffee_Ground,116,8.07,936.24,0,0,0,0
2022-07-06 00:00:00,Coffee_Ground,134,8.07,1080.75,0,0,0,0
2022-07-07 00:00:00,Coffee_Ground,115,8.08,928.69,0,0,0,0
2022-07-08 00:00:00,Coffee_Ground,155,7.53,1166.43,1,0,0,0
2022-07-09 00:00:00,Coffee_Ground,128,7.22,923.7,1,0,1,0
2022-07-10 00:00:00,Coffee_Ground,120,7.24,868.75,1,0,1,0
2022-07-11 00:00:00,Coffee_Ground,136,7.43,1009.95,1,0,0,0
2022-07-12 00:00:00,Coffee_Ground,138,7.54,1039.91,1,0,0,0
2022-07-13 00:00:00,Coffee_Ground,151,7.44,1123.94,1,0,0,0
2022-07-14 00:00:00,Coffee_Ground,119,8.08,961.88,0,0,0,0
2022-07-15 00:00:00,Coffee_Ground,88,8.08,711.19,0,0,0,0
2022-07-16 00:00:00,Coffee_Ground,94,8.09,760.32,0,0,1,0
2022-07-17 00:00:00,Coffee_Ground,82,8.07,661.51,0,0,1,0
2022-07-18 00:00:00,Coffee_Ground,87,8.07,701.79,0,0,0,0
2022-07-19 00:00:00,Coffee_Ground,107,8.06,862.58,0,0,0,0
2022-07-20 00:00:00,Coffee_Ground,129,8.07,1041.15,0,0,0,0
2022-07-21 00:00:00,Coffee_Ground,118,8.07,952.38,0,0,0,0
2022-07-22 00:00:00,Coffee_Ground,78,8.07,629.31,0,0,0,0
2022-07-23 00:00:00,Coffee_Ground,72,8.07,580.86,0,0,1,0
2022-07-24 00:00:00,Coffee_Ground,86,8.07,693.88,0,0,1,0
2022-07-25 00:00:00,Coffee_Ground,93,8.07,750.68,0,0,0,0
2022-07-26 00:00:00,Coffee_Ground,118,8.07,951.86,0,0,0,0
2022-07-27 00:00:00,Coffee_Ground,130,8.07,1049.42,0,0,0,0
2022-07-28 00:00:00,Coffee_Ground,98,8.07,791.23,0,0,0,0
2022-07-29 00:00:00,Coffee_Ground,88,8.09,711.87,0,0,0,0
2022-07-30 00:00:00,Coffee_Ground,103,8.08,832.58,0,0,1,0
2022-07-31 00:00:00,Coffee_Ground,112,8.08,905.32,0,0,1,0
2022-08-01 00:00:00,Coffee_Ground,121,8.08,977.17,0,0,0,0
2022-08-02 00:00:00,Coffee_Ground,117,8.08,945.41,0,0,0,0
2022-08-03 00:00:00,Coffee_Ground,147,7.15,1051.78,1,0,0,0
2022-08-04 00:00:00,Coffee_Ground,127,7.39,937.97,1,0,0,0
2022-08-05 00:00:00,Coffee_Ground,145,7.53,1092.43,1,0,0,0
2022-08-06 00:00:00,Coffee_Ground,136,7.58,1030.43,1,0,1,0
2022-08-07 00:00:00,Coffee_Ground,144,7.14,1027.57,1,0,1,0
2022-08-08 00:00:00,Coffee_Ground,108,7.45,804.95,1,0,0,0
2022-08-09 00:00:00,Coffee_Ground,101,8.1,818.44,0,0,0,0
2022-08-10 00:00:00,Coffee_Ground,112,8.09,906.56,0,0,0,0
2022-08-11 00:00:00,Coffee_Ground,114,8.1,922.85,0,0,0,0
2022-08-12 00:00:00,Coffee_Ground,93,8.11,754.11,0,0,0,0
2022-08-13 00:00:00,Coffee_Ground,90,8.12,730.52,0,0,1,0
2022-08-14 00:00:00,Coffee_Ground,99,8.12,803.84,0,0,1,0
2022-08-15 00:00:00,Coffee_Ground,108,8.12,876.48,0,0,0,0
2022-08-16 00:00:00,Coffee_Ground,98,8.13,796.71,0,0,0,0
2022-08-17 00:00:00,Coffee_Ground,118,8.14,960.92,0,0,0,0
2022-08-18 00:00:00,Coffee_Ground,67,8.14,545.36,0,0,0,0
2022-08-19 00:00:00,Coffee_Ground,83,8.14,675.58,0,0,0,0
2022-08-20 00:00:00,Coffee_Ground,94,8.14,765.2,0,0,1,0
2022-08-21 00:00:00,Coffee_Ground,106,8.15,863.88,0,0,1,0
2022-08-22 00:00:00,Coffee_Ground,89,8.14,724.08,0,0,0,0
2022-08-23 00:00:00,Coffee_Ground,103,8.14,838.68,0,0,0,0
2022-08-24 00:00:00,Coffee_Ground,105,8.14,854.81,0,0,0,0
2022-08-25 00:00:00,Coffee_Ground,136,8.14,1107.13,0,0,0,0
2022-08-26 00:00:00,Coffee_Ground,79,8.14,643.3,0,0,0,0
2022-08-27 00:00:00,Coffee_Ground,79,8.13,642.09,0,0,1,0
2022-08-28 00:00:00,Coffee_Ground,70,8.11,568.03,0,0,1,0
2022-08-29 00:00:00,Coffee_Ground,85,8.11,689.57,0,0,0,0
2022-08-30 00:00:00,Coffee_Ground,102,8.12,827.87,0,0,0,0
2022-08-31 00:00:00,Coffee_Ground,103,8.12,836.19,0,0,0,0
2022-09-01 00:00:00,Coffee_Ground,109,8.12,885.35,0,0,0,0
2022-09-02 00:00:00,Coffee_Ground,71,8.12,576.6,0,0,0,0
2022-09-03 00:00:00,Coffee_Ground,87,8.13,707.27,0,0,1,0
2022-09-04 00:00:00,Coffee_Ground,105,8.13,853.47,0,0,1,0
2022-09-05 00:00:00,Coffee_Ground,107,8.12,868.67,0,1,0,0
2022-09-06 00:00:00,Coffee_Ground,108,8.1,874.31,0,0,0,0
2022-09-07 00:00:00,Coffee_Ground,120,8.09,970.27,0,0,0,0
2022-09-08 00:00:00,Coffee_Ground,119,8.08,961.92,0,0,0,0
2022-09-09 00:00:00,Coffee_Ground,87,8.09,703.63,0,0,0,0
2022-09-10 00:00:00,Coffee_Ground,97,8.08,783.57,0,0,1,0
2022-09-11 00:00:00,Coffee_Ground,89,8.08,718.99,0,0,1,0
2022-09-12 00:00:00,Coffee_Ground,84,8.09,679.73,0,0,0,0
2022-09-13 00:00:00,Coffee_Ground,112,8.1,906.74,0,0,0,0
2022-09-14 00:00:00,Coffee_Ground,102,8.1,826.15,0,0,0,0
2022-09-15 00:00:00,Coffee_Ground,111,8.11,900.25,0,0,0,0
2022-09-16 00:00:00,Coffee_Ground,101,8.1,817.71,0,0,0,0
2022-09-17 00:00:00,Coffee_Ground,78,8.11,632.46,0,0,1,0
2022-09-18 00:00:00,Coffee_Ground,86,8.1,696.38,0,0,1,0
2022-09-19 00:00:00,Coffee_Ground,87,8.09,704.05,0,0,0,0
2022-09-20 00:00:00,Coffee_Ground,95,8.09,768.32,0,0,0,0
2022-09-21 00:00:00,Coffee_Ground,124,8.1,1004.48,0,0,0,0
2022-09-22 00:00:00,Coffee_Ground,83,8.09,671.47,0,0,0,0
2022-09-23 00:00:00,Coffee_Ground,119,7.3,869,1,0,0,0
2022-09-24 00:00:00,Coffee_Ground,97,7.47,724.75,1,0,1,0
2022-09-25 00:00:00,Coffee_Ground,122,7.33,893.68,1,0,1,0
2022-09-26 00:00:00,Coffee_Ground,91,7.46,678.6,1,0,0,0
2022-09-27 00:00:00,Coffee_Ground,119,7.48,890.29,1,0,0,0
2022-09-28 00:00:00,Coffee_Ground,139,7.37,1024.42,1,0,0,0
2022-09-29 00:00:00,Coffee_Ground,107,8.08,864.54,0,0,0,0
2022-09-30 00:00:00,Coffee_Ground,81,8.09,654.9,0,0,0,0
2022-10-01 00:00:00,Coffee_Ground,83,8.08,670.65,0,0,1,0
2022-10-02 00:00:00,Coffee_Ground,103,8.08,832.28,0,0,1,0
2022-10-03 00:00:00,Coffee_Ground,90,8.09,727.66,0,0,0,0
2022-10-04 00:00:00,Coffee_Ground,101,8.09,816.6,0,0,0,0
2022-10-05 00:00:00,Coffee_Ground,113,8.07,912.02,0,0,0,0
2022-10-06 00:00:00,Coffee_Ground,131,8.06,1056.12,0,0,0,0
2022-10-07 00:00:00,Coffee_Ground,81,8.07,653.78,0,0,0,0
2022-10-08 00:00:00,Coffee_Ground,77,8.07,621.12,0,0,1,0
2022-10-09 00:00:00,Coffee_Ground,97,8.06,781.72,0,0,1,0
2022-10-10 00:00:00,Coffee_Ground,92,8.06,741.43,0,1,0,0
2022-10-11 00:00:00,Coffee_Ground,115,8.07,927.81,0,0,0,0
2022-10-12 00:00:00,Coffee_Ground,103,8.06,830.67,0,0,0,0
2022-10-13 00:00:00,Coffee_Ground,77,8.06,620.97,0,0,0,0
2022-10-14 00:00:00,Coffee_Ground,86,8.07,694.23,0,0,0,0
2022-10-15 00:00:00,Coffee_Ground,90,8.07,726.49,0,0,1,0
2022-10-16 00:00:00,Coffee_Ground,96,8.07,774.77,0,0,1,0
2022-10-17 00:00:00,Coffee_Ground,79,8.08,638.23,0,0,0,0
2022-10-18 00:00:00,Coffee_Ground,123,7.39,909.38,1,0,0,0
2022-10-19 00:00:00,Coffee_Ground,142,7.17,1018.56,1,0,0,0
2022-10-20 00:00:00,Coffee_Ground,119,7.48,890.45,1,0,0,0
2022-10-21 00:00:00,Coffee_Ground,129,7.58,978.45,1,0,0,0
2022-10-22 00:00:00,Coffee_Ground,98,7.12,697.74,1,0,1,0
2022-10-23 00:00:00,Coffee_Ground,125,7.58,947.71,1,0,1,0
2022-10-24 00:00:00,Coffee_Ground,95,8.09,768.65,0,0,0,0
2022-10-25 00:00:00,Coffee_Ground,92,8.1,745.07,0,0,0,0
2022-10-26 00:00:00,Coffee_Ground,114,8.1,923.17,0,0,0,0
2022-10-27 00:00:00,Coffee_Ground,102,8.11,827.16,0,0,0,0
2022-10-28 00:00:00,Coffee_Ground,82,8.1,664.29,0,0,0,0
2022-10-29 00:00:00,Coffee_Ground,82,8.09,663.76,0,0,1,0
2022-10-30 00:00:00,Coffee_Ground,85,8.09,687.37,0,0,1,0
2022-10-31 00:00:00,Coffee_Ground,109,8.1,883.05,0,0,0,0
2022-11-01 00:00:00,Coffee_Ground,101,8.11,819.11,0,0,0,0
2022-11-02 00:00:00,Coffee_Ground,99,8.1,802.35,0,0,0,0
2022-11-03 00:00:00,Coffee_Ground,110,8.09,889.74,0,0,0,0
2022-11-04 00:00:00,Coffee_Ground,93,8.1,753.03,0,0,0,0
2022-11-05 00:00:00,Coffee_Ground,83,8.11,673.22,0,0,1,0
2022-11-06 00:00:00,Coffee_Ground,97,8.12,787.6,0,0,1,0
2022-11-07 00:00:00,Coffee_Ground,86,8.13,699.46,0,0,0,0
2022-11-08 00:00:00,Coffee_Ground,102,8.13,829.06,0,0,0,0
2022-11-09 00:00:00,Coffee_Ground,121,8.12,982.45,0,0,0,0
2022-11-10 00:00:00,Coffee_Ground,101,8.12,820.56,0,0,0,0
2022-11-11 00:00:00,Coffee_Ground,115,8.13,934.56,0,1,0,0
2022-11-12 00:00:00,Coffee_Ground,97,8.14,789.99,0,0,1,0
2022-11-13 00:00:00,Coffee_Ground,93,8.14,757.38,0,0,1,0
2022-11-14 00:00:00,Coffee_Ground,110,8.14,895.54,0,0,0,0
2022-11-15 00:00:00,Coffee_Ground,125,8.14,1017.94,0,0,0,0
2022-11-16 00:00:00,Coffee_Ground,115,8.15,936.82,0,0,0,0
2022-11-17 00:00:00,Coffee_Ground,106,8.15,863.4,0,0,0,0
2022-11-18 00:00:00,Coffee_Ground,106,8.14,862.41,0,0,0,0
2022-11-19 00:00:00,Coffee_Ground,93,8.13,755.97,0,0,1,0
2022-11-20 00:00:00,Coffee_Ground,110,8.12,893.2,0,0,1,0
2022-11-21 00:00:00,Coffee_Ground,112,7.63,854.25,1,0,0,0
2022-11-22 00:00:00,Coffee_Ground,138,7.2,994.28,1,0,0,0
2022-11-23 00:00:00,Coffee_Ground,159,7.27,1155.97,1,0,0,0
2022-11-24 00:00:00,Coffee_Ground,138,7.44,1026.95,1,1,0,0
2022-11-25 00:00:00,Coffee_Ground,131,7.2,942.57,1,0,0,0
2022-11-26 00:00:00,Coffee_Ground,125,7.38,922.56,1,0,1,0
2022-11-27 00:00:00,Coffee_Ground,116,7.21,836.3,1,0,1,0
2022-11-28 00:00:00,Coffee_Ground,116,8.11,941.06,0,0,0,0
2022-11-29 00:00:00,Coffee_Ground,96,8.1,777.52,0,0,0,0
2022-11-30 00:00:00,Coffee_Ground,118,8.11,956.93,0,0,0,0
2022-12-01 00:00:00,Coffee_Ground,118,8.11,956.76,0,0,0,0
2022-12-02 00:00:00,Coffee_Ground,84,8.11,680.85,0,0,0,0
2022-12-03 00:00:00,Coffee_Ground,86,8.1,696.48,0,0,1,0
2022-12-04 00:00:00,Coffee_Ground,116,8.1,939.36,0,0,1,0
2022-12-05 00:00:00,Coffee_Ground,107,8.1,866.43,0,0,0,0
2022-12-06 00:00:00,Coffee_Ground,108,8.1,874.54,0,0,0,0
2022-12-07 00:00:00,Coffee_Ground,116,8.1,939.22,0,0,0,0
2022-12-08 00:00:00,Coffee_Ground,94,8.1,760.98,0,0,0,0
2022-12-09 00:00:00,Coffee_Ground,108,8.09,873.72,0,0,0,0
2022-12-10 00:00:00,Coffee_Ground,98,8.09,792.62,0,0,1,0
2022-12-11 00:00:00,Coffee_Ground,83,8.08,670.58,0,0,1,0
2022-12-12 00:00:00,Coffee_Ground,89,8.08,719.08,0,0,0,0
2022-12-13 00:00:00,Coffee_Ground,115,8.09,929.98,0,0,0,0
2022-12-14 00:00:00,Coffee_Ground,115,8.07,928.58,0,0,0,0
2022-12-15 00:00:00,Coffee_Ground,119,8.08,961.72,0,0,0,0
2022-12-16 00:00:00,Coffee_Ground,106,8.08,856.2,0,0,0,0
2022-12-17 00:00:00,Coffee_Ground,92,8.08,743.4,0,0,1,0
2022-12-18 00:00:00,Coffee_Ground,122,7.13,870.39,1,0,1,0
2022-12-19 00:00:00,Coffee_Ground,136,7.64,1038.91,1,0,0,0
2022-12-20 00:00:00,Coffee_Ground,134,7.29,977.5,1,0,0,0
2022-12-21 00:00:00,Coffee_Ground,151,7.65,1154.9,1,0,0,0
2022-12-22 00:00:00,Coffee_Ground,148,7.37,1090.19,1,0,0,0
2022-12-23 00:00:00,Coffee_Ground,142,7.45,1058.22,1,0,0,0
2022-12-24 00:00:00,Coffee_Ground,129,7.2,928.23,1,0,1,0
2022-12-25 00:00:00,Coffee_Ground,126,7.32,922.81,1,0,1,0
2022-12-26 00:00:00,Coffee_Ground,139,7.37,1023.83,1,1,0,0
2022-12-27 00:00:00,Coffee_Ground,157,7.34,1153.12,1,0,0,0
2022-12-28 00:00:00,Coffee_Ground,153,7.57,1158.04,1,0,0,0
2022-12-29 00:00:00,Coffee_Ground,126,7.34,924.74,1,0,0,0
2022-12-30 00:00:00,Coffee_Ground,149,7.64,1138.33,1,0,0,0
2022-12-31 00:00:00,Coffee_Ground,143,7.58,1083.71,1,0,1,0
2023-01-01 00:00:00,Coffee_Ground,104,8.1,842,0,0,1,0
2023-01-02 00:00:00,Coffee_Ground,116,8.1,939.04,0,1,0,0
2023-01-03 00:00:00,Coffee_Ground,104,8.1,841.93,0,0,0,0
2023-01-04 00:00:00,Coffee_Ground,118,8.09,955.18,0,0,0,0
2023-01-05 00:00:00,Coffee_Ground,104,8.09,841.58,0,0,0,0
2023-01-06 00:00:00,Coffee_Ground,102,8.09,824.91,0,0,0,0
2023-01-07 00:00:00,Coffee_Ground,133,8.08,1075.2,0,0,1,0
2023-01-08 00:00:00,Coffee_Ground,109,8.09,881.54,0,0,1,0
2023-01-09 00:00:00,Coffee_Ground,121,8.09,978.82,0,0,0,0
2023-01-10 00:00:00,Coffee_Ground,122,8.09,986.67,0,0,0,0
2023-01-11 00:00:00,Coffee_Ground,134,8.08,1082.15,0,0,0,0
2023-01-12 00:00:00,Coffee_Ground,123,8.07,992.54,0,0,0,0
2023-01-13 00:00:00,Coffee_Ground,115,8.08,929.58,0,0,0,0
2023-01-14 00:00:00,Coffee_Ground,116,8.08,936.79,0,0,1,0
2023-01-15 00:00:00,Coffee_Ground,108,8.07,871.19,0,0,1,0
2023-01-16 00:00:00,Coffee_Ground,134,8.06,1080.49,0,1,0,0
2023-01-17 00:00:00,Coffee_Ground,116,8.07,935.88,0,0,0,0
2023-01-18 00:00:00,Coffee_Ground,140,8.07,1129.3,0,0,0,0
2023-01-19 00:00:00,Coffee_Ground,130,8.07,1049.13,0,0,0,0
2023-01-20 00:00:00,Coffee_Ground,107,8.06,862.45,0,0,0,0
2023-01-21 00:00:00,Coffee_Ground,113,8.05,909.23,0,0,1,0
2023-01-22 00:00:00,Coffee_Ground,116,8.05,933.96,0,0,1,0
2023-01-23 00:00:00,Coffee_Ground,147,7.44,1093.86,1,0,0,0
2023-01-24 00:00:00,Coffee_Ground,165,7.18,1185.41,1,0,0,0
2023-01-25 00:00:00,Coffee_Ground,177,7.2,1274.33,1,0,0,0
2023-01-26 00:00:00,Coffee_Ground,133,7.23,962.04,1,0,0,0
2023-01-27 00:00:00,Coffee_Ground,139,7.43,1033.24,1,0,0,0
2023-01-28 00:00:00,Coffee_Ground,154,7.57,1165.66,1,0,1,0
2023-01-29 00:00:00,Coffee_Ground,117,8.04,940.15,0,0,1,0
2023-01-30 00:00:00,Coffee_Ground,107,8.04,860.08,0,0,0,0
2023-01-31 00:00:00,Coffee_Ground,124,8.03,996.23,0,0,0,0
2023-02-01 00:00:00,Coffee_Ground,148,8.03,1188.8,0,0,0,0
2023-02-02 00:00:00,Coffee_Ground,134,8.02,1074.75,0,0,0,0
2023-02-03 00:00:00,Coffee_Ground,123,8.02,986.11,0,0,0,0
2023-02-04 00:00:00,Coffee_Ground,121,8.03,971.57,0,0,1,0
2023-02-05 00:00:00,Coffee_Ground,112,8.04,900.96,0,0,1,0
2023-02-06 00:00:00,Coffee_Ground,122,8.03,980.08,0,0,0,0
2023-02-07 00:00:00,Coffee_Ground,137,8.04,1101.16,0,0,0,0
2023-02-08 00:00:00,Coffee_Ground,122,8.06,983.32,0,0,0,0
2023-02-09 00:00:00,Coffee_Ground,130,8.05,1046.6,0,0,0,0
2023-02-10 00:00:00,Coffee_Ground,95,8.04,764.19,0,0,0,0
2023-02-11 00:00:00,Coffee_Ground,118,8.04,948.88,0,0,1,0
2023-02-12 00:00:00,Coffee_Ground,115,8.05,926.13,0,0,1,0
2023-02-13 00:00:00,Coffee_Ground,104,8.05,837.1,0,0,0,0
2023-02-14 00:00:00,Coffee_Ground,125,8.05,1006.4,0,0,0,0
2023-02-15 00:00:00,Coffee_Ground,140,8.04,1125.88,0,0,0,0
2023-02-16 00:00:00,Coffee_Ground,119,8.05,957.72,0,0,0,0
2023-02-17 00:00:00,Coffee_Ground,132,8.05,1062.41,0,0,0,0
2023-02-18 00:00:00,Coffee_Ground,126,8.05,1013.74,0,0,1,0
2023-02-19 00:00:00,Coffee_Ground,125,8.04,1004.94,0,0,1,0
2023-02-20 00:00:00,Coffee_Ground,161,8.05,1296.4,0,1,0,0
2023-02-21 00:00:00,Coffee_Ground,149,8.04,1197.57,0,0,0,0
2023-02-22 00:00:00,Coffee_Ground,126,8.03,1011.8,0,0,0,0
2023-02-23 00:00:00,Coffee_Ground,135,8.03,1084.03,0,0,0,0
2023-02-24 00:00:00,Coffee_Ground,118,8.04,948.31,0,0,0,0
2023-02-25 00:00:00,Coffee_Ground,124,8.03,996.26,0,0,1,0
2023-02-26 00:00:00,Coffee_Ground,109,8.05,877.34,0,0,1,0
2023-02-27 00:00:00,Coffee_Ground,123,8.06,991.51,0,0,0,0
2023-02-28 00:00:00,Coffee_Ground,140,8.06,1128.16,0,0,0,0
2023-03-01 00:00:00,Coffee_Ground,138,8.06,1112.25,0,0,0,0
2023-03-02 00:00:00,Coffee_Ground,148,8.05,1191.32,0,0,0,0
2023-03-03 00:00:00,Coffee_Ground,123,8.04,989.47,0,0,0,0
2023-03-04 00:00:00,Coffee_Ground,121,8.04,972.95,0,0,1,0
2023-03-05 00:00:00,Coffee_Ground,110,8.04,884.08,0,0,1,0
2023-03-06 00:00:00,Coffee_Ground,117,8.03,939.85,0,0,0,0
2023-03-07 00:00:00,Coffee_Ground,127,8.03,1019.39,0,0,0,0
2023-03-08 00:00:00,Coffee_Ground,135,8.03,1084.45,0,0,0,0
2023-03-09 00:00:00,Coffee_Ground,136,8.03,1092.14,0,0,0,0
2023-03-10 00:00:00,Coffee_Ground,122,8.04,981.01,0,0,0,0
2023-03-11 00:00:00,Coffee_Ground,104,8.04,836.19,0,0,1,0
2023-03-12 00:00:00,Coffee_Ground,126,8.04,1013.29,0,0,1,0
2023-03-13 00:00:00,Coffee_Ground,119,8.05,957.54,0,0,0,0
2023-03-14 00:00:00,Coffee_Ground,148,8.05,1190.68,0,0,0,0
2023-03-15 00:00:00,Coffee_Ground,150,8.04,1206.45,0,0,0,0
2023-03-16 00:00:00,Coffee_Ground,126,8.03,1012.07,0,0,0,0
2023-03-17 00:00:00,Coffee_Ground,140,8.03,1124.52,0,0,0,0
2023-03-18 00:00:00,Coffee_Ground,117,8.03,938.99,0,0,1,0
2023-03-19 00:00:00,Coffee_Ground,116,8.03,931.31,0,0,1,0
2023-03-20 00:00:00,Coffee_Ground,139,8.03,1115.51,0,0,0,0
2023-03-21 00:00:00,Coffee_Ground,142,8.03,1140.08,0,0,0,0
2023-03-22 00:00:00,Coffee_Ground,151,8.02,1210.64,0,0,0,0
2023-03-23 00:00:00,Coffee_Ground,138,8.02,1107.31,0,0,0,0
2023-03-24 00:00:00,Coffee_Ground,103,8.02,826.42,0,0,0,0
2023-03-25 00:00:00,Coffee_Ground,122,8.02,978.55,0,0,1,0
2023-03-26 00:00:00,Coffee_Ground,125,8.03,1003.48,0,0,1,0
2023-03-27 00:00:00,Coffee_Ground,134,8.02,1074.57,0,0,0,0
2023-03-28 00:00:00,Coffee_Ground,143,8.04,1149.67,0,0,0,0
2023-03-29 00:00:00,Coffee_Ground,130,8.03,1044.5,0,0,0,0
2023-03-30 00:00:00,Coffee_Ground,142,8.03,1140.89,0,0,0,0
2023-03-31 00:00:00,Coffee_Ground,128,8.04,1028.54,0,0,0,0
2023-04-01 00:00:00,Coffee_Ground,118,8.03,947.94,0,0,1,0
2023-04-02 00:00:00,Coffee_Ground,118,8.03,947.65,0,0,1,0
2023-04-03 00:00:00,Coffee_Ground,118,8.05,949.42,0,0,0,0
2023-04-04 00:00:00,Coffee_Ground,132,8.04,1060.92,0,0,0,0
2023-04-05 00:00:00,Coffee_Ground,135,8.04,1085.22,0,0,0,0
2023-04-06 00:00:00,Coffee_Ground,128,8.03,1027.55,0,0,0,0
2023-04-07 00:00:00,Coffee_Ground,125,8.03,1003.47,0,0,0,0
2023-04-08 00:00:00,Coffee_Ground,127,8.02,1019.02,0,0,1,0
2023-04-09 00:00:00,Coffee_Ground,136,8.01,1089.95,0,0,1,0
2023-04-10 00:00:00,Coffee_Ground,130,8.02,1042.08,0,0,0,0
2023-04-11 00:00:00,Coffee_Ground,160,8.01,1282.26,0,0,0,0
2023-04-12 00:00:00,Coffee_Ground,145,8.01,1160.79,0,0,0,0
2023-04-13 00:00:00,Coffee_Ground,150,8,1199.63,0,0,0,0
2023-04-14 00:00:00,Coffee_Ground,135,8,1080.12,0,0,0,0
2023-04-15 00:00:00,Coffee_Ground,125,8.01,1000.81,0,0,1,0
2023-04-16 00:00:00,Coffee_Ground,125,7.99,999.33,0,0,1,0
2023-04-17 00:00:00,Coffee_Ground,128,7.99,1022.66,0,0,0,0
2023-04-18 00:00:00,Coffee_Ground,146,7.98,1165.44,0,0,0,0
2023-04-19 00:00:00,Coffee_Ground,141,7.97,1124.02,0,0,0,0
2023-04-20 00:00:00,Coffee_Ground,133,7.97,1059.9,0,0,0,0
2023-04-21 00:00:00,Coffee_Ground,128,7.96,1019.3,0,0,0,0
2023-04-22 00:00:00,Coffee_Ground,106,7.97,844.31,0,0,1,0
2023-04-23 00:00:00,Coffee_Ground,112,7.96,891.73,0,0,1,0
2023-04-24 00:00:00,Coffee_Ground,132,7.95,1050,0,0,0,0
2023-04-25 00:00:00,Coffee_Ground,130,7.95,1034.07,0,0,0,0
2023-04-26 00:00:00,Coffee_Ground,136,7.95,1081.83,0,0,0,0
2023-04-27 00:00:00,Coffee_Ground,115,7.96,914.92,0,0,0,0
2023-04-28 00:00:00,Coffee_Ground,112,7.94,889.69,0,0,0,0
2023-04-29 00:00:00,Coffee_Ground,124,7.94,984.56,0,0,1,0
2023-04-30 00:00:00,Coffee_Ground,121,7.93,959.71,0,0,1,0
2023-05-01 00:00:00,Coffee_Ground,128,7.92,1014.31,0,0,0,0
2023-05-02 00:00:00,Coffee_Ground,144,7.92,1140.26,0,0,0,0
2023-05-03 00:00:00,Coffee_Ground,143,7.94,1135.22,0,0,0,0
2023-05-04 00:00:00,Coffee_Ground,115,7.94,913.37,0,0,0,0
2023-05-05 00:00:00,Coffee_Ground,123,7.95,977.46,0,0,0,0
2023-05-06 00:00:00,Coffee_Ground,119,7.95,945.92,0,0,1,0
2023-05-07 00:00:00,Coffee_Ground,118,7.95,938.4,0,0,1,0
2023-05-08 00:00:00,Coffee_Ground,122,7.94,969.28,0,0,0,0
2023-05-09 00:00:00,Coffee_Ground,143,7.95,1136.22,0,0,0,0
2023-05-10 00:00:00,Coffee_Ground,145,7.94,1151.83,0,0,0,0
2023-05-11 00:00:00,Coffee_Ground,138,7.94,1096.2,0,0,0,0
2023-05-12 00:00:00,Coffee_Ground,130,7.94,1032.35,0,0,0,0
2023-05-13 00:00:00,Coffee_Ground,117,7.95,930.19,0,0,1,0
2023-05-14 00:00:00,Coffee_Ground,126,7.96,1002.47,0,0,1,0
2023-05-15 00:00:00,Coffee_Ground,133,7.96,1059.15,0,0,0,0
2023-05-16 00:00:00,Coffee_Ground,152,7.97,1211.58,0,0,0,0
2023-05-17 00:00:00,Coffee_Ground,149,7.98,1189.75,0,0,0,0
2023-05-18 00:00:00,Coffee_Ground,104,7.98,829.94,0,0,0,0
2023-05-19 00:00:00,Coffee_Ground,111,7.99,886.46,0,0,0,0
2023-05-20 00:00:00,Coffee_Ground,114,8,911.77,0,0,1,0
2023-05-21 00:00:00,Coffee_Ground,139,8,1112.17,0,0,1,0
2023-05-22 00:00:00,Coffee_Ground,122,8,975.39,0,0,0,0
2023-05-23 00:00:00,Coffee_Ground,126,8,1007.8,0,0,0,0
2023-05-24 00:00:00,Coffee_Ground,156,8,1248.45,0,0,0,0
2023-05-25 00:00:00,Coffee_Ground,126,8.01,1008.67,0,0,0,0
2023-05-26 00:00:00,Coffee_Ground,115,8.01,920.89,0,0,0,0
2023-05-27 00:00:00,Coffee_Ground,111,8.01,888.85,0,0,1,0
2023-05-28 00:00:00,Coffee_Ground,107,8.01,856.94,0,0,1,0
2023-05-29 00:00:00,Coffee_Ground,145,8.02,1162.27,0,1,0,0
2023-05-30 00:00:00,Coffee_Ground,142,8.01,1138.05,0,0,0,0
2023-05-31 00:00:00,Coffee_Ground,125,8.02,1002.16,0,0,0,0
2023-06-01 00:00:00,Coffee_Ground,124,8.01,993.47,0,0,0,0
2023-06-02 00:00:00,Coffee_Ground,107,8.01,856.8,0,0,0,0
2023-06-03 00:00:00,Coffee_Ground,121,8.01,968.75,0,0,1,0
2023-06-04 00:00:00,Coffee_Ground,105,8.01,841.19,0,0,1,0
2023-06-05 00:00:00,Coffee_Ground,111,8,888.39,0,0,0,0
2023-06-06 00:00:00,Coffee_Ground,140,8,1120.13,0,0,0,0
2023-06-07 00:00:00,Coffee_Ground,124,8,992.28,0,0,0,0
2023-06-08 00:00:00,Coffee_Ground,115,8.01,920.95,0,0,0,0
2023-06-09 00:00:00,Coffee_Ground,110,8.02,882.02,0,0,0,0
2023-06-10 00:00:00,Coffee_Ground,115,8.01,921.43,0,0,1,0
2023-06-11 00:00:00,Coffee_Ground,105,8.02,841.63,0,0,1,0
2023-06-12 00:00:00,Coffee_Ground,116,8,928.01,0,0,0,0
2023-06-13 00:00:00,Coffee_Ground,112,8,896.21,0,0,0,0
2023-06-14 00:00:00,Coffee_Ground,137,8,1096.2,0,0,0,0
2023-06-15 00:00:00,Coffee_Ground,124,8.01,992.86,0,0,0,0
2023-06-16 00:00:00,Coffee_Ground,144,7.47,1075.54,1,0,0,0
2023-06-17 00:00:00,Coffee_Ground,127,7.36,935.32,1,0,1,0
2023-06-18 00:00:00,Coffee_Ground,128,7.53,963.85,1,0,1,0
2023-06-19 00:00:00,Coffee_Ground,164,7.31,1198.57,1,1,0,0
2023-06-20 00:00:00,Coffee_Ground,145,7.47,1082.74,1,0,0,0
2023-06-21 00:00:00,Coffee_Ground,143,7.39,1056.67,1,0,0,0
2023-06-22 00:00:00,Coffee_Ground,137,7.99,1094.88,0,0,0,0
2023-06-23 00:00:00,Coffee_Ground,103,7.98,822.06,0,0,0,0
2023-06-24 00:00:00,Coffee_Ground,102,7.98,813.59,0,0,1,0
2023-06-25 00:00:00,Coffee_Ground,110,7.98,877.5,0,0,1,0
2023-06-26 00:00:00,Coffee_Ground,117,7.97,933.04,0,0,0,0
2023-06-27 00:00:00,Coffee_Ground,133,7.97,1060.04,0,0,0,0
2023-06-28 00:00:00,Coffee_Ground,110,7.97,876.15,0,0,0,0
2023-06-29 00:00:00,Coffee_Ground,133,7.96,1059.29,0,0,0,0
2023-06-30 00:00:00,Coffee_Ground,119,7.97,948.52,0,0,0,0
2023-07-01 00:00:00,Coffee_Ground,101,7.97,804.61,0,0,1,0
2023-07-02 00:00:00,Coffee_Ground,136,7.23,983.01,1,0,1,0
2023-07-03 00:00:00,Coffee_Ground,131,7.5,982.71,1,0,0,0
2023-07-04 00:00:00,Coffee_Ground,168,7.18,1205.41,1,1,0,0
2023-07-05 00:00:00,Coffee_Ground,148,7.49,1108.74,1,0,0,0
2023-07-06 00:00:00,Coffee_Ground,144,7.2,1036.55,1,0,0,0
2023-07-07 00:00:00,Coffee_Ground,118,7.26,856.86,1,0,0,0
2023-07-08 00:00:00,Coffee_Ground,79,7.94,626.95,0,0,1,0
2023-07-09 00:00:00,Coffee_Ground,108,7.94,857.58,0,0,1,0
2023-07-10 00:00:00,Coffee_Ground,117,7.95,929.94,0,0,0,0
2023-07-11 00:00:00,Coffee_Ground,122,7.95,970.26,0,0,0,0
2023-07-12 00:00:00,Coffee_Ground,118,7.95,938.43,0,0,0,0
2023-07-13 00:00:00,Coffee_Ground,116,7.96,923.38,0,0,0,0
2023-07-14 00:00:00,Coffee_Ground,97,7.96,771.71,0,0,0,0
2023-07-15 00:00:00,Coffee_Ground,88,7.96,700.28,0,0,1,0
2023-07-16 00:00:00,Coffee_Ground,89,7.94,706.96,0,0,1,0
2023-07-17 00:00:00,Coffee_Ground,91,7.94,722.87,0,0,0,0
2023-07-18 00:00:00,Coffee_Ground,110,7.95,874.68,0,0,0,0
2023-07-19 00:00:00,Coffee_Ground,124,7.96,986.53,0,0,0,0
2023-07-20 00:00:00,Coffee_Ground,106,7.94,841.95,0,0,0,0
2023-07-21 00:00:00,Coffee_Ground,97,7.93,769.66,0,0,0,0
2023-07-22 00:00:00,Coffee_Ground,99,7.94,785.88,0,0,1,0
2023-07-23 00:00:00,Coffee_Ground,121,7.93,959.08,0,0,1,0
2023-07-24 00:00:00,Coffee_Ground,118,7.94,936.76,0,0,0,0
2023-07-25 00:00:00,Coffee_Ground,100,7.93,792.82,0,0,0,0
2023-07-26 00:00:00,Coffee_Ground,97,7.94,770.2,0,0,0,0
2023-07-27 00:00:00,Coffee_Ground,90,7.95,715.19,0,0,0,0
2023-07-28 00:00:00,Coffee_Ground,95,7.94,754.49,0,0,0,0
2023-07-29 00:00:00,Coffee_Ground,110,7.94,872.91,0,0,1,0
2023-07-30 00:00:00,Coffee_Ground,104,7.94,825.5,0,0,1,0
2023-07-31 00:00:00,Coffee_Ground,89,7.93,705.89,0,0,0,0
2023-08-01 00:00:00,Coffee_Ground,107,7.93,848.73,0,0,0,0
2023-08-02 00:00:00,Coffee_Ground,115,7.92,910.98,0,0,0,0
2023-08-03 00:00:00,Coffee_Ground,94,7.92,744.55,0,0,0,0
2023-08-04 00:00:00,Coffee_Ground,94,7.92,744.1,0,0,0,0
2023-08-05 00:00:00,Coffee_Ground,111,7.92,879.62,0,0,1,0
2023-08-06 00:00:00,Coffee_Ground,92,7.92,728.19,0,0,1,0
2023-08-07 00:00:00,Coffee_Ground,112,7.91,885.95,0,0,0,0
2023-08-08 00:00:00,Coffee_Ground,112,7.91,886.31,0,0,0,0
2023-08-09 00:00:00,Coffee_Ground,104,7.91,822.44,0,0,0,0
2023-08-10 00:00:00,Coffee_Ground,142,7.21,1023.88,1,0,0,0
2023-08-11 00:00:00,Coffee_Ground,122,7.08,864.16,1,0,0,0
2023-08-12 00:00:00,Coffee_Ground,114,7.36,838.7,1,0,1,0
2023-08-13 00:00:00,Coffee_Ground,114,7.24,825.82,1,0,1,0
2023-08-14 00:00:00,Coffee_Ground,142,6.99,992.37,1,0,0,0
2023-08-15 00:00:00,Coffee_Ground,140,7.11,995.2,1,0,0,0
2023-08-16 00:00:00,Coffee_Ground,98,7.93,776.68,0,0,0,0
2023-08-17 00:00:00,Coffee_Ground,97,7.93,768.77,0,0,0,0
2023-08-18 00:00:00,Coffee_Ground,101,7.92,799.47,0,0,0,0
2023-08-19 00:00:00,Coffee_Ground,80,7.92,633.41,0,0,1,0
2023-08-20 00:00:00,Coffee_Ground,92,7.92,728.66,0,0,1,0
2023-08-21 00:00:00,Coffee_Ground,102,7.92,807.91,0,0,0,0
2023-08-22 00:00:00,Coffee_Ground,124,7.92,982.54,0,0,0,0
2023-08-23 00:00:00,Coffee_Ground,117,7.92,926.32,0,0,0,0
2023-08-24 00:00:00,Coffee_Ground,94,7.91,743.4,0,0,0,0
2023-08-25 00:00:00,Coffee_Ground,84,7.9,663.62,0,0,0,0
2023-08-26 00:00:00,Coffee_Ground,88,7.9,695.46,0,0,1,0
2023-08-27 00:00:00,Coffee_Ground,86,7.89,678.47,0,0,1,0
2023-08-28 00:00:00,Coffee_Ground,88,7.89,693.9,0,0,0,0
2023-08-29 00:00:00,Coffee_Ground,102,7.87,802.79,0,0,0,0
2023-08-30 00:00:00,Coffee_Ground,116,7.87,912.61,0,0,0,0
2023-08-31 00:00:00,Coffee_Ground,104,7.87,818.43,0,0,0,0
2023-09-01 00:00:00,Coffee_Ground,77,7.87,606.36,0,0,0,0
2023-09-02 00:00:00,Coffee_Ground,93,7.87,731.8,0,0,1,0
2023-09-03 00:00:00,Coffee_Ground,113,7.88,890.03,0,0,1,0
2023-09-04 00:00:00,Coffee_Ground,105,7.86,825.47,0,1,0,0
2023-09-05 00:00:00,Coffee_Ground,116,7.86,912.14,0,0,0,0
2023-09-06 00:00:00,Coffee_Ground,108,7.86,849.28,0,0,0,0
2023-09-07 00:00:00,Coffee_Ground,110,7.87,865.6,0,0,0,0
2023-09-08 00:00:00,Coffee_Ground,98,7.87,771.2,0,0,0,0
2023-09-09 00:00:00,Coffee_Ground,80,7.86,629.13,0,0,1,0
2023-09-10 00:00:00,Coffee_Ground,91,7.86,715.06,0,0,1,0
2023-09-11 00:00:00,Coffee_Ground,88,7.86,691.28,0,0,0,0
2023-09-12 00:00:00,Coffee_Ground,146,7.3,1065.64,1,0,0,0
2023-09-13 00:00:00,Coffee_Ground,140,6.99,979.1,1,0,0,0
2023-09-14 00:00:00,Coffee_Ground,133,7.25,964.08,1,0,0,0
2023-09-15 00:00:00,Coffee_Ground,142,7.22,1025.88,1,0,0,0
2023-09-16 00:00:00,Coffee_Ground,103,7.06,726.97,1,0,1,0
2023-09-17 00:00:00,Coffee_Ground,137,7.05,966.49,1,0,1,0
2023-09-18 00:00:00,Coffee_Ground,92,7.87,724.25,0,0,0,0
2023-09-19 00:00:00,Coffee_Ground,115,7.87,905.35,0,0,0,0
2023-09-20 00:00:00,Coffee_Ground,123,7.87,967.65,0,0,0,0
2023-09-21 00:00:00,Coffee_Ground,129,7.87,1014.99,0,0,0,0
2023-09-22 00:00:00,Coffee_Ground,83,7.87,653.08,0,0,0,0
2023-09-23 00:00:00,Coffee_Ground,94,7.86,738.44,0,0,1,0
2023-09-24 00:00:00,Coffee_Ground,98,7.85,769.46,0,0,1,0
2023-09-25 00:00:00,Coffee_Ground,102,7.85,801.17,0,0,0,0
2023-09-26 00:00:00,Coffee_Ground,109,7.85,855.63,0,0,0,0
2023-09-27 00:00:00,Coffee_Ground,121,7.85,949.3,0,0,0,0
2023-09-28 00:00:00,Coffee_Ground,119,7.84,932.46,0,0,0,0
2023-09-29 00:00:00,Coffee_Ground,86,7.84,673.96,0,0,0,0
2023-09-30 00:00:00,Coffee_Ground,70,7.83,548.08,0,0,1,0
2023-10-01 00:00:00,Coffee_Ground,90,7.84,705.32,0,0,1,0
2023-10-02 00:00:00,Coffee_Ground,101,7.82,789.84,0,0,0,0
2023-10-03 00:00:00,Coffee_Ground,107,7.81,835.93,0,0,0,0
2023-10-04 00:00:00,Coffee_Ground,125,7.82,977.93,0,0,0,0
2023-10-05 00:00:00,Coffee_Ground,100,7.83,782.59,0,0,0,0
2023-10-06 00:00:00,Coffee_Ground,89,7.83,696.79,0,0,0,0
2023-10-07 00:00:00,Coffee_Ground,86,7.83,673.33,0,0,1,0
2023-10-08 00:00:00,Coffee_Ground,111,7.83,868.82,0,0,1,0
2023-10-09 00:00:00,Coffee_Ground,129,7.28,939.4,1,1,0,0
2023-10-10 00:00:00,Coffee_Ground,144,7.33,1056.06,1,0,0,0
2023-10-11 00:00:00,Coffee_Ground,156,6.93,1081.2,1,0,0,0
2023-10-12 00:00:00,Coffee_Ground,123,7.31,898.55,1,0,0,0
2023-10-13 00:00:00,Coffee_Ground,135,7.27,980.79,1,0,0,0
2023-10-14 00:00:00,Coffee_Ground,115,7.27,836.07,1,0,1,0
2023-10-15 00:00:00,Coffee_Ground,93,7.8,725.69,0,0,1,0
2023-10-16 00:00:00,Coffee_Ground,105,7.81,819.68,0,0,0,0
2023-10-17 00:00:00,Coffee_Ground,105,7.81,820.01,0,0,0,0
2023-10-18 00:00:00,Coffee_Ground,112,7.81,875.18,0,0,0,0
2023-10-19 00:00:00,Coffee_Ground,98,7.81,765.47,0,0,0,0
2023-10-20 00:00:00,Coffee_Ground,89,7.81,694.93,0,0,0,0
2023-10-21 00:00:00,Coffee_Ground,83,7.8,647.62,0,0,1,0
2023-10-22 00:00:00,Coffee_Ground,79,7.79,615.6,0,0,1,0
2023-10-23 00:00:00,Coffee_Ground,101,7.79,786.84,0,0,0,0
2023-10-24 00:00:00,Coffee_Ground,111,7.81,866.56,0,0,0,0
2023-10-25 00:00:00,Coffee_Ground,104,7.79,810.62,0,0,0,0
2023-10-26 00:00:00,Coffee_Ground,112,7.79,873.02,0,0,0,0
2023-10-27 00:00:00,Coffee_Ground,106,7.8,826.74,0,0,0,0
2023-10-28 00:00:00,Coffee_Ground,105,7.79,818.29,0,0,1,0
2023-10-29 00:00:00,Coffee_Ground,93,7.79,724.13,0,0,1,0
2023-10-30 00:00:00,Coffee_Ground,93,7.79,724.05,0,0,0,0
2023-10-31 00:00:00,Coffee_Ground,117,7.78,910.18,0,0,0,0
2023-11-01 00:00:00,Coffee_Ground,117,7.78,910.28,0,0,0,0
2023-11-02 00:00:00,Coffee_Ground,103,7.78,801.41,0,0,0,0
2023-11-03 00:00:00,Coffee_Ground,74,7.78,575.87,0,0,0,0
2023-11-04 00:00:00,Coffee_Ground,80,7.79,623.52,0,0,1,0
2023-11-05 00:00:00,Coffee_Ground,93,7.8,725.14,0,0,1,0
2023-11-06 00:00:00,Coffee_Ground,113,7.81,883,0,0,0,0
2023-11-07 00:00:00,Coffee_Ground,88,7.82,687.74,0,0,0,0
2023-11-08 00:00:00,Coffee_Ground,101,7.81,788.76,0,0,0,0
2023-11-09 00:00:00,Coffee_Ground,102,7.81,796.39,0,0,0,0
2023-11-10 00:00:00,Coffee_Ground,101,7.81,789.08,0,1,0,0
2023-11-11 00:00:00,Coffee_Ground,102,7.82,797.14,0,0,1,0
2023-11-12 00:00:00,Coffee_Ground,98,7.82,766.24,0,0,1,0
2023-11-13 00:00:00,Coffee_Ground,98,7.83,767.53,0,0,0,0
2023-11-14 00:00:00,Coffee_Ground,148,7.26,1073.78,1,0,0,0
2023-11-15 00:00:00,Coffee_Ground,135,6.92,934.19,1,0,0,0
2023-11-16 00:00:00,Coffee_Ground,123,7.33,901.74,1,0,0,0
2023-11-17 00:00:00,Coffee_Ground,122,7.28,888.55,1,0,0,0
2023-11-18 00:00:00,Coffee_Ground,139,7.34,1020.33,1,0,1,0
2023-11-19 00:00:00,Coffee_Ground,141,7.19,1014.11,1,0,1,0
2023-11-20 00:00:00,Coffee_Ground,115,7.02,806.74,1,0,0,0
2023-11-21 00:00:00,Coffee_Ground,133,7.4,984.11,1,0,0,0
2023-11-22 00:00:00,Coffee_Ground,134,7.34,983.94,1,0,0,0
2023-11-23 00:00:00,Coffee_Ground,164,6.86,1124.8,1,1,0,0
2023-11-24 00:00:00,Coffee_Ground,127,7.14,907.29,1,0,0,0
2023-11-25 00:00:00,Coffee_Ground,132,6.99,922.56,1,0,1,0
2023-11-26 00:00:00,Coffee_Ground,142,6.9,979.63,1,0,1,0
2023-11-27 00:00:00,Coffee_Ground,117,7.79,911.09,0,0,0,0
2023-11-28 00:00:00,Coffee_Ground,114,7.77,886.23,0,0,0,0
2023-11-29 00:00:00,Coffee_Ground,119,7.78,925.26,0,0,0,0
2023-11-30 00:00:00,Coffee_Ground,122,7.79,949.95,0,0,0,0
2023-12-01 00:00:00,Coffee_Ground,103,7.79,802.12,0,0,0,0
2023-12-02 00:00:00,Coffee_Ground,98,7.79,763.78,0,0,1,0
2023-12-03 00:00:00,Coffee_Ground,109,7.79,849.47,0,0,1,0
2023-12-04 00:00:00,Coffee_Ground,117,7.79,911.86,0,0,0,0
2023-12-05 00:00:00,Coffee_Ground,133,7.78,1034.59,0,0,0,0
2023-12-06 00:00:00,Coffee_Ground,133,7.78,1035.03,0,0,0,0
2023-12-07 00:00:00,Coffee_Ground,100,7.78,778.38,0,0,0,0
2023-12-08 00:00:00,Coffee_Ground,100,7.78,778.48,0,0,0,0
2023-12-09 00:00:00,Coffee_Ground,98,7.79,763.56,0,0,1,0
2023-12-10 00:00:00,Coffee_Ground,92,7.81,718.44,0,0,1,0
2023-12-11 00:00:00,Coffee_Ground,102,7.79,794.92,0,0,0,0
2023-12-12 00:00:00,Coffee_Ground,133,7.79,1036.68,0,0,0,0
2023-12-13 00:00:00,Coffee_Ground,146,7.8,1138.37,0,0,0,0
2023-12-14 00:00:00,Coffee_Ground,129,7.8,1006.09,0,0,0,0
2023-12-15 00:00:00,Coffee_Ground,123,7.8,959.67,0,0,0,0
2023-12-16 00:00:00,Coffee_Ground,91,7.8,710.12,0,0,1,0
2023-12-17 00:00:00,Coffee_Ground,111,7.8,866.2,0,0,1,0
2023-12-18 00:00:00,Coffee_Ground,140,7.31,1023.34,1,0,0,0
2023-12-19 00:00:00,Coffee_Ground,151,7.08,1069.66,1,0,0,0
2023-12-20 00:00:00,Coffee_Ground,142,7.34,1042.62,1,0,0,0
2023-12-21 00:00:00,Coffee_Ground,154,7.26,1118.08,1,0,0,0
2023-12-22 00:00:00,Coffee_Ground,142,7.23,1026.96,1,0,0,0
2023-12-23 00:00:00,Coffee_Ground,139,6.96,967.99,1,0,1,0
2023-12-24 00:00:00,Coffee_Ground,133,7.36,978.43,1,0,1,0
2023-12-25 00:00:00,Coffee_Ground,125,7.15,893.94,1,1,0,0
2023-12-26 00:00:00,Coffee_Ground,156,7.03,1096.31,1,0,0,0
2023-12-27 00:00:00,Coffee_Ground,154,7.24,1114.7,1,0,0,0
2023-12-28 00:00:00,Coffee_Ground,161,6.98,1123.56,1,0,0,0
2023-12-29 00:00:00,Coffee_Ground,139,6.9,959.21,1,0,0,0
2023-12-30 00:00:00,Coffee_Ground,139,7.08,984.51,1,0,1,0
2023-12-31 00:00:00,Coffee_Ground,133,6.89,915.73,1,0,1,0
2024-01-01 00:00:00,Coffee_Ground,124,7.79,966.27,0,1,0,0
2024-01-02 00:00:00,Coffee_Ground,124,7.79,966.37,0,0,0,0
2024-01-03 00:00:00,Coffee_Ground,141,7.79,1098.54,0,0,0,0
2024-01-04 00:00:00,Coffee_Ground,153,6.93,1060.6,1,0,0,0
2024-01-05 00:00:00,Coffee_Ground,124,7.29,903.91,1,0,0,0
2024-01-06 00:00:00,Coffee_Ground,137,7.14,977.68,1,0,1,0
2024-01-07 00:00:00,Coffee_Ground,131,7.22,945.91,1,0,1,0
2024-01-08 00:00:00,Coffee_Ground,139,7.2,1000.74,1,0,0,0
2024-01-09 00:00:00,Coffee_Ground,162,6.87,1113.45,1,0,0,0
2024-01-10 00:00:00,Coffee_Ground,130,7.8,1013.74,0,0,0,0
2024-01-11 00:00:00,Coffee_Ground,131,7.8,1022.23,0,0,0,0
2024-01-12 00:00:00,Coffee_Ground,95,7.81,741.73,0,0,0,0
2024-01-13 00:00:00,Coffee_Ground,94,7.81,733.84,0,0,1,0
2024-01-14 00:00:00,Coffee_Ground,117,7.81,913.82,0,0,1,0
2024-01-15 00:00:00,Coffee_Ground,139,7.81,1085.36,0,1,0,0
2024-01-16 00:00:00,Coffee_Ground,129,7.81,1007.32,0,0,0,0
2024-01-17 00:00:00,Coffee_Ground,125,7.8,974.81,0,0,0,0
2024-01-18 00:00:00,Coffee_Ground,129,7.8,1006.68,0,0,0,0
2024-01-19 00:00:00,Coffee_Ground,125,7.81,975.81,0,0,0,0
2024-01-20 00:00:00,Coffee_Ground,111,7.8,866.32,0,0,1,0
2024-01-21 00:00:00,Coffee_Ground,102,7.79,794.78,0,0,1,0
2024-01-22 00:00:00,Coffee_Ground,118,7.79,918.77,0,0,0,0
2024-01-23 00:00:00,Coffee_Ground,147,7.79,1145.56,0,0,0,0
2024-01-24 00:00:00,Coffee_Ground,140,7.8,1091.68,0,0,0,0
2024-01-25 00:00:00,Coffee_Ground,124,7.8,967.54,0,0,0,0
2024-01-26 00:00:00,Coffee_Ground,109,7.8,850.46,0,0,0,0
2024-01-27 00:00:00,Coffee_Ground,117,7.8,912.08,0,0,1,0
2024-01-28 00:00:00,Coffee_Ground,98,7.79,763.79,0,0,1,0
2024-01-29 00:00:00,Coffee_Ground,127,7.8,991.06,0,0,0,0
2024-01-30 00:00:00,Coffee_Ground,133,7.8,1037.96,0,0,0,0
2024-01-31 00:00:00,Coffee_Ground,143,7.81,1116.33,0,0,0,0
2024-02-01 00:00:00,Coffee_Ground,128,7.81,999.88,0,0,0,0
2024-02-02 00:00:00,Coffee_Ground,132,7.81,1031.54,0,0,0,0
2024-02-03 00:00:00,Coffee_Ground,105,7.81,820.38,0,0,1,0
2024-02-04 00:00:00,Coffee_Ground,96,7.81,749.77,0,0,1,0
2024-02-05 00:00:00,Coffee_Ground,112,7.82,875.49,0,0,0,0
2024-02-06 00:00:00,Coffee_Ground,129,7.82,1009.03,0,0,0,0
2024-02-07 00:00:00,Coffee_Ground,149,7.82,1165.09,0,0,0,0
2024-02-08 00:00:00,Coffee_Ground,133,7.81,1038.51,0,0,0,0
2024-02-09 00:00:00,Coffee_Ground,134,7.82,1047.52,0,0,0,0
2024-02-10 00:00:00,Coffee_Ground,130,7.81,1015.78,0,0,1,0
2024-02-11 00:00:00,Coffee_Ground,101,7.82,790.23,0,0,1,0
2024-02-12 00:00:00,Coffee_Ground,129,7.82,1008.22,0,0,0,0
2024-02-13 00:00:00,Coffee_Ground,133,7.81,1039.16,0,0,0,0
2024-02-14 00:00:00,Coffee_Ground,147,7.8,1147.05,0,0,0,0
2024-02-15 00:00:00,Coffee_Ground,129,7.78,1004.21,0,0,0,0
2024-02-16 00:00:00,Coffee_Ground,120,7.8,935.44,0,0,0,0
2024-02-17 00:00:00,Coffee_Ground,114,7.8,889.41,0,0,1,0
2024-02-18 00:00:00,Coffee_Ground,119,7.8,927.84,0,0,1,0
2024-02-19 00:00:00,Coffee_Ground,147,7.8,1146.99,0,1,0,0
2024-02-20 00:00:00,Coffee_Ground,147,7.81,1147.75,0,0,0,0
2024-02-21 00:00:00,Coffee_Ground,139,7.81,1086.19,0,0,0,0
2024-02-22 00:00:00,Coffee_Ground,148,7.81,1155.71,0,0,0,0
2024-02-23 00:00:00,Coffee_Ground,120,7.8,936.36,0,0,0,0
2024-02-24 00:00:00,Coffee_Ground,114,7.79,888.57,0,0,1,0
2024-02-25 00:00:00,Coffee_Ground,126,7.79,981.15,0,0,1,0
2024-02-26 00:00:00,Coffee_Ground,123,7.78,957.18,0,0,0,0
2024-02-27 00:00:00,Coffee_Ground,120,7.8,936.08,0,0,0,0
2024-02-28 00:00:00,Coffee_Ground,147,7.81,1147.41,0,0,0,0
2024-02-29 00:00:00,Coffee_Ground,139,7.82,1086.35,0,0,0,0
2024-03-01 00:00:00,Coffee_Ground,128,7.82,1001.04,0,0,0,0
2024-03-02 00:00:00,Coffee_Ground,144,7.82,1125.73,0,0,1,0
2024-03-03 00:00:00,Coffee_Ground,134,7.82,1047.21,0,0,1,0
2024-03-04 00:00:00,Coffee_Ground,115,7.83,900.63,0,0,0,0
2024-03-05 00:00:00,Coffee_Ground,158,7.82,1235.86,0,0,0,0
2024-03-06 00:00:00,Coffee_Ground,154,7.83,1205.93,0,0,0,0
2024-03-07 00:00:00,Coffee_Ground,143,7.83,1120.38,0,0,0,0
2024-03-08 00:00:00,Coffee_Ground,135,7.84,1058.6,0,0,0,0
2024-03-09 00:00:00,Coffee_Ground,131,7.83,1025.79,0,0,1,0
2024-03-10 00:00:00,Coffee_Ground,131,7.83,1025.61,0,0,1,0
2024-03-11 00:00:00,Coffee_Ground,132,7.84,1034.44,0,0,0,0
2024-03-12 00:00:00,Coffee_Ground,147,7.84,1151.86,0,0,0,0
2024-03-13 00:00:00,Coffee_Ground,160,7.83,1252.77,0,0,0,0
2024-03-14 00:00:00,Coffee_Ground,146,7.83,1143.63,0,0,0,0
2024-03-15 00:00:00,Coffee_Ground,142,7.83,1111.9,0,0,0,0
2024-03-16 00:00:00,Coffee_Ground,138,7.83,1080.99,0,0,1,0
2024-03-17 00:00:00,Coffee_Ground,127,7.84,995.06,0,0,1,0
2024-03-18 00:00:00,Coffee_Ground,129,7.83,1009.73,0,0,0,0
2024-03-19 00:00:00,Coffee_Ground,135,7.81,1054.88,0,0,0,0
2024-03-20 00:00:00,Coffee_Ground,140,7.81,1093.87,0,0,0,0
2024-03-21 00:00:00,Coffee_Ground,143,7.81,1116.27,0,0,0,0
2024-03-22 00:00:00,Coffee_Ground,139,7.81,1085.2,0,0,0,0
2024-03-23 00:00:00,Coffee_Ground,125,7.81,976.43,0,0,1,0
2024-03-24 00:00:00,Coffee_Ground,123,7.81,960.12,0,0,1,0
2024-03-25 00:00:00,Coffee_Ground,138,7.81,1077.41,0,0,0,0
2024-03-26 00:00:00,Coffee_Ground,158,7.8,1232.31,0,0,0,0
2024-03-27 00:00:00,Coffee_Ground,155,7.8,1208.57,0,0,0,0
2024-03-28 00:00:00,Coffee_Ground,149,7.79,1160,0,0,0,0
2024-03-29 00:00:00,Coffee_Ground,131,7.78,1019.52,0,0,0,0
2024-03-30 00:00:00,Coffee_Ground,120,7.77,932.25,0,0,1,0
2024-03-31 00:00:00,Coffee_Ground,146,7.77,1134.16,0,0,1,0
2024-04-01 00:00:00,Coffee_Ground,123,7.77,955.81,0,0,0,0
2024-04-02 00:00:00,Coffee_Ground,151,7.78,1174.27,0,0,0,0
2024-04-03 00:00:00,Coffee_Ground,144,7.77,1119.39,0,0,0,0
2024-04-04 00:00:00,Coffee_Ground,139,7.77,1080.19,0,0,0,0
2024-04-05 00:00:00,Coffee_Ground,138,7.77,1071.74,0,0,0,0
2024-04-06 00:00:00,Coffee_Ground,125,7.77,971.65,0,0,1,0
2024-04-07 00:00:00,Coffee_Ground,144,7.77,1119.32,0,0,1,0
2024-04-08 00:00:00,Coffee_Ground,136,7.78,1058.34,0,0,0,0
2024-04-09 00:00:00,Coffee_Ground,155,7.79,1207.17,0,0,0,0
2024-04-10 00:00:00,Coffee_Ground,150,7.78,1166.33,0,0,0,0
2024-04-11 00:00:00,Coffee_Ground,139,7.78,1080.92,0,0,0,0
2024-04-12 00:00:00,Coffee_Ground,137,6.96,954,1,0,0,0
2024-04-13 00:00:00,Coffee_Ground,136,7.06,959.52,1,0,1,0
2024-04-14 00:00:00,Coffee_Ground,167,6.91,1153.53,1,0,1,0
2024-04-15 00:00:00,Coffee_Ground,165,7.31,1206.02,1,0,0,0
2024-04-16 00:00:00,Coffee_Ground,156,7.08,1103.96,1,0,0,0
2024-04-17 00:00:00,Coffee_Ground,194,6.87,1332.65,1,0,0,0
2024-04-18 00:00:00,Coffee_Ground,134,7.81,1046.32,0,0,0,0
2024-04-19 00:00:00,Coffee_Ground,137,7.81,1070.11,0,0,0,0
2024-04-20 00:00:00,Coffee_Ground,120,7.81,937.54,0,0,1,0
2024-04-21 00:00:00,Coffee_Ground,124,7.82,970.21,0,0,1,0
2024-04-22 00:00:00,Coffee_Ground,124,7.82,970.22,0,0,0,0
2024-04-23 00:00:00,Coffee_Ground,146,7.82,1141.18,0,0,0,0
2024-04-24 00:00:00,Coffee_Ground,159,7.83,1244.2,0,0,0,0
2024-04-25 00:00:00,Coffee_Ground,144,7.83,1127.58,0,0,0,0
2024-04-26 00:00:00,Coffee_Ground,107,7.83,837.28,0,0,0,0
2024-04-27 00:00:00,Coffee_Ground,124,7.83,970.39,0,0,1,0
2024-04-28 00:00:00,Coffee_Ground,110,7.83,861.76,0,0,1,0
2024-04-29 00:00:00,Coffee_Ground,133,7.83,1041.92,0,0,0,0
2024-04-30 00:00:00,Coffee_Ground,143,7.84,1120.82,0,0,0,0
2024-05-01 00:00:00,Coffee_Ground,151,7.85,1184.91,0,0,0,0
2024-05-02 00:00:00,Coffee_Ground,152,7.84,1191.15,0,0,0,0
2024-05-03 00:00:00,Coffee_Ground,132,7.84,1034.55,0,0,0,0
2024-05-04 00:00:00,Coffee_Ground,121,7.83,947.56,0,0,1,0
2024-05-05 00:00:00,Coffee_Ground,127,7.82,993.53,0,0,1,0
2024-05-06 00:00:00,Coffee_Ground,125,7.82,977.7,0,0,0,0
2024-05-07 00:00:00,Coffee_Ground,140,7.83,1096.8,0,0,0,0
2024-05-08 00:00:00,Coffee_Ground,155,7.84,1215.55,0,0,0,0
2024-05-09 00:00:00,Coffee_Ground,148,7.84,1160.4,0,0,0,0
2024-05-10 00:00:00,Coffee_Ground,133,7.84,1043.06,0,0,0,0
2024-05-11 00:00:00,Coffee_Ground,139,7.84,1089.79,0,0,1,0
2024-05-12 00:00:00,Coffee_Ground,128,7.86,1005.55,0,0,1,0
2024-05-13 00:00:00,Coffee_Ground,135,7.85,1060.16,0,0,0,0
2024-05-14 00:00:00,Coffee_Ground,130,7.86,1021.2,0,0,0,0
2024-05-15 00:00:00,Coffee_Ground,138,7.85,1083.74,0,0,0,0
2024-05-16 00:00:00,Coffee_Ground,137,7.85,1075.65,0,0,0,0
2024-05-17 00:00:00,Coffee_Ground,113,7.85,886.98,0,0,0,0
2024-05-18 00:00:00,Coffee_Ground,125,7.84,980.2,0,0,1,0
2024-05-19 00:00:00,Coffee_Ground,132,7.83,1034.2,0,0,1,0
2024-05-20 00:00:00,Coffee_Ground,123,7.85,964.97,0,0,0,0
2024-05-21 00:00:00,Coffee_Ground,166,7.17,1190.25,1,0,0,0
2024-05-22 00:00:00,Coffee_Ground,171,7.28,1244.22,1,0,0,0
2024-05-23 00:00:00,Coffee_Ground,154,7.04,1084.03,1,0,0,0
2024-05-24 00:00:00,Coffee_Ground,133,7.04,936.12,1,0,0,0
2024-05-25 00:00:00,Coffee_Ground,152,7.19,1092.85,1,0,1,0
2024-05-26 00:00:00,Coffee_Ground,150,7.22,1083.09,1,0,1,0
2024-05-27 00:00:00,Coffee_Ground,146,7.88,1151.05,0,1,0,0
2024-05-28 00:00:00,Coffee_Ground,125,7.89,986.14,0,0,0,0
2024-05-29 00:00:00,Coffee_Ground,132,7.89,1041.42,0,0,0,0
2024-05-30 00:00:00,Coffee_Ground,137,7.89,1081.12,0,0,0,0
2024-05-31 00:00:00,Coffee_Ground,116,7.88,914.53,0,0,0,0
2024-06-01 00:00:00,Coffee_Ground,118,7.88,930.16,0,0,1,0
2024-06-02 00:00:00,Coffee_Ground,127,7.87,999.97,0,0,1,0
2024-06-03 00:00:00,Coffee_Ground,138,7.89,1088.21,0,0,0,0
2024-06-04 00:00:00,Coffee_Ground,145,7.88,1143.12,0,0,0,0
2024-06-05 00:00:00,Coffee_Ground,136,7.87,1070.47,0,0,0,0
2024-06-06 00:00:00,Coffee_Ground,122,7.88,961.26,0,0,0,0
2024-06-07 00:00:00,Coffee_Ground,153,7.1,1086.38,1,0,0,0
2024-06-08 00:00:00,Coffee_Ground,134,7.37,988.21,1,0,1,0
2024-06-09 00:00:00,Coffee_Ground,148,6.94,1027.24,1,0,1,0
2024-06-10 00:00:00,Coffee_Ground,145,7.06,1023.79,1,0,0,0
2024-06-11 00:00:00,Coffee_Ground,162,7.18,1163.82,1,0,0,0
2024-06-12 00:00:00,Coffee_Ground,161,7.3,1175.03,1,0,0,0
2024-06-13 00:00:00,Coffee_Ground,131,7.89,1033.51,0,0,0,0
2024-06-14 00:00:00,Coffee_Ground,108,7.89,852.24,0,0,0,0
2024-06-15 00:00:00,Coffee_Ground,128,7.9,1011.35,0,0,1,0
2024-06-16 00:00:00,Coffee_Ground,131,7.89,1033.98,0,0,1,0
2024-06-17 00:00:00,Coffee_Ground,131,7.89,1033.87,0,0,0,0
2024-06-18 00:00:00,Coffee_Ground,135,7.89,1065.68,0,0,0,0
2024-06-19 00:00:00,Coffee_Ground,169,7.89,1333.64,0,1,0,0
2024-06-20 00:00:00,Coffee_Ground,140,7.89,1104.07,0,0,0,0
2024-06-21 00:00:00,Coffee_Ground,98,7.89,772.97,0,0,0,0
2024-06-22 00:00:00,Coffee_Ground,103,7.89,812.79,0,0,1,0
2024-06-23 00:00:00,Coffee_Ground,115,7.89,907.87,0,0,1,0
2024-06-24 00:00:00,Coffee_Ground,121,7.89,955.2,0,0,0,0
2024-06-25 00:00:00,Coffee_Ground,119,7.9,939.56,0,0,0,0
2024-06-26 00:00:00,Coffee_Ground,132,7.9,1042.81,0,0,0,0
2024-06-27 00:00:00,Coffee_Ground,126,7.91,996.24,0,0,0,0
2024-06-28 00:00:00,Coffee_Ground,105,7.91,831.06,0,0,0,0
2024-06-29 00:00:00,Coffee_Ground,104,7.91,822.65,0,0,1,0
2024-06-30 00:00:00,Coffee_Ground,112,7.91,885.77,0,0,1,0
2024-07-01 00:00:00,Coffee_Ground,122,7.92,965.69,0,0,0,0
2024-07-02 00:00:00,Coffee_Ground,121,7.92,958.37,0,0,0,0
2024-07-03 00:00:00,Coffee_Ground,136,7.92,1077.01,0,0,0,0
2024-07-04 00:00:00,Coffee_Ground,138,7.92,1092.55,0,1,0,0
2024-07-05 00:00:00,Coffee_Ground,96,7.92,760.6,0,0,0,0
2024-07-06 00:00:00,Coffee_Ground,111,7.93,879.9,0,0,1,0
2024-07-07 00:00:00,Coffee_Ground,126,7.93,998.79,0,0,1,0
2024-07-08 00:00:00,Coffee_Ground,110,7.93,872,0,0,0,0
2024-07-09 00:00:00,Coffee_Ground,136,7.92,1077.05,0,0,0,0
2024-07-10 00:00:00,Coffee_Ground,117,7.92,926.24,0,0,0,0
2024-07-11 00:00:00,Coffee_Ground,152,7.32,1112.58,1,0,0,0
2024-07-12 00:00:00,Coffee_Ground,115,7.35,844.83,1,0,0,0
2024-07-13 00:00:00,Coffee_Ground,123,7.29,896.31,1,0,1,0
2024-07-14 00:00:00,Coffee_Ground,134,6.97,933.37,1,0,1,0
2024-07-15 00:00:00,Coffee_Ground,151,7.23,1091.1,1,0,0,0
2024-07-16 00:00:00,Coffee_Ground,143,7.17,1025.01,1,0,0,0
2024-07-17 00:00:00,Coffee_Ground,117,7.89,922.84,0,0,0,0
2024-07-18 00:00:00,Coffee_Ground,95,7.89,749.43,0,0,0,0
2024-07-19 00:00:00,Coffee_Ground,112,7.89,883.35,0,0,0,0
2024-07-20 00:00:00,Coffee_Ground,114,7.88,898.82,0,0,1,0
2024-07-21 00:00:00,Coffee_Ground,116,7.88,913.61,0,0,1,0
2024-07-22 00:00:00,Coffee_Ground,115,7.88,906.3,0,0,0,0
2024-07-23 00:00:00,Coffee_Ground,118,7.88,929.6,0,0,0,0
2024-07-24 00:00:00,Coffee_Ground,133,7.87,1046.73,0,0,0,0
2024-07-25 00:00:00,Coffee_Ground,115,7.87,905.05,0,0,0,0
2024-07-26 00:00:00,Coffee_Ground,122,7.87,959.6,0,0,0,0
2024-07-27 00:00:00,Coffee_Ground,106,7.88,835.74,0,0,1,0
2024-07-28 00:00:00,Coffee_Ground,130,7.89,1025.6,0,0,1,0
2024-07-29 00:00:00,Coffee_Ground,113,7.88,890.59,0,0,0,0
2024-07-30 00:00:00,Coffee_Ground,118,7.89,930.72,0,0,0,0
2024-07-31 00:00:00,Coffee_Ground,138,7.89,1088.9,0,0,0,0
2024-08-01 00:00:00,Coffee_Ground,120,7.89,946.84,0,0,0,0
2024-08-02 00:00:00,Coffee_Ground,106,7.88,835.15,0,0,0,0
2024-08-03 00:00:00,Coffee_Ground,86,7.87,676.79,0,0,1,0
2024-08-04 00:00:00,Coffee_Ground,97,7.85,761.7,0,0,1,0
2024-08-05 00:00:00,Coffee_Ground,103,7.86,809.68,0,0,0,0
2024-08-06 00:00:00,Coffee_Ground,119,7.87,936.21,0,0,0,0
2024-08-07 00:00:00,Coffee_Ground,111,7.87,873.47,0,0,0,0
2024-08-08 00:00:00,Coffee_Ground,96,7.87,755.77,0,0,0,0
2024-08-09 00:00:00,Coffee_Ground,104,7.87,818.03,0,0,0,0
2024-08-10 00:00:00,Coffee_Ground,93,7.88,732.96,0,0,1,0
2024-08-11 00:00:00,Coffee_Ground,104,7.88,819.23,0,0,1,0
2024-08-12 00:00:00,Coffee_Ground,99,7.87,779.13,0,0,0,0
2024-08-13 00:00:00,Coffee_Ground,134,7.87,1054.06,0,0,0,0
2024-08-14 00:00:00,Coffee_Ground,119,7.88,937.2,0,0,0,0
2024-08-15 00:00:00,Coffee_Ground,105,7.88,827.03,0,0,0,0
2024-08-16 00:00:00,Coffee_Ground,101,7.88,795.8,0,0,0,0
2024-08-17 00:00:00,Coffee_Ground,86,7.87,676.72,0,0,1,0
2024-08-18 00:00:00,Coffee_Ground,94,7.87,739.6,0,0,1,0
2024-08-19 00:00:00,Coffee_Ground,106,7.86,833.48,0,0,0,0
2024-08-20 00:00:00,Coffee_Ground,116,7.86,911.55,0,0,0,0
2024-08-21 00:00:00,Coffee_Ground,128,7.85,1005.32,0,0,0,0
2024-08-22 00:00:00,Coffee_Ground,110,7.86,864.91,0,0,0,0
2024-08-23 00:00:00,Coffee_Ground,106,7.87,833.93,0,0,0,0
2024-08-24 00:00:00,Coffee_Ground,86,7.87,676.52,0,0,1,0
2024-08-25 00:00:00,Coffee_Ground,109,7.87,857.45,0,0,1,0
2024-08-26 00:00:00,Coffee_Ground,121,7.86,951.21,0,0,0,0
2024-08-27 00:00:00,Coffee_Ground,112,7.85,879.08,0,0,0,0
2024-08-28 00:00:00,Coffee_Ground,127,7.85,996.88,0,0,0,0
2024-08-29 00:00:00,Coffee_Ground,100,7.85,784.78,0,0,0,0
2024-08-30 00:00:00,Coffee_Ground,99,7.86,777.91,0,0,0,0
2024-08-31 00:00:00,Coffee_Ground,92,7.86,723.55,0,0,1,0
2024-09-01 00:00:00,Coffee_Ground,87,7.86,683.43,0,0,1,0
2024-09-02 00:00:00,Coffee_Ground,117,7.86,919.2,0,1,0,0
2024-09-03 00:00:00,Coffee_Ground,119,7.86,934.82,0,0,0,0
2024-09-04 00:00:00,Coffee_Ground,108,7.84,847.18,0,0,0,0
2024-09-05 00:00:00,Coffee_Ground,125,7.85,980.74,0,0,0,0
2024-09-06 00:00:00,Coffee_Ground,111,7.86,872.32,0,0,0,0
2024-09-07 00:00:00,Coffee_Ground,99,7.85,777.02,0,0,1,0
2024-09-08 00:00:00,Coffee_Ground,115,7.85,902.28,0,0,1,0
2024-09-09 00:00:00,Coffee_Ground,90,7.85,706.06,0,0,0,0
2024-09-10 00:00:00,Coffee_Ground,110,7.84,862.77,0,0,0,0
2024-09-11 00:00:00,Coffee_Ground,141,7.84,1105.41,0,0,0,0
2024-09-12 00:00:00,Coffee_Ground,98,7.85,768.98,0,0,0,0
2024-09-13 00:00:00,Coffee_Ground,87,7.86,683.6,0,0,0,0
2024-09-14 00:00:00,Coffee_Ground,99,7.86,778.02,0,0,1,0
2024-09-15 00:00:00,Coffee_Ground,92,7.85,722.08,0,0,1,0
2024-09-16 00:00:00,Coffee_Ground,110,7.85,863.53,0,0,0,0
2024-09-17 00:00:00,Coffee_Ground,99,7.85,776.99,0,0,0,0
2024-09-18 00:00:00,Coffee_Ground,108,7.85,848.16,0,0,0,0
2024-09-19 00:00:00,Coffee_Ground,107,7.85,839.65,0,0,0,0
2024-09-20 00:00:00,Coffee_Ground,94,7.85,737.48,0,0,0,0
2024-09-21 00:00:00,Coffee_Ground,85,7.85,667.42,0,0,1,0
2024-09-22 00:00:00,Coffee_Ground,85,7.84,666.39,0,0,1,0
2024-09-23 00:00:00,Coffee_Ground,112,7.86,879.92,0,0,0,0
2024-09-24 00:00:00,Coffee_Ground,112,7.85,878.79,0,0,0,0
2024-09-25 00:00:00,Coffee_Ground,113,7.85,886.76,0,0,0,0
2024-09-26 00:00:00,Coffee_Ground,114,7.85,894.34,0,0,0,0
2024-09-27 00:00:00,Coffee_Ground,100,7.84,784.45,0,0,0,0
2024-09-28 00:00:00,Coffee_Ground,80,7.84,627.46,0,0,1,0
2024-09-29 00:00:00,Coffee_Ground,88,7.86,691.32,0,0,1,0
2024-09-30 00:00:00,Coffee_Ground,97,7.85,761.09,0,0,0,0
2024-10-01 00:00:00,Coffee_Ground,107,7.85,839.84,0,0,0,0
2024-10-02 00:00:00,Coffee_Ground,103,7.85,808.98,0,0,0,0
2024-10-03 00:00:00,Coffee_Ground,107,7.86,840.81,0,0,0,0
2024-10-04 00:00:00,Coffee_Ground,89,7.85,698.91,0,0,0,0
2024-10-05 00:00:00,Coffee_Ground,88,7.85,691.1,0,0,1,0
2024-10-06 00:00:00,Coffee_Ground,97,7.85,761.06,0,0,1,0
2024-10-07 00:00:00,Coffee_Ground,104,7.84,815.17,0,0,0,0
2024-10-08 00:00:00,Coffee_Ground,111,7.85,871.06,0,0,0,0
2024-10-09 00:00:00,Coffee_Ground,150,7.03,1054.37,1,0,0,0
2024-10-10 00:00:00,Coffee_Ground,145,6.99,1013.92,1,0,0,0
2024-10-11 00:00:00,Coffee_Ground,127,7.03,892.47,1,0,0,0
2024-10-12 00:00:00,Coffee_Ground,132,7.25,956.96,1,0,1,0
2024-10-13 00:00:00,Coffee_Ground,133,7.24,962.94,1,0,1,0
2024-10-14 00:00:00,Coffee_Ground,125,7.16,895.16,1,1,0,0
2024-10-15 00:00:00,Coffee_Ground,105,7.86,825.76,0,0,0,0
2024-10-16 00:00:00,Coffee_Ground,130,7.86,1022.25,0,0,0,0
2024-10-17 00:00:00,Coffee_Ground,101,7.86,794.1,0,0,0,0
2024-10-18 00:00:00,Coffee_Ground,96,7.86,755,0,0,0,0
2024-10-19 00:00:00,Coffee_Ground,108,7.87,850.4,0,0,1,0
2024-10-20 00:00:00,Coffee_Ground,91,7.87,716.18,0,0,1,0
2024-10-21 00:00:00,Coffee_Ground,103,7.87,810.7,0,0,0,0
2024-10-22 00:00:00,Coffee_Ground,92,7.86,723.17,0,0,0,0
2024-10-23 00:00:00,Coffee_Ground,111,7.85,871.68,0,0,0,0
2024-10-24 00:00:00,Coffee_Ground,105,7.86,824.83,0,0,0,0
2024-10-25 00:00:00,Coffee_Ground,106,7.85,832.33,0,0,0,0
2024-10-26 00:00:00,Coffee_Ground,74,7.85,581.19,0,0,1,0
2024-10-27 00:00:00,Coffee_Ground,99,7.85,777.2,0,0,1,0
2024-10-28 00:00:00,Coffee_Ground,114,7.85,895.36,0,0,0,0
2024-10-29 00:00:00,Coffee_Ground,99,7.87,778.66,0,0,0,0
2024-10-30 00:00:00,Coffee_Ground,103,7.86,809.67,0,0,0,0
2024-10-31 00:00:00,Coffee_Ground,109,7.85,855.65,0,0,0,0
2024-11-01 00:00:00,Coffee_Ground,93,7.85,729.78,0,0,0,0
2024-11-02 00:00:00,Coffee_Ground,119,7.83,932.2,0,0,1,0
2024-11-03 00:00:00,Coffee_Ground,92,7.85,722.31,0,0,1,0
2024-11-04 00:00:00,Coffee_Ground,116,7.86,912.15,0,0,0,0
2024-11-05 00:00:00,Coffee_Ground,123,7.87,967.64,0,0,0,0
2024-11-06 00:00:00,Coffee_Ground,122,7.86,959.09,0,0,0,0
2024-11-07 00:00:00,Coffee_Ground,112,7.86,880.57,0,0,0,0
2024-11-08 00:00:00,Coffee_Ground,111,7.86,872.08,0,0,0,0
2024-11-09 00:00:00,Coffee_Ground,87,7.86,683.78,0,0,1,0
2024-11-10 00:00:00,Coffee_Ground,104,7.87,818.99,0,0,1,0
2024-11-11 00:00:00,Coffee_Ground,132,7.88,1040.04,0,1,0,0
2024-11-12 00:00:00,Coffee_Ground,114,7.89,899.28,0,0,0,0
2024-11-13 00:00:00,Coffee_Ground,112,7.89,883.15,0,0,0,0
2024-11-14 00:00:00,Coffee_Ground,118,7.89,930.75,0,0,0,0
2024-11-15 00:00:00,Coffee_Ground,92,7.88,724.54,0,0,0,0
2024-11-16 00:00:00,Coffee_Ground,102,7.88,804.26,0,0,1,0
2024-11-17 00:00:00,Coffee_Ground,117,7.88,922.29,0,0,1,0
2024-11-18 00:00:00,Coffee_Ground,101,7.88,795.85,0,0,0,0
2024-11-19 00:00:00,Coffee_Ground,137,7.87,1078.21,0,0,0,0
2024-11-20 00:00:00,Coffee_Ground,126,7.87,992.05,0,0,0,0
2024-11-21 00:00:00,Coffee_Ground,104,7.87,818.21,0,0,0,0
2024-11-22 00:00:00,Coffee_Ground,124,7.87,975.36,0,0,0,0
2024-11-23 00:00:00,Coffee_Ground,84,7.87,661.14,0,0,1,0
2024-11-24 00:00:00,Coffee_Ground,96,7.87,755.88,0,0,1,0
2024-11-25 00:00:00,Coffee_Ground,139,7.12,989.46,1,0,0,0
2024-11-26 00:00:00,Coffee_Ground,153,7.24,1107.69,1,0,0,0
2024-11-27 00:00:00,Coffee_Ground,151,7.21,1088.29,1,0,0,0
2024-11-28 00:00:00,Coffee_Ground,146,7.47,1090.29,1,1,0,0
2024-11-29 00:00:00,Coffee_Ground,120,7.2,864.04,1,0,0,0
2024-11-30 00:00:00,Coffee_Ground,150,6.98,1047.64,1,0,1,0
2024-12-01 00:00:00,Coffee_Ground,130,7.07,918.7,1,0,1,0
2024-12-02 00:00:00,Coffee_Ground,107,7.86,841.03,0,0,0,0
2024-12-03 00:00:00,Coffee_Ground,122,7.87,959.61,0,0,0,0
2024-12-04 00:00:00,Coffee_Ground,119,7.87,936.7,0,0,0,0
2024-12-05 00:00:00,Coffee_Ground,102,7.87,803.08,0,0,0,0
2024-12-06 00:00:00,Coffee_Ground,107,7.86,841.49,0,0,0,0
2024-12-07 00:00:00,Coffee_Ground,104,7.87,818.51,0,0,1,0
2024-12-08 00:00:00,Coffee_Ground,105,7.87,826.28,0,0,1,0
2024-12-09 00:00:00,Coffee_Ground,113,7.87,889.37,0,0,0,0
2024-12-10 00:00:00,Coffee_Ground,140,7.86,1101.05,0,0,0,0
2024-12-11 00:00:00,Coffee_Ground,129,7.87,1015.26,0,0,0,0
2024-12-12 00:00:00,Coffee_Ground,122,7.87,960.29,0,0,0,0
2024-12-13 00:00:00,Coffee_Ground,123,7.87,967.91,0,0,0,0
2024-12-14 00:00:00,Coffee_Ground,106,7.86,833.37,0,0,1,0
2024-12-15 00:00:00,Coffee_Ground,106,7.86,832.82,0,0,1,0
2024-12-16 00:00:00,Coffee_Ground,105,7.85,824.32,0,0,0,0
2024-12-17 00:00:00,Coffee_Ground,111,7.86,872.17,0,0,0,0
2024-12-18 00:00:00,Coffee_Ground,149,7.01,1043.8,1,0,0,0
2024-12-19 00:00:00,Coffee_Ground,155,6.93,1074.47,1,0,0,0
2024-12-20 00:00:00,Coffee_Ground,114,7.4,843.31,1,0,0,0
2024-12-21 00:00:00,Coffee_Ground,148,7.25,1073.68,1,0,1,0
2024-12-22 00:00:00,Coffee_Ground,132,6.95,917.55,1,0,1,0
2024-12-23 00:00:00,Coffee_Ground,146,6.94,1013.05,1,0,0,0
2024-12-24 00:00:00,Coffee_Ground,148,7.45,1103.01,1,0,0,0
2024-12-25 00:00:00,Coffee_Ground,169,7.23,1221.62,1,1,0,0
2024-12-26 00:00:00,Coffee_Ground,156,7.37,1150.48,1,0,0,0
2024-12-27 00:00:00,Coffee_Ground,119,7.39,879.51,1,0,0,0
2024-12-28 00:00:00,Coffee_Ground,138,6.95,959.46,1,0,1,0
2024-12-29 00:00:00,Coffee_Ground,136,7.44,1011.45,1,0,1,0
2024-12-30 00:00:00,Coffee_Ground,145,7.02,1017.36,1,0,0,0
2024-12-31 00:00:00,Coffee_Ground,166,7.45,1236.56,1,0,0,0
2025-01-01 00:00:00,Coffee_Ground,155,7.84,1215.96,0,1,0,0
2025-01-02 00:00:00,Coffee_Ground,120,7.84,940.73,0,0,0,0
2025-01-03 00:00:00,Coffee_Ground,106,7.84,831.36,0,0,0,0
2025-01-04 00:00:00,Coffee_Ground,120,7.85,942.52,0,0,1,0
2025-01-05 00:00:00,Coffee_Ground,112,7.86,880.01,0,0,1,0
2025-01-06 00:00:00,Coffee_Ground,131,7.86,1029.99,0,0,0,0
2025-01-07 00:00:00,Coffee_Ground,138,7.85,1083.85,0,0,0,0
2025-01-08 00:00:00,Coffee_Ground,129,7.85,1013.12,0,0,0,0
2025-01-09 00:00:00,Coffee_Ground,125,7.85,981.24,0,0,0,0
2025-01-10 00:00:00,Coffee_Ground,103,7.85,809.04,0,0,0,0
2025-01-11 00:00:00,Coffee_Ground,120,7.85,942.09,0,0,1,0
2025-01-12 00:00:00,Coffee_Ground,121,7.85,950.1,0,0,1,0
2025-01-13 00:00:00,Coffee_Ground,102,7.85,801.18,0,0,0,0
2025-01-14 00:00:00,Coffee_Ground,137,7.84,1074.27,0,0,0,0
2025-01-15 00:00:00,Coffee_Ground,142,7.84,1112.61,0,0,0,0
2025-01-16 00:00:00,Coffee_Ground,134,7.83,1049.76,0,0,0,0
2025-01-17 00:00:00,Coffee_Ground,106,7.84,831.39,0,0,0,0
2025-01-18 00:00:00,Coffee_Ground,123,7.83,963.56,0,0,1,0
2025-01-19 00:00:00,Coffee_Ground,111,7.84,869.94,0,0,1,0
2025-01-20 00:00:00,Coffee_Ground,137,7.83,1072.71,0,1,0,0
2025-01-21 00:00:00,Coffee_Ground,146,7.83,1143.56,0,0,0,0
2025-01-22 00:00:00,Coffee_Ground,153,7.84,1199.86,0,0,0,0
2025-01-23 00:00:00,Coffee_Ground,136,7.83,1065.51,0,0,0,0
2025-01-24 00:00:00,Coffee_Ground,99,7.83,775.38,0,0,0,0
2025-01-25 00:00:00,Coffee_Ground,122,7.84,955.87,0,0,1,0
2025-01-26 00:00:00,Coffee_Ground,114,7.84,893.38,0,0,1,0
2025-01-27 00:00:00,Coffee_Ground,134,7.85,1051.39,0,0,0,0
2025-01-28 00:00:00,Coffee_Ground,130,7.83,1018.23,0,0,0,0
2025-01-29 00:00:00,Coffee_Ground,136,7.83,1065.47,0,0,0,0
2025-01-30 00:00:00,Coffee_Ground,125,7.83,978.95,0,0,0,0
2025-01-31 00:00:00,Coffee_Ground,123,7.84,963.97,0,0,0,0
2025-02-01 00:00:00,Coffee_Ground,105,7.83,822.09,0,0,1,0
2025-02-02 00:00:00,Coffee_Ground,128,7.83,1001.65,0,0,1,0
2025-02-03 00:00:00,Coffee_Ground,133,7.82,1040.42,0,0,0,0
2025-02-04 00:00:00,Coffee_Ground,137,7.83,1072.95,0,0,0,0
2025-02-05 00:00:00,Coffee_Ground,140,7.83,1096.37,0,0,0,0
2025-02-06 00:00:00,Coffee_Ground,132,7.83,1033.09,0,0,0,0
2025-02-07 00:00:00,Coffee_Ground,138,7.83,1079.85,0,0,0,0
2025-02-08 00:00:00,Coffee_Ground,120,7.82,938.5,0,0,1,0
2025-02-09 00:00:00,Coffee_Ground,134,7.83,1049.12,0,0,1,0
2025-02-10 00:00:00,Coffee_Ground,147,7.83,1151.03,0,0,0,0
2025-02-11 00:00:00,Coffee_Ground,145,7.83,1134.83,0,0,0,0
2025-02-12 00:00:00,Coffee_Ground,148,7.82,1157.42,0,0,0,0
2025-02-13 00:00:00,Coffee_Ground,144,7.82,1126.18,0,0,0,0
2025-02-14 00:00:00,Coffee_Ground,121,7.82,946.16,0,0,0,0
2025-02-15 00:00:00,Coffee_Ground,107,7.82,837.18,0,0,1,0
2025-02-16 00:00:00,Coffee_Ground,109,7.84,854.09,0,0,1,0
2025-02-17 00:00:00,Coffee_Ground,145,7.83,1134.67,0,1,0,0
2025-02-18 00:00:00,Coffee_Ground,166,7.82,1297.72,0,0,0,0
2025-02-19 00:00:00,Coffee_Ground,148,7.81,1156.43,0,0,0,0
2025-02-20 00:00:00,Coffee_Ground,143,7.81,1116.32,0,0,0,0
2025-02-21 00:00:00,Coffee_Ground,115,7.81,897.84,0,0,0,0
2025-02-22 00:00:00,Coffee_Ground,120,7.81,936.69,0,0,1,0
2025-02-23 00:00:00,Coffee_Ground,120,7.8,936.15,0,0,1,0
2025-02-24 00:00:00,Coffee_Ground,140,7.81,1093.21,0,0,0,0
2025-02-25 00:00:00,Coffee_Ground,135,7.81,1054.07,0,0,0,0
2025-02-26 00:00:00,Coffee_Ground,140,7.8,1091.56,0,0,0,0
2025-02-27 00:00:00,Coffee_Ground,147,7.8,1147.25,0,0,0,0
2025-02-28 00:00:00,Coffee_Ground,118,7.81,922,0,0,0,0
2025-03-01 00:00:00,Coffee_Ground,135,7.81,1054.94,0,0,1,0
2025-03-02 00:00:00,Coffee_Ground,137,7.81,1069.78,0,0,1,0
2025-03-03 00:00:00,Coffee_Ground,134,7.8,1045.85,0,0,0,0
2025-03-04 00:00:00,Coffee_Ground,156,7.81,1217.66,0,0,0,0
2025-03-05 00:00:00,Coffee_Ground,150,7.8,1170.5,0,0,0,0
2025-03-06 00:00:00,Coffee_Ground,143,7.8,1115.58,0,0,0,0
2025-03-07 00:00:00,Coffee_Ground,150,7.29,1093.77,1,0,0,0
2025-03-08 00:00:00,Coffee_Ground,159,7.13,1132.93,1,0,1,0
2025-03-09 00:00:00,Coffee_Ground,142,7.19,1021.07,1,0,1,0
2025-03-10 00:00:00,Coffee_Ground,170,7.26,1234.46,1,0,0,0
2025-03-11 00:00:00,Coffee_Ground,167,7.36,1229,1,0,0,0
2025-03-12 00:00:00,Coffee_Ground,177,7.25,1283.91,1,0,0,0
2025-03-13 00:00:00,Coffee_Ground,145,7.79,1129.46,0,0,0,0
2025-03-14 00:00:00,Coffee_Ground,135,7.8,1053.34,0,0,0,0
2025-03-15 00:00:00,Coffee_Ground,132,7.8,1029.48,0,0,1,0
2025-03-16 00:00:00,Coffee_Ground,136,7.8,1060.44,0,0,1,0
2025-03-17 00:00:00,Coffee_Ground,148,7.81,1155.25,0,0,0,0
2025-03-18 00:00:00,Coffee_Ground,135,7.81,1053.92,0,0,0,0
2025-03-19 00:00:00,Coffee_Ground,155,7.81,1210.7,0,0,0,0
2025-03-20 00:00:00,Coffee_Ground,153,7.82,1195.75,0,0,0,0
2025-03-21 00:00:00,Coffee_Ground,122,7.81,953.24,0,0,0,0
2025-03-22 00:00:00,Coffee_Ground,119,7.8,928.6,0,0,1,0
2025-03-23 00:00:00,Coffee_Ground,122,7.8,951.97,0,0,1,0
2025-03-24 00:00:00,Coffee_Ground,137,7.8,1068.17,0,0,0,0
2025-03-25 00:00:00,Coffee_Ground,137,7.8,1068.16,0,0,0,0
2025-03-26 00:00:00,Coffee_Ground,144,7.79,1121.88,0,0,0,0
2025-03-27 00:00:00,Coffee_Ground,152,7.8,1185.92,0,0,0,0
2025-03-28 00:00:00,Coffee_Ground,115,7.79,896.15,0,0,0,0
2025-03-29 00:00:00,Coffee_Ground,132,7.79,1027.97,0,0,1,0
2025-03-30 00:00:00,Coffee_Ground,113,7.79,880.19,0,0,1,0
2025-03-31 00:00:00,Coffee_Ground,140,7.79,1090.44,0,0,0,0
2025-04-01 00:00:00,Coffee_Ground,134,7.79,1043.3,0,0,0,0
2025-04-02 00:00:00,Coffee_Ground,156,7.78,1214.41,0,0,0,0
2025-04-03 00:00:00,Coffee_Ground,162,7.78,1260.81,0,0,0,0
2025-04-04 00:00:00,Coffee_Ground,134,7.78,1042.28,0,0,0,0
2025-04-05 00:00:00,Coffee_Ground,145,7.78,1128.26,0,0,1,0
2025-04-06 00:00:00,Coffee_Ground,132,7.79,1028.3,0,0,1,0
2025-04-07 00:00:00,Coffee_Ground,135,7.78,1050.49,0,0,0,0
2025-04-08 00:00:00,Coffee_Ground,154,7.78,1197.72,0,0,0,0
2025-04-09 00:00:00,Coffee_Ground,143,7.78,1111.98,0,0,0,0
2025-04-10 00:00:00,Coffee_Ground,133,7.77,1034.07,0,0,0,0
2025-04-11 00:00:00,Coffee_Ground,126,7.77,979.21,0,0,0,0
2025-04-12 00:00:00,Coffee_Ground,132,7.79,1027.76,0,0,1,0
2025-04-13 00:00:00,Coffee_Ground,126,7.79,981.81,0,0,1,0
2025-04-14 00:00:00,Coffee_Ground,146,7.79,1138.05,0,0,0,0
2025-04-15 00:00:00,Coffee_Ground,144,7.79,1121.1,0,0,0,0
2025-04-16 00:00:00,Coffee_Ground,164,7.77,1275.03,0,0,0,0
2025-04-17 00:00:00,Coffee_Ground,153,7.78,1190.14,0,0,0,0
2025-04-18 00:00:00,Coffee_Ground,120,7.77,932.73,0,0,0,0
2025-04-19 00:00:00,Coffee_Ground,137,7.78,1065.49,0,0,1,0
2025-04-20 00:00:00,Coffee_Ground,136,7.78,1058.56,0,0,1,0
2025-04-21 00:00:00,Coffee_Ground,132,7.79,1028.37,0,0,0,0
2025-04-22 00:00:00,Coffee_Ground,146,7.79,1137.42,0,0,0,0
2025-04-23 00:00:00,Coffee_Ground,147,7.77,1142.45,0,0,0,0
2025-04-24 00:00:00,Coffee_Ground,140,7.77,1088.26,0,0,0,0
2025-04-25 00:00:00,Coffee_Ground,146,7.78,1135.82,0,0,0,0
2025-04-26 00:00:00,Coffee_Ground,140,7.78,1088.5,0,0,1,0
2025-04-27 00:00:00,Coffee_Ground,126,7.77,979.52,0,0,1,0
2025-04-28 00:00:00,Coffee_Ground,133,7.77,1033.46,0,0,0,0
2025-04-29 00:00:00,Coffee_Ground,139,7.77,1079.42,0,0,0,0
2025-04-30 00:00:00,Coffee_Ground,159,7.76,1233.25,0,0,0,0
2025-05-01 00:00:00,Coffee_Ground,137,7.74,1060.98,0,0,0,0
2025-05-02 00:00:00,Coffee_Ground,139,7.74,1076.04,0,0,0,0
2025-05-03 00:00:00,Coffee_Ground,151,7.74,1169.08,0,0,1,0
2025-05-04 00:00:00,Coffee_Ground,129,7.74,998.74,0,0,1,0
2025-05-05 00:00:00,Coffee_Ground,133,7.73,1028.61,0,0,0,0
2025-05-06 00:00:00,Coffee_Ground,130,7.74,1005.57,0,0,0,0
2025-05-07 00:00:00,Coffee_Ground,159,7.74,1230.47,0,0,0,0
2025-05-08 00:00:00,Coffee_Ground,140,7.74,1084.08,0,0,0,0
2025-05-09 00:00:00,Coffee_Ground,132,7.75,1022.41,0,0,0,0
2025-05-10 00:00:00,Coffee_Ground,123,7.74,951.62,0,0,1,0
2025-05-11 00:00:00,Coffee_Ground,134,7.74,1036.95,0,0,1,0
2025-05-12 00:00:00,Coffee_Ground,141,7.74,1091.78,0,0,0,0
2025-05-13 00:00:00,Coffee_Ground,157,7.74,1215.63,0,0,0,0
2025-05-14 00:00:00,Coffee_Ground,155,7.75,1200.59,0,0,0,0
2025-05-15 00:00:00,Coffee_Ground,139,7.75,1076.69,0,0,0,0
2025-05-16 00:00:00,Coffee_Ground,130,7.74,1006.8,0,0,0,0
2025-05-17 00:00:00,Coffee_Ground,106,7.74,820.64,0,0,1,0
2025-05-18 00:00:00,Coffee_Ground,125,7.75,968.62,0,0,1,0
2025-05-19 00:00:00,Coffee_Ground,117,7.75,906.22,0,0,0,0
2025-05-20 00:00:00,Coffee_Ground,138,7.74,1068.68,0,0,0,0
2025-05-21 00:00:00,Coffee_Ground,164,7.75,1271.57,0,0,0,0
2025-05-22 00:00:00,Coffee_Ground,149,7.76,1156.35,0,0,0,0
2025-05-23 00:00:00,Coffee_Ground,112,7.76,869.32,0,0,0,0
2025-05-24 00:00:00,Coffee_Ground,129,7.75,1000.33,0,0,1,0
2025-05-25 00:00:00,Coffee_Ground,125,7.75,968.3,0,0,1,0
2025-05-26 00:00:00,Coffee_Ground,127,7.76,985.55,0,1,0,0
2025-05-27 00:00:00,Coffee_Ground,142,7.78,1104.6,0,0,0,0
2025-05-28 00:00:00,Coffee_Ground,149,7.79,1161.01,0,0,0,0
2025-05-29 00:00:00,Coffee_Ground,141,7.79,1098.5,0,0,0,0
2025-05-30 00:00:00,Coffee_Ground,115,7.8,897.35,0,0,0,0
2025-05-31 00:00:00,Coffee_Ground,103,7.8,803.8,0,0,1,0
2025-06-01 00:00:00,Coffee_Ground,144,7.8,1122.62,0,0,1,0
2025-06-02 00:00:00,Coffee_Ground,144,7.78,1120.71,0,0,0,0
2025-06-03 00:00:00,Coffee_Ground,137,7.78,1065.8,0,0,0,0
2025-06-04 00:00:00,Coffee_Ground,141,7.78,1096.93,0,0,0,0
2025-06-05 00:00:00,Coffee_Ground,126,7.77,979.44,0,0,0,0
2025-06-06 00:00:00,Coffee_Ground,134,7.77,1041.79,0,0,0,0
2025-06-07 00:00:00,Coffee_Ground,120,7.78,934,0,0,1,0
2025-06-08 00:00:00,Coffee_Ground,119,7.78,925.63,0,0,1,0
2025-06-09 00:00:00,Coffee_Ground,141,7.77,1096.13,0,0,0,0
2025-06-10 00:00:00,Coffee_Ground,136,7.77,1056.88,0,0,0,0
2025-06-11 00:00:00,Coffee_Ground,152,7.77,1181.31,0,0,0,0
2025-06-12 00:00:00,Coffee_Ground,118,7.77,917.28,0,0,0,0
2025-06-13 00:00:00,Coffee_Ground,110,7.78,855.71,0,0,0,0
2025-06-14 00:00:00,Coffee_Ground,101,7.79,786.57,0,0,1,0
2025-06-15 00:00:00,Coffee_Ground,127,7.79,989.69,0,0,1,0
2025-06-16 00:00:00,Coffee_Ground,136,7.79,1059.39,0,0,0,0
2025-06-17 00:00:00,Coffee_Ground,139,7.78,1081.78,0,0,0,0
2025-06-18 00:00:00,Coffee_Ground,141,7.79,1098.1,0,0,0,0
2025-06-19 00:00:00,Coffee_Ground,140,7.78,1089.73,0,1,0,0
2025-06-20 00:00:00,Coffee_Ground,127,7.78,988.33,0,0,0,0
2025-06-21 00:00:00,Coffee_Ground,100,7.78,778.37,0,0,1,0
2025-06-22 00:00:00,Coffee_Ground,121,7.78,941.29,0,0,1,0
2025-06-23 00:00:00,Coffee_Ground,160,7.18,1148.19,1,0,0,0
2025-06-24 00:00:00,Coffee_Ground,161,6.89,1108.52,1,0,0,0
2025-06-25 00:00:00,Coffee_Ground,185,7.32,1355.04,1,0,0,0
2025-06-26 00:00:00,Coffee_Ground,169,7.37,1246.04,1,0,0,0
2025-06-27 00:00:00,Coffee_Ground,141,7.37,1038.73,1,0,0,0
2025-06-28 00:00:00,Coffee_Ground,140,7.08,991.24,1,0,1,0
2025-06-29 00:00:00,Coffee_Ground,108,7.81,843.66,0,0,1,0
2025-06-30 00:00:00,Coffee_Ground,130,7.83,1017.39,0,0,0,0
2025-07-01 00:00:00,Coffee_Ground,132,7.82,1031.73,0,0,0,0
2025-07-02 00:00:00,Coffee_Ground,148,7.81,1156.24,0,0,0,0
2025-07-03 00:00:00,Coffee_Ground,101,7.82,789.92,0,0,0,0
2025-07-04 00:00:00,Coffee_Ground,138,7.84,1081.24,0,1,0,0
2025-07-05 00:00:00,Coffee_Ground,100,7.84,784.25,0,0,1,0
2025-07-06 00:00:00,Coffee_Ground,112,7.84,878.53,0,0,1,0
2025-07-07 00:00:00,Coffee_Ground,94,7.84,737.34,0,0,0,0
2025-07-08 00:00:00,Coffee_Ground,118,7.84,925.33,0,0,0,0
2025-07-09 00:00:00,Coffee_Ground,121,7.84,948.38,0,0,0,0
2025-07-10 00:00:00,Coffee_Ground,120,7.83,939.28,0,0,0,0
2025-07-11 00:00:00,Coffee_Ground,110,7.83,861.22,0,0,0,0
2025-07-12 00:00:00,Coffee_Ground,110,7.83,860.84,0,0,1,0
2025-07-13 00:00:00,Coffee_Ground,105,7.83,821.89,0,0,1,0
2025-07-14 00:00:00,Coffee_Ground,150,7.4,1110.48,1,0,0,0
2025-07-15 00:00:00,Coffee_Ground,150,7.22,1083.49,1,0,0,0
2025-07-16 00:00:00,Coffee_Ground,150,7.41,1111.13,1,0,0,0
2025-07-17 00:00:00,Coffee_Ground,145,6.94,1006.95,1,0,0,0
2025-07-18 00:00:00,Coffee_Ground,155,7.26,1125.02,1,0,0,0
2025-07-19 00:00:00,Coffee_Ground,129,7.18,925.64,1,0,1,0
2025-07-20 00:00:00,Coffee_Ground,105,7.83,822.35,0,0,1,0
2025-07-21 00:00:00,Coffee_Ground,106,7.84,830.84,0,0,0,0
2025-07-22 00:00:00,Coffee_Ground,126,7.84,987.59,0,0,0,0
2025-07-23 00:00:00,Coffee_Ground,120,7.85,941.87,0,0,0,0
2025-07-24 00:00:00,Coffee_Ground,117,7.85,918.67,0,0,0,0
2025-07-25 00:00:00,Coffee_Ground,107,7.85,839.76,0,0,0,0
2025-07-26 00:00:00,Coffee_Ground,89,7.85,698.76,0,0,1,0
2025-07-27 00:00:00,Coffee_Ground,127,7.85,996.7,0,0,1,0
2025-07-28 00:00:00,Coffee_Ground,105,7.86,825.13,0,0,0,0
2025-07-29 00:00:00,Coffee_Ground,120,7.86,943.36,0,0,0,0
2025-07-30 00:00:00,Coffee_Ground,113,7.87,889.74,0,0,0,0
2025-07-31 00:00:00,Coffee_Ground,118,7.88,929.87,0,0,0,0
2025-08-01 00:00:00,Coffee_Ground,91,7.88,717.02,0,0,0,0
2025-08-02 00:00:00,Coffee_Ground,96,7.87,755.76,0,0,1,0
2025-08-03 00:00:00,Coffee_Ground,123,7.87,968.15,0,0,1,0
2025-08-04 00:00:00,Coffee_Ground,118,7.88,929.32,0,0,0,0
2025-08-05 00:00:00,Coffee_Ground,124,7.88,977.1,0,0,0,0
2025-08-06 00:00:00,Coffee_Ground,142,7.89,1121.09,0,0,0,0
2025-08-07 00:00:00,Coffee_Ground,126,7.9,995.87,0,0,0,0
2025-08-08 00:00:00,Coffee_Ground,96,7.89,757.08,0,0,0,0
2025-08-09 00:00:00,Coffee_Ground,113,7.87,889.86,0,0,1,0
2025-08-10 00:00:00,Coffee_Ground,105,7.87,825.89,0,0,1,0
2025-08-11 00:00:00,Coffee_Ground,121,7.86,950.96,0,0,0,0
2025-08-12 00:00:00,Coffee_Ground,130,7.86,1021.85,0,0,0,0
2025-08-13 00:00:00,Coffee_Ground,120,7.86,943.32,0,0,0,0
2025-08-14 00:00:00,Coffee_Ground,111,7.87,873.24,0,0,0,0
2025-08-15 00:00:00,Coffee_Ground,98,7.87,771.64,0,0,0,0
2025-08-16 00:00:00,Coffee_Ground,98,7.87,771.03,0,0,1,0
2025-08-17 00:00:00,Coffee_Ground,100,7.87,786.88,0,0,1,0
2025-08-18 00:00:00,Coffee_Ground,112,7.87,881.33,0,0,0,0
2025-08-19 00:00:00,Coffee_Ground,103,7.87,810.26,0,0,0,0
2025-08-20 00:00:00,Coffee_Ground,117,7.87,920.24,0,0,0,0
2025-08-21 00:00:00,Coffee_Ground,122,7.87,959.91,0,0,0,0
2025-08-22 00:00:00,Coffee_Ground,104,7.88,819.04,0,0,0,0
2025-08-23 00:00:00,Coffee_Ground,92,7.87,724.46,0,0,1,0
2025-08-24 00:00:00,Coffee_Ground,112,7.87,881.92,0,0,1,0
2025-08-25 00:00:00,Coffee_Ground,116,7.88,913.93,0,0,0,0
2025-08-26 00:00:00,Coffee_Ground,106,7.88,835.09,0,0,0,0
2025-08-27 00:00:00,Coffee_Ground,121,7.88,953.98,0,0,0,0
2025-08-28 00:00:00,Coffee_Ground,105,7.89,828.6,0,0,0,0
2025-08-29 00:00:00,Coffee_Ground,108,7.9,852.92,0,0,0,0
2025-08-30 00:00:00,Coffee_Ground,116,7.9,916.66,0,0,1,0
2025-08-31 00:00:00,Coffee_Ground,86,7.9,679.66,0,0,1,0
2025-09-01 00:00:00,Coffee_Ground,121,7.9,956.26,0,1,0,0
2025-09-02 00:00:00,Coffee_Ground,116,7.9,916.87,0,0,0,0
2025-09-03 00:00:00,Coffee_Ground,123,7.89,970.73,0,0,0,0
2025-09-04 00:00:00,Coffee_Ground,102,7.89,805.04,0,0,0,0
2025-09-05 00:00:00,Coffee_Ground,82,7.9,647.99,0,0,0,0
2025-09-06 00:00:00,Coffee_Ground,86,7.91,680.03,0,0,1,0
2025-09-07 00:00:00,Coffee_Ground,112,7.9,885.02,0,0,1,0
2025-09-08 00:00:00,Coffee_Ground,106,7.92,839.02,0,0,0,0
2025-09-09 00:00:00,Coffee_Ground,118,7.91,932.9,0,0,0,0
2025-09-10 00:00:00,Coffee_Ground,117,7.91,925.24,0,0,0,0
2025-09-11 00:00:00,Coffee_Ground,124,7.91,981.43,0,0,0,0
2025-09-12 00:00:00,Coffee_Ground,97,7.92,768.5,0,0,0,0
2025-09-13 00:00:00,Coffee_Ground,97,7.91,767.51,0,0,1,0
2025-09-14 00:00:00,Coffee_Ground,94,7.9,742.7,0,0,1,0
2025-09-15 00:00:00,Coffee_Ground,100,7.9,789.99,0,0,0,0
2025-09-16 00:00:00,Coffee_Ground,112,7.89,883.91,0,0,0,0
2025-09-17 00:00:00,Coffee_Ground,116,7.89,915.38,0,0,0,0
2025-09-18 00:00:00,Coffee_Ground,110,7.89,867.36,0,0,0,0
2025-09-19 00:00:00,Coffee_Ground,99,7.89,780.95,0,0,0,0
2025-09-20 00:00:00,Coffee_Ground,96,7.88,756.79,0,0,1,0
2025-09-21 00:00:00,Coffee_Ground,106,7.89,836.25,0,0,1,0
2025-09-22 00:00:00,Coffee_Ground,117,7.89,923.11,0,0,0,0
2025-09-23 00:00:00,Coffee_Ground,104,7.89,820.73,0,0,0,0
2025-09-24 00:00:00,Coffee_Ground,126,7.89,994.11,0,0,0,0
2025-09-25 00:00:00,Coffee_Ground,117,7.9,923.82,0,0,0,0
2025-09-26 00:00:00,Coffee_Ground,112,7.89,883.73,0,0,0,0
2025-09-27 00:00:00,Coffee_Ground,107,7.89,844.01,0,0,1,0
2025-09-28 00:00:00,Coffee_Ground,100,7.88,788.16,0,0,1,0
2025-09-29 00:00:00,Coffee_Ground,92,7.88,724.83,0,0,0,0
2025-09-30 00:00:00,Coffee_Ground,121,7.89,954.19,0,0,0,0
2025-10-01 00:00:00,Coffee_Ground,109,7.89,859.74,0,0,0,0
2025-10-02 00:00:00,Coffee_Ground,106,7.88,835.49,0,0,0,0
2025-10-03 00:00:00,Coffee_Ground,83,7.89,654.82,0,0,0,0
2025-10-04 00:00:00,Coffee_Ground,65,7.89,512.77,0,0,1,0
2025-10-05 00:00:00,Coffee_Ground,109,7.89,860.33,0,0,1,0
2025-10-06 00:00:00,Coffee_Ground,101,7.89,796.87,0,0,0,0
2025-10-07 00:00:00,Coffee_Ground,125,7.89,986,0,0,0,0
2025-10-08 00:00:00,Coffee_Ground,147,7.32,1075.63,1,0,0,0
2025-10-09 00:00:00,Coffee_Ground,128,7.08,906.35,1,0,0,0
2025-10-10 00:00:00,Coffee_Ground,126,7.04,887.47,1,0,0,0
2025-10-11 00:00:00,Coffee_Ground,115,7.23,831.43,1,0,1,0
2025-10-12 00:00:00,Coffee_Ground,128,6.95,889.66,1,0,1,0
2025-10-13 00:00:00,Coffee_Ground,145,7.18,1040.8,1,1,0,0
2025-10-14 00:00:00,Coffee_Ground,129,7.87,1015.86,0,0,0,0
2025-10-15 00:00:00,Coffee_Ground,121,7.88,952.91,0,0,0,0
2025-10-16 00:00:00,Coffee_Ground,100,7.88,787.76,0,0,0,0
2025-10-17 00:00:00,Coffee_Ground,84,7.88,661.99,0,0,0,0
2025-10-18 00:00:00,Coffee_Ground,86,7.88,677.41,0,0,1,0
2025-10-19 00:00:00,Coffee_Ground,105,7.88,827.52,0,0,1,0
2025-10-20 00:00:00,Coffee_Ground,98,7.87,771.08,0,0,0,0
2025-10-21 00:00:00,Coffee_Ground,108,7.87,849.84,0,0,0,0
2025-10-22 00:00:00,Coffee_Ground,119,7.87,936.44,0,0,0,0
2025-10-23 00:00:00,Coffee_Ground,100,7.86,786.38,0,0,0,0
2025-10-24 00:00:00,Coffee_Ground,83,7.87,652.9,0,0,0,0
2025-10-25 00:00:00,Coffee_Ground,95,7.87,747.18,0,0,1,0
2025-10-26 00:00:00,Coffee_Ground,120,7.87,944.57,0,0,1,0
2025-10-27 00:00:00,Coffee_Ground,100,7.88,787.8,0,0,0,0
2025-10-28 00:00:00,Coffee_Ground,105,7.87,826.67,0,0,0,0
2025-10-29 00:00:00,Coffee_Ground,112,7.88,882.3,0,0,0,0
2025-10-30 00:00:00,Coffee_Ground,109,7.87,857.68,0,0,0,0
2025-10-31 00:00:00,Coffee_Ground,104,7.88,819.25,0,0,0,0
2025-11-01 00:00:00,Coffee_Ground,115,7.88,906.5,0,0,1,0
2025-11-02 00:00:00,Coffee_Ground,108,7.88,851.35,0,0,1,0
2025-11-03 00:00:00,Coffee_Ground,120,7.87,944.76,0,0,0,0
2025-11-04 00:00:00,Coffee_Ground,121,7.87,952.44,0,0,0,0
2025-11-05 00:00:00,Coffee_Ground,119,7.85,934.62,0,0,0,0
2025-11-06 00:00:00,Coffee_Ground,133,7.85,1044.02,0,0,0,0
2025-11-07 00:00:00,Coffee_Ground,99,7.85,776.67,0,0,0,0
2025-11-08 00:00:00,Coffee_Ground,103,7.84,807.28,0,0,1,0
2025-11-09 00:00:00,Coffee_Ground,61,7.85,478.66,0,0,1,0
2025-11-10 00:00:00,Coffee_Ground,102,7.84,799.75,0,0,0,0
2025-11-11 00:00:00,Coffee_Ground,131,7.85,1028.11,0,1,0,0
2025-11-12 00:00:00,Coffee_Ground,126,7.85,989.39,0,0,0,0
2025-11-13 00:00:00,Coffee_Ground,110,7.84,861.89,0,0,0,0
2025-11-14 00:00:00,Coffee_Ground,122,7.84,956.85,0,0,0,0
2025-11-15 00:00:00,Coffee_Ground,90,7.85,706.6,0,0,1,0
2025-11-16 00:00:00,Coffee_Ground,90,7.85,706.74,0,0,1,0
2025-11-17 00:00:00,Coffee_Ground,109,7.86,856.92,0,0,0,0
2025-11-18 00:00:00,Coffee_Ground,111,7.87,873.37,0,0,0,0
2025-11-19 00:00:00,Coffee_Ground,121,7.86,950.85,0,0,0,0
2025-11-20 00:00:00,Coffee_Ground,112,7.86,880.59,0,0,0,0
2025-11-21 00:00:00,Coffee_Ground,104,7.87,818.02,0,0,0,0
2025-11-22 00:00:00,Coffee_Ground,106,7.85,832.58,0,0,1,0
2025-11-23 00:00:00,Coffee_Ground,101,7.85,792.62,0,0,1,0
2025-11-24 00:00:00,Coffee_Ground,144,7.08,1020.02,1,0,0,0
2025-11-25 00:00:00,Coffee_Ground,162,7.23,1170.7,1,0,0,0
2025-11-26 00:00:00,Coffee_Ground,162,7.43,1203.49,1,0,0,0
2025-11-27 00:00:00,Coffee_Ground,169,6.93,1171.71,1,1,0,0
2025-11-28 00:00:00,Coffee_Ground,134,7.02,940.61,1,0,0,0
2025-11-29 00:00:00,Coffee_Ground,133,7.05,937.1,1,0,1,0
2025-11-30 00:00:00,Coffee_Ground,108,7.44,803.45,1,0,1,0
2025-12-01 00:00:00,Coffee_Ground,116,7.87,913.39,0,0,0,0
2025-12-02 00:00:00,Coffee_Ground,116,7.87,913.5,0,0,0,0
2025-12-03 00:00:00,Coffee_Ground,131,7.88,1031.69,0,0,0,0
2025-12-04 00:00:00,Coffee_Ground,113,7.88,889.93,0,0,0,0
2025-12-05 00:00:00,Coffee_Ground,108,7.87,849.78,0,0,0,0
2025-12-06 00:00:00,Coffee_Ground,113,7.87,889.13,0,0,1,0
2025-12-07 00:00:00,Coffee_Ground,114,7.88,898.02,0,0,1,0
2025-12-08 00:00:00,Coffee_Ground,117,7.89,923.31,0,0,0,0
2025-12-09 00:00:00,Coffee_Ground,130,7.88,1024.48,0,0,0,0
2025-12-10 00:00:00,Coffee_Ground,133,7.88,1048.56,0,0,0,0
2025-12-11 00:00:00,Coffee_Ground,125,7.88,985.27,0,0,0,0
2025-12-12 00:00:00,Coffee_Ground,126,7.88,992.63,0,0,0,0
2025-12-13 00:00:00,Coffee_Ground,101,7.88,795.68,0,0,1,0
2025-12-14 00:00:00,Coffee_Ground,105,7.89,827.97,0,0,1,0
2025-12-15 00:00:00,Coffee_Ground,118,7.9,931.97,0,0,0,0
2025-12-16 00:00:00,Coffee_Ground,113,7.9,892.94,0,0,0,0
2025-12-17 00:00:00,Coffee_Ground,137,7.9,1082.56,0,0,0,0
2025-12-18 00:00:00,Coffee_Ground,152,7.03,1068.54,1,0,0,0
2025-12-19 00:00:00,Coffee_Ground,123,7.19,883.8,1,0,0,0
2025-12-20 00:00:00,Coffee_Ground,133,7.08,941.32,1,0,1,0
2025-12-21 00:00:00,Coffee_Ground,134,7.5,1005.04,1,0,1,0
2025-12-22 00:00:00,Coffee_Ground,155,7.5,1163.09,1,0,0,0
2025-12-23 00:00:00,Coffee_Ground,155,7.22,1118.82,1,0,0,0
2025-12-24 00:00:00,Coffee_Ground,154,6.99,1075.97,1,0,0,0
2025-12-25 00:00:00,Coffee_Ground,169,7.08,1195.97,1,1,0,0
2025-12-26 00:00:00,Coffee_Ground,146,7.46,1089.23,1,0,0,0
2025-12-27 00:00:00,Coffee_Ground,135,7.26,980.28,1,0,1,0
2025-12-28 00:00:00,Coffee_Ground,148,7.45,1101.95,1,0,1,0
2025-12-29 00:00:00,Coffee_Ground,144,7.23,1041.43,1,0,0,0
2025-12-30 00:00:00,Coffee_Ground,146,7.13,1041.53,1,0,0,0
2025-12-31 00:00:00,Coffee_Ground,171,7.09,1212.44,1,0,0,0
2026-01-01 00:00:00,Coffee_Ground,133,7.89,1049.27,0,1,0,0
2026-01-02 00:00:00,Coffee_Ground,116,7.9,915.91,0,0,0,0
2026-01-03 00:00:00,Coffee_Ground,125,7.9,987.03,0,0,1,0
2026-01-04 00:00:00,Coffee_Ground,132,7.89,1041.77,0,0,1,0
2026-01-05 00:00:00,Coffee_Ground,128,7.89,1010.53,0,0,0,0
2026-01-06 00:00:00,Coffee_Ground,137,7.89,1081.56,0,0,0,0
2026-01-07 00:00:00,Coffee_Ground,142,7.9,1121.27,0,0,0,0
2026-01-08 00:00:00,Coffee_Ground,112,7.9,884.75,0,0,0,0
2026-01-09 00:00:00,Coffee_Ground,122,7.89,962.49,0,0,0,0
2026-01-10 00:00:00,Coffee_Ground,115,7.89,907.76,0,0,1,0
2026-01-11 00:00:00,Coffee_Ground,125,7.89,986.32,0,0,1,0
2026-01-12 00:00:00,Coffee_Ground,130,7.88,1024.96,0,0,0,0
2026-01-13 00:00:00,Coffee_Ground,131,7.9,1034.46,0,0,0,0
2026-01-14 00:00:00,Coffee_Ground,138,7.9,1089.58,0,0,0,0
2026-01-15 00:00:00,Coffee_Ground,145,7.89,1144.66,0,0,0,0
2026-01-16 00:00:00,Coffee_Ground,127,7.9,1003.05,0,0,0,0
2026-01-17 00:00:00,Coffee_Ground,95,7.9,750.56,0,0,1,0
2026-01-18 00:00:00,Coffee_Ground,126,7.9,995.66,0,0,1,0
2026-01-19 00:00:00,Coffee_Ground,135,7.9,1066.77,0,1,0,0
2026-01-20 00:00:00,Coffee_Ground,132,7.91,1043.85,0,0,0,0
2026-01-21 00:00:00,Coffee_Ground,158,7.9,1248.53,0,0,0,0
2026-01-22 00:00:00,Coffee_Ground,139,7.9,1098.25,0,0,0,0
2026-01-23 00:00:00,Coffee_Ground,129,7.9,1019.5,0,0,0,0
2026-01-24 00:00:00,Coffee_Ground,119,7.9,940.42,0,0,1,0
2026-01-25 00:00:00,Coffee_Ground,122,7.91,964.54,0,0,1,0
2026-01-26 00:00:00,Coffee_Ground,131,7.9,1035.07,0,0,0,0
2026-01-27 00:00:00,Coffee_Ground,150,7.9,1185.17,0,0,0,0
2026-01-28 00:00:00,Coffee_Ground,155,7.9,1224.18,0,0,0,0
2026-01-29 00:00:00,Coffee_Ground,148,7.91,1170.12,0,0,0,0
2026-01-30 00:00:00,Coffee_Ground,119,7.89,939.11,0,0,0,0
2026-01-31 00:00:00,Coffee_Ground,117,7.89,922.89,0,0,1,0
2026-02-01 00:00:00,Coffee_Ground,132,7.89,1041.53,0,0,1,0
2026-02-02 00:00:00,Coffee_Ground,106,7.89,836.27,0,0,0,0
2026-02-03 00:00:00,Coffee_Ground,126,7.89,993.61,0,0,0,0
2026-02-04 00:00:00,Coffee_Ground,163,7.89,1286.1,0,0,0,0
2026-02-05 00:00:00,Coffee_Ground,136,7.9,1074.45,0,0,0,0
2026-02-06 00:00:00,Coffee_Ground,114,7.91,902.07,0,0,0,0
2026-02-07 00:00:00,Coffee_Ground,132,7.92,1045.4,0,0,1,0
2026-02-08 00:00:00,Coffee_Ground,142,7.93,1125.53,0,0,1,0
2026-02-09 00:00:00,Coffee_Ground,127,7.94,1007.78,0,0,0,0
2026-02-10 00:00:00,Coffee_Ground,143,7.94,1134.92,0,0,0,0
2026-02-11 00:00:00,Coffee_Ground,141,7.93,1117.48,0,0,0,0
2026-02-12 00:00:00,Coffee_Ground,125,7.91,988.92,0,0,0,0
2022-01-01 00:00:00,Eggs_12ct,160,2.79,446.4,0,0,1,0
2022-01-02 00:00:00,Eggs_12ct,176,2.79,490.87,0,0,1,0
2022-01-03 00:00:00,Eggs_12ct,183,2.79,510.52,0,0,0,0
2022-01-04 00:00:00,Eggs_12ct,182,2.79,507.91,0,0,0,0
2022-01-05 00:00:00,Eggs_12ct,200,2.78,556.55,0,0,0,0
2022-01-06 00:00:00,Eggs_12ct,170,2.78,473.26,0,0,0,0
2022-01-07 00:00:00,Eggs_12ct,167,2.78,464.7,0,0,0,0
2022-01-08 00:00:00,Eggs_12ct,174,2.79,484.75,0,0,1,0
2022-01-09 00:00:00,Eggs_12ct,188,2.79,524.31,0,0,1,0
2022-01-10 00:00:00,Eggs_12ct,186,2.79,518.83,0,0,0,0
2022-01-11 00:00:00,Eggs_12ct,198,2.79,552.09,0,0,0,0
2022-01-12 00:00:00,Eggs_12ct,200,2.79,557.54,0,0,0,0
2022-01-13 00:00:00,Eggs_12ct,196,2.79,547.47,0,0,0,0
2022-01-14 00:00:00,Eggs_12ct,177,2.79,493.87,0,0,0,0
2022-01-15 00:00:00,Eggs_12ct,171,2.79,477.79,0,0,1,0
2022-01-16 00:00:00,Eggs_12ct,196,2.79,547.39,0,0,1,0
2022-01-17 00:00:00,Eggs_12ct,187,2.8,522.89,0,1,0,0
2022-01-18 00:00:00,Eggs_12ct,196,2.8,548.04,0,0,0,0
2022-01-19 00:00:00,Eggs_12ct,202,2.8,565.6,0,0,0,0
2022-01-20 00:00:00,Eggs_12ct,211,2.8,590.18,0,0,0,0
2022-01-21 00:00:00,Eggs_12ct,196,2.79,547.72,0,0,0,0
2022-01-22 00:00:00,Eggs_12ct,182,2.8,509.07,0,0,1,0
2022-01-23 00:00:00,Eggs_12ct,193,2.8,540.08,0,0,1,0
2022-01-24 00:00:00,Eggs_12ct,194,2.8,542.54,0,0,0,0
2022-01-25 00:00:00,Eggs_12ct,213,2.8,596.17,0,0,0,0
2022-01-26 00:00:00,Eggs_12ct,200,2.8,559.77,0,0,0,0
2022-01-27 00:00:00,Eggs_12ct,205,2.8,574.66,0,0,0,0
2022-01-28 00:00:00,Eggs_12ct,177,2.8,495.99,0,0,0,0
2022-01-29 00:00:00,Eggs_12ct,187,2.8,524.04,0,0,1,0
2022-01-30 00:00:00,Eggs_12ct,199,2.8,557.36,0,0,1,0
2022-01-31 00:00:00,Eggs_12ct,176,2.8,492.37,0,0,0,0
2022-02-01 00:00:00,Eggs_12ct,199,2.8,556.74,0,0,0,0
2022-02-02 00:00:00,Eggs_12ct,200,2.8,559.43,0,0,0,0
2022-02-03 00:00:00,Eggs_12ct,199,2.8,556.87,0,0,0,0
2022-02-04 00:00:00,Eggs_12ct,178,2.8,498.69,0,0,0,0
2022-02-05 00:00:00,Eggs_12ct,197,2.8,552.19,0,0,1,0
2022-02-06 00:00:00,Eggs_12ct,179,2.8,501.3,0,0,1,0
2022-02-07 00:00:00,Eggs_12ct,193,2.8,540.83,0,0,0,0
2022-02-08 00:00:00,Eggs_12ct,191,2.8,535.37,0,0,0,0
2022-02-09 00:00:00,Eggs_12ct,195,2.8,546.71,0,0,0,0
2022-02-10 00:00:00,Eggs_12ct,198,2.8,555.35,0,0,0,0
2022-02-11 00:00:00,Eggs_12ct,186,2.8,521.21,0,0,0,0
2022-02-12 00:00:00,Eggs_12ct,187,2.81,525.12,0,0,1,0
2022-02-13 00:00:00,Eggs_12ct,200,2.81,561.98,0,0,1,0
2022-02-14 00:00:00,Eggs_12ct,169,2.81,474.39,0,0,0,0
2022-02-15 00:00:00,Eggs_12ct,197,2.81,553.52,0,0,0,0
2022-02-16 00:00:00,Eggs_12ct,202,2.81,567.21,0,0,0,0
2022-02-17 00:00:00,Eggs_12ct,209,2.8,585.94,0,0,0,0
2022-02-18 00:00:00,Eggs_12ct,178,2.8,498.19,0,0,0,0
2022-02-19 00:00:00,Eggs_12ct,197,2.8,551.19,0,0,1,0
2022-02-20 00:00:00,Eggs_12ct,169,2.8,473.42,0,0,1,0
2022-02-21 00:00:00,Eggs_12ct,203,2.8,568.92,0,1,0,0
2022-02-22 00:00:00,Eggs_12ct,186,2.81,522.01,0,0,0,0
2022-02-23 00:00:00,Eggs_12ct,215,2.81,603.22,0,0,0,0
2022-02-24 00:00:00,Eggs_12ct,186,2.8,521.32,0,0,0,0
2022-02-25 00:00:00,Eggs_12ct,198,2.8,553.97,0,0,0,0
2022-02-26 00:00:00,Eggs_12ct,191,2.8,535.34,0,0,1,0
2022-02-27 00:00:00,Eggs_12ct,179,2.8,501.34,0,0,1,0
2022-02-28 00:00:00,Eggs_12ct,184,2.8,515.14,0,0,0,0
2022-03-01 00:00:00,Eggs_12ct,210,2.79,586.7,0,0,0,0
2022-03-02 00:00:00,Eggs_12ct,221,2.79,617.15,0,0,0,0
2022-03-03 00:00:00,Eggs_12ct,190,2.79,530.42,0,0,0,0
2022-03-04 00:00:00,Eggs_12ct,192,2.79,536.55,0,0,0,0
2022-03-05 00:00:00,Eggs_12ct,187,2.79,522.66,0,0,1,0
2022-03-06 00:00:00,Eggs_12ct,181,2.79,505.56,0,0,1,0
2022-03-07 00:00:00,Eggs_12ct,191,2.8,534.23,0,0,0,0
2022-03-08 00:00:00,Eggs_12ct,205,2.79,572.5,0,0,0,0
2022-03-09 00:00:00,Eggs_12ct,219,2.79,611.12,0,0,0,0
2022-03-10 00:00:00,Eggs_12ct,209,2.79,582.9,0,0,0,0
2022-03-11 00:00:00,Eggs_12ct,184,2.79,513.27,0,0,0,0
2022-03-12 00:00:00,Eggs_12ct,204,2.79,568.76,0,0,1,0
2022-03-13 00:00:00,Eggs_12ct,198,2.79,553.14,0,0,1,0
2022-03-14 00:00:00,Eggs_12ct,182,2.79,508.35,0,0,0,0
2022-03-15 00:00:00,Eggs_12ct,212,2.8,592.61,0,0,0,0
2022-03-16 00:00:00,Eggs_12ct,224,2.79,625.93,0,0,0,0
2022-03-17 00:00:00,Eggs_12ct,210,2.79,586.46,0,0,0,0
2022-03-18 00:00:00,Eggs_12ct,204,2.8,570.6,0,0,0,0
2022-03-19 00:00:00,Eggs_12ct,182,2.8,509.2,0,0,1,0
2022-03-20 00:00:00,Eggs_12ct,191,2.8,534.73,0,0,1,0
2022-03-21 00:00:00,Eggs_12ct,202,2.8,565.48,0,0,0,0
2022-03-22 00:00:00,Eggs_12ct,218,2.8,610.58,0,0,0,0
2022-03-23 00:00:00,Eggs_12ct,258,2.63,677.99,1,0,0,0
2022-03-24 00:00:00,Eggs_12ct,264,2.5,660.97,1,0,0,0
2022-03-25 00:00:00,Eggs_12ct,229,2.56,585.97,1,0,0,0
2022-03-26 00:00:00,Eggs_12ct,244,2.57,627.74,1,0,1,0
2022-03-27 00:00:00,Eggs_12ct,251,2.63,660.38,1,0,1,0
2022-03-28 00:00:00,Eggs_12ct,246,2.58,634.94,1,0,0,0
2022-03-29 00:00:00,Eggs_12ct,201,2.79,560.81,0,0,0,0
2022-03-30 00:00:00,Eggs_12ct,192,2.79,535.92,0,0,0,0
2022-03-31 00:00:00,Eggs_12ct,191,2.79,532.69,0,0,0,0
2022-04-01 00:00:00,Eggs_12ct,183,2.79,510.27,0,0,0,0
2022-04-02 00:00:00,Eggs_12ct,199,2.79,555.4,0,0,1,0
2022-04-03 00:00:00,Eggs_12ct,215,2.79,599.92,0,0,1,0
2022-04-04 00:00:00,Eggs_12ct,213,2.79,594.31,0,0,0,0
2022-04-05 00:00:00,Eggs_12ct,211,2.79,588.62,0,0,0,0
2022-04-06 00:00:00,Eggs_12ct,215,2.78,598.69,0,0,0,0
2022-04-07 00:00:00,Eggs_12ct,214,2.79,596.36,0,0,0,0
2022-04-08 00:00:00,Eggs_12ct,198,2.79,551.58,0,0,0,0
2022-04-09 00:00:00,Eggs_12ct,190,2.79,530.57,0,0,1,0
2022-04-10 00:00:00,Eggs_12ct,205,2.79,572.85,0,0,1,0
2022-04-11 00:00:00,Eggs_12ct,203,2.79,566.91,0,0,0,0
2022-04-12 00:00:00,Eggs_12ct,205,2.8,573.01,0,0,0,0
2022-04-13 00:00:00,Eggs_12ct,226,2.79,631.55,0,0,0,0
2022-04-14 00:00:00,Eggs_12ct,194,2.79,542.17,0,0,0,0
2022-04-15 00:00:00,Eggs_12ct,172,2.8,481.08,0,0,0,0
2022-04-16 00:00:00,Eggs_12ct,193,2.8,539.97,0,0,1,0
2022-04-17 00:00:00,Eggs_12ct,180,2.8,503.54,0,0,1,0
2022-04-18 00:00:00,Eggs_12ct,202,2.79,564.52,0,0,0,0
2022-04-19 00:00:00,Eggs_12ct,200,2.8,559.68,0,0,0,0
2022-04-20 00:00:00,Eggs_12ct,204,2.8,571.09,0,0,0,0
2022-04-21 00:00:00,Eggs_12ct,198,2.8,553.84,0,0,0,0
2022-04-22 00:00:00,Eggs_12ct,187,2.8,523.01,0,0,0,0
2022-04-23 00:00:00,Eggs_12ct,204,2.8,570.44,0,0,1,0
2022-04-24 00:00:00,Eggs_12ct,182,2.8,509.41,0,0,1,0
2022-04-25 00:00:00,Eggs_12ct,185,2.8,518.1,0,0,0,0
2022-04-26 00:00:00,Eggs_12ct,214,2.8,599.04,0,0,0,0
2022-04-27 00:00:00,Eggs_12ct,218,2.8,609.6,0,0,0,0
2022-04-28 00:00:00,Eggs_12ct,208,2.8,581.78,0,0,0,0
2022-04-29 00:00:00,Eggs_12ct,195,2.8,545.87,0,0,0,0
2022-04-30 00:00:00,Eggs_12ct,193,2.8,540.65,0,0,1,0
2022-05-01 00:00:00,Eggs_12ct,201,2.8,562.45,0,0,1,0
2022-05-02 00:00:00,Eggs_12ct,201,2.8,562.24,0,0,0,0
2022-05-03 00:00:00,Eggs_12ct,197,2.8,550.9,0,0,0,0
2022-05-04 00:00:00,Eggs_12ct,227,2.8,634.84,0,0,0,0
2022-05-05 00:00:00,Eggs_12ct,201,2.79,561.26,0,0,0,0
2022-05-06 00:00:00,Eggs_12ct,183,2.79,511.08,0,0,0,0
2022-05-07 00:00:00,Eggs_12ct,183,2.79,510.44,0,0,1,0
2022-05-08 00:00:00,Eggs_12ct,201,2.79,560.77,0,0,1,0
2022-05-09 00:00:00,Eggs_12ct,183,2.79,511.48,0,0,0,0
2022-05-10 00:00:00,Eggs_12ct,204,2.8,570.69,0,0,0,0
2022-05-11 00:00:00,Eggs_12ct,206,2.8,576.06,0,0,0,0
2022-05-12 00:00:00,Eggs_12ct,215,2.79,600.56,0,0,0,0
2022-05-13 00:00:00,Eggs_12ct,195,2.79,544.37,0,0,0,0
2022-05-14 00:00:00,Eggs_12ct,193,2.79,538.83,0,0,1,0
2022-05-15 00:00:00,Eggs_12ct,229,2.8,640.27,0,0,1,0
2022-05-16 00:00:00,Eggs_12ct,195,2.79,544,0,0,0,0
2022-05-17 00:00:00,Eggs_12ct,196,2.79,546.46,0,0,0,0
2022-05-18 00:00:00,Eggs_12ct,196,2.79,546.27,0,0,0,0
2022-05-19 00:00:00,Eggs_12ct,199,2.79,555,0,0,0,0
2022-05-20 00:00:00,Eggs_12ct,184,2.79,513.11,0,0,0,0
2022-05-21 00:00:00,Eggs_12ct,190,2.79,529.25,0,0,1,0
2022-05-22 00:00:00,Eggs_12ct,192,2.79,535.18,0,0,1,0
2022-05-23 00:00:00,Eggs_12ct,214,2.79,597.93,0,0,0,0
2022-05-24 00:00:00,Eggs_12ct,198,2.79,553.28,0,0,0,0
2022-05-25 00:00:00,Eggs_12ct,220,2.79,614.64,0,0,0,0
2022-05-26 00:00:00,Eggs_12ct,192,2.79,536.44,0,0,0,0
2022-05-27 00:00:00,Eggs_12ct,178,2.79,496.99,0,0,0,0
2022-05-28 00:00:00,Eggs_12ct,191,2.79,533.17,0,0,1,0
2022-05-29 00:00:00,Eggs_12ct,198,2.79,552.87,0,0,1,0
2022-05-30 00:00:00,Eggs_12ct,191,2.79,533.82,0,1,0,0
2022-05-31 00:00:00,Eggs_12ct,228,2.8,637.32,0,0,0,0
2022-06-01 00:00:00,Eggs_12ct,214,2.79,596.98,0,0,0,0
2022-06-02 00:00:00,Eggs_12ct,199,2.79,554.36,0,0,0,0
2022-06-03 00:00:00,Eggs_12ct,202,2.79,562.76,0,0,0,0
2022-06-04 00:00:00,Eggs_12ct,199,2.79,554.46,0,0,1,0
2022-06-05 00:00:00,Eggs_12ct,189,2.79,526.94,0,0,1,0
2022-06-06 00:00:00,Eggs_12ct,170,2.79,474.46,0,0,0,0
2022-06-07 00:00:00,Eggs_12ct,196,2.79,546.64,0,0,0,0
2022-06-08 00:00:00,Eggs_12ct,209,2.78,581.75,0,0,0,0
2022-06-09 00:00:00,Eggs_12ct,217,2.78,603.81,0,0,0,0
2022-06-10 00:00:00,Eggs_12ct,168,2.78,467.62,0,0,0,0
2022-06-11 00:00:00,Eggs_12ct,192,2.79,535.19,0,0,1,0
2022-06-12 00:00:00,Eggs_12ct,186,2.79,518.84,0,0,1,0
2022-06-13 00:00:00,Eggs_12ct,190,2.79,530.56,0,0,0,0
2022-06-14 00:00:00,Eggs_12ct,213,2.79,594.59,0,0,0,0
2022-06-15 00:00:00,Eggs_12ct,253,2.65,669.56,1,0,0,0
2022-06-16 00:00:00,Eggs_12ct,230,2.55,587.01,1,0,0,0
2022-06-17 00:00:00,Eggs_12ct,230,2.56,587.84,1,0,0,0
2022-06-18 00:00:00,Eggs_12ct,223,2.53,563.63,1,0,1,0
2022-06-19 00:00:00,Eggs_12ct,217,2.56,555.74,1,0,1,0
2022-06-20 00:00:00,Eggs_12ct,254,2.5,635.57,1,1,0,0
2022-06-21 00:00:00,Eggs_12ct,181,2.78,503.82,0,0,0,0
2022-06-22 00:00:00,Eggs_12ct,174,2.79,484.61,0,0,0,0
2022-06-23 00:00:00,Eggs_12ct,199,2.79,554.27,0,0,0,0
2022-06-24 00:00:00,Eggs_12ct,164,2.78,456.63,0,0,0,0
2022-06-25 00:00:00,Eggs_12ct,171,2.79,476.5,0,0,1,0
2022-06-26 00:00:00,Eggs_12ct,167,2.79,465.13,0,0,1,0
2022-06-27 00:00:00,Eggs_12ct,181,2.79,504.27,0,0,0,0
2022-06-28 00:00:00,Eggs_12ct,192,2.78,534.72,0,0,0,0
2022-06-29 00:00:00,Eggs_12ct,181,2.78,503.84,0,0,0,0
2022-06-30 00:00:00,Eggs_12ct,189,2.78,525.61,0,0,0,0
2022-07-01 00:00:00,Eggs_12ct,167,2.78,464.69,0,0,0,0
2022-07-02 00:00:00,Eggs_12ct,180,2.78,500.3,0,0,1,0
2022-07-03 00:00:00,Eggs_12ct,179,2.78,498.39,0,0,1,0
2022-07-04 00:00:00,Eggs_12ct,206,2.78,573.46,0,1,0,0
2022-07-05 00:00:00,Eggs_12ct,205,2.78,570.32,0,0,0,0
2022-07-06 00:00:00,Eggs_12ct,199,2.78,552.71,0,0,0,0
2022-07-07 00:00:00,Eggs_12ct,186,2.78,517.06,0,0,0,0
2022-07-08 00:00:00,Eggs_12ct,175,2.78,487.08,0,0,0,0
2022-07-09 00:00:00,Eggs_12ct,173,2.78,481.64,0,0,1,0
2022-07-10 00:00:00,Eggs_12ct,196,2.78,545.74,0,0,1,0
2022-07-11 00:00:00,Eggs_12ct,178,2.78,495.31,0,0,0,0
2022-07-12 00:00:00,Eggs_12ct,188,2.78,522.88,0,0,0,0
2022-07-13 00:00:00,Eggs_12ct,200,2.78,555.99,0,0,0,0
2022-07-14 00:00:00,Eggs_12ct,181,2.78,502.9,0,0,0,0
2022-07-15 00:00:00,Eggs_12ct,174,2.78,483.66,0,0,0,0
2022-07-16 00:00:00,Eggs_12ct,174,2.78,482.97,0,0,1,0
2022-07-17 00:00:00,Eggs_12ct,167,2.78,463.75,0,0,1,0
2022-07-18 00:00:00,Eggs_12ct,177,2.78,491.76,0,0,0,0
2022-07-19 00:00:00,Eggs_12ct,186,2.78,516.44,0,0,0,0
2022-07-20 00:00:00,Eggs_12ct,200,2.78,555.59,0,0,0,0
2022-07-21 00:00:00,Eggs_12ct,199,2.78,552.59,0,0,0,0
2022-07-22 00:00:00,Eggs_12ct,160,2.77,443.85,0,0,0,0
2022-07-23 00:00:00,Eggs_12ct,178,2.77,493.6,0,0,1,0
2022-07-24 00:00:00,Eggs_12ct,183,2.77,507.36,0,0,1,0
2022-07-25 00:00:00,Eggs_12ct,168,2.77,465.54,0,0,0,0
2022-07-26 00:00:00,Eggs_12ct,198,2.77,548.8,0,0,0,0
2022-07-27 00:00:00,Eggs_12ct,163,2.77,452.18,0,0,0,0
2022-07-28 00:00:00,Eggs_12ct,173,2.78,480.44,0,0,0,0
2022-07-29 00:00:00,Eggs_12ct,177,2.78,491.83,0,0,0,0
2022-07-30 00:00:00,Eggs_12ct,171,2.78,474.79,0,0,1,0
2022-07-31 00:00:00,Eggs_12ct,170,2.78,471.88,0,0,1,0
2022-08-01 00:00:00,Eggs_12ct,183,2.78,508.26,0,0,0,0
2022-08-02 00:00:00,Eggs_12ct,190,2.78,527.55,0,0,0,0
2022-08-03 00:00:00,Eggs_12ct,180,2.78,499.79,0,0,0,0
2022-08-04 00:00:00,Eggs_12ct,186,2.77,515.27,0,0,0,0
2022-08-05 00:00:00,Eggs_12ct,208,2.52,525.11,1,0,0,0
2022-08-06 00:00:00,Eggs_12ct,206,2.5,515.66,1,0,1,0
2022-08-07 00:00:00,Eggs_12ct,215,2.5,536.56,1,0,1,0
2022-08-08 00:00:00,Eggs_12ct,226,2.53,571.83,1,0,0,0
2022-08-09 00:00:00,Eggs_12ct,219,2.46,538.99,1,0,0,0
2022-08-10 00:00:00,Eggs_12ct,227,2.48,562.42,1,0,0,0
2022-08-11 00:00:00,Eggs_12ct,183,2.77,507.6,0,0,0,0
2022-08-12 00:00:00,Eggs_12ct,171,2.78,474.81,0,0,0,0
2022-08-13 00:00:00,Eggs_12ct,170,2.78,472.08,0,0,1,0
2022-08-14 00:00:00,Eggs_12ct,153,2.77,424.57,0,0,1,0
2022-08-15 00:00:00,Eggs_12ct,165,2.78,458.32,0,0,0,0
2022-08-16 00:00:00,Eggs_12ct,190,2.78,528.16,0,0,0,0
2022-08-17 00:00:00,Eggs_12ct,183,2.78,508.76,0,0,0,0
2022-08-18 00:00:00,Eggs_12ct,171,2.78,475.43,0,0,0,0
2022-08-19 00:00:00,Eggs_12ct,162,2.78,450.56,0,0,0,0
2022-08-20 00:00:00,Eggs_12ct,154,2.78,427.89,0,0,1,0
2022-08-21 00:00:00,Eggs_12ct,164,2.78,455.66,0,0,1,0
2022-08-22 00:00:00,Eggs_12ct,180,2.78,499.9,0,0,0,0
2022-08-23 00:00:00,Eggs_12ct,161,2.78,446.99,0,0,0,0
2022-08-24 00:00:00,Eggs_12ct,181,2.78,502.91,0,0,0,0
2022-08-25 00:00:00,Eggs_12ct,164,2.78,455.27,0,0,0,0
2022-08-26 00:00:00,Eggs_12ct,174,2.78,483.77,0,0,0,0
2022-08-27 00:00:00,Eggs_12ct,171,2.78,475.82,0,0,1,0
2022-08-28 00:00:00,Eggs_12ct,158,2.78,439.38,0,0,1,0
2022-08-29 00:00:00,Eggs_12ct,162,2.78,451.13,0,0,0,0
2022-08-30 00:00:00,Eggs_12ct,167,2.78,464.65,0,0,0,0
2022-08-31 00:00:00,Eggs_12ct,167,2.78,464.81,0,0,0,0
2022-09-01 00:00:00,Eggs_12ct,188,2.78,523.11,0,0,0,0
2022-09-02 00:00:00,Eggs_12ct,163,2.79,454.23,0,0,0,0
2022-09-03 00:00:00,Eggs_12ct,159,2.79,443.28,0,0,1,0
2022-09-04 00:00:00,Eggs_12ct,162,2.79,452,0,0,1,0
2022-09-05 00:00:00,Eggs_12ct,178,2.79,496.68,0,1,0,0
2022-09-06 00:00:00,Eggs_12ct,178,2.79,497.01,0,0,0,0
2022-09-07 00:00:00,Eggs_12ct,229,2.48,567.96,1,0,0,0
2022-09-08 00:00:00,Eggs_12ct,213,2.59,551.25,1,0,0,0
2022-09-09 00:00:00,Eggs_12ct,210,2.52,528.24,1,0,0,0
2022-09-10 00:00:00,Eggs_12ct,223,2.5,557.02,1,0,1,0
2022-09-11 00:00:00,Eggs_12ct,210,2.54,532.69,1,0,1,0
2022-09-12 00:00:00,Eggs_12ct,215,2.52,542.05,1,0,0,0
2022-09-13 00:00:00,Eggs_12ct,167,2.79,465.31,0,0,0,0
2022-09-14 00:00:00,Eggs_12ct,166,2.79,462.88,0,0,0,0
2022-09-15 00:00:00,Eggs_12ct,177,2.79,493.45,0,0,0,0
2022-09-16 00:00:00,Eggs_12ct,168,2.79,468.26,0,0,0,0
2022-09-17 00:00:00,Eggs_12ct,169,2.79,471.72,0,0,1,0
2022-09-18 00:00:00,Eggs_12ct,170,2.79,474.65,0,0,1,0
2022-09-19 00:00:00,Eggs_12ct,151,2.79,421.5,0,0,0,0
2022-09-20 00:00:00,Eggs_12ct,183,2.79,510.68,0,0,0,0
2022-09-21 00:00:00,Eggs_12ct,192,2.79,536.48,0,0,0,0
2022-09-22 00:00:00,Eggs_12ct,182,2.8,509.49,0,0,0,0
2022-09-23 00:00:00,Eggs_12ct,156,2.8,436.84,0,0,0,0
2022-09-24 00:00:00,Eggs_12ct,152,2.8,425.77,0,0,1,0
2022-09-25 00:00:00,Eggs_12ct,145,2.8,406.1,0,0,1,0
2022-09-26 00:00:00,Eggs_12ct,182,2.8,509.82,0,0,0,0
2022-09-27 00:00:00,Eggs_12ct,175,2.8,489.94,0,0,0,0
2022-09-28 00:00:00,Eggs_12ct,180,2.8,504.32,0,0,0,0
2022-09-29 00:00:00,Eggs_12ct,162,2.8,453.15,0,0,0,0
2022-09-30 00:00:00,Eggs_12ct,153,2.8,428.02,0,0,0,0
2022-10-01 00:00:00,Eggs_12ct,149,2.8,417.02,0,0,1,0
2022-10-02 00:00:00,Eggs_12ct,176,2.8,492.65,0,0,1,0
2022-10-03 00:00:00,Eggs_12ct,159,2.8,445.45,0,0,0,0
2022-10-04 00:00:00,Eggs_12ct,166,2.8,465.47,0,0,0,0
2022-10-05 00:00:00,Eggs_12ct,186,2.8,520.7,0,0,0,0
2022-10-06 00:00:00,Eggs_12ct,171,2.8,478.12,0,0,0,0
2022-10-07 00:00:00,Eggs_12ct,162,2.8,452.99,0,0,0,0
2022-10-08 00:00:00,Eggs_12ct,160,2.79,446.64,0,0,1,0
2022-10-09 00:00:00,Eggs_12ct,166,2.79,463.06,0,0,1,0
2022-10-10 00:00:00,Eggs_12ct,171,2.79,476.53,0,1,0,0
2022-10-11 00:00:00,Eggs_12ct,182,2.79,507.58,0,0,0,0
2022-10-12 00:00:00,Eggs_12ct,158,2.79,440.19,0,0,0,0
2022-10-13 00:00:00,Eggs_12ct,189,2.79,526.76,0,0,0,0
2022-10-14 00:00:00,Eggs_12ct,135,2.79,376.55,0,0,0,0
2022-10-15 00:00:00,Eggs_12ct,159,2.79,442.95,0,0,1,0
2022-10-16 00:00:00,Eggs_12ct,161,2.78,448.27,0,0,1,0
2022-10-17 00:00:00,Eggs_12ct,161,2.78,447.81,0,0,0,0
2022-10-18 00:00:00,Eggs_12ct,175,2.78,486.41,0,0,0,0
2022-10-19 00:00:00,Eggs_12ct,187,2.78,519.56,0,0,0,0
2022-10-20 00:00:00,Eggs_12ct,178,2.78,495.11,0,0,0,0
2022-10-21 00:00:00,Eggs_12ct,152,2.78,422.68,0,0,0,0
2022-10-22 00:00:00,Eggs_12ct,165,2.78,459.06,0,0,1,0
2022-10-23 00:00:00,Eggs_12ct,184,2.78,512.07,0,0,1,0
2022-10-24 00:00:00,Eggs_12ct,156,2.78,434.24,0,0,0,0
2022-10-25 00:00:00,Eggs_12ct,180,2.78,501.05,0,0,0,0
2022-10-26 00:00:00,Eggs_12ct,179,2.78,498.21,0,0,0,0
2022-10-27 00:00:00,Eggs_12ct,168,2.79,467.91,0,0,0,0
2022-10-28 00:00:00,Eggs_12ct,176,2.78,489.85,0,0,0,0
2022-10-29 00:00:00,Eggs_12ct,168,2.78,467.29,0,0,1,0
2022-10-30 00:00:00,Eggs_12ct,156,2.78,433.69,0,0,1,0
2022-10-31 00:00:00,Eggs_12ct,168,2.78,466.69,0,0,0,0
2022-11-01 00:00:00,Eggs_12ct,181,2.78,503.42,0,0,0,0
2022-11-02 00:00:00,Eggs_12ct,185,2.78,514.23,0,0,0,0
2022-11-03 00:00:00,Eggs_12ct,176,2.78,489.2,0,0,0,0
2022-11-04 00:00:00,Eggs_12ct,156,2.78,433.28,0,0,0,0
2022-11-05 00:00:00,Eggs_12ct,170,2.78,472.11,0,0,1,0
2022-11-06 00:00:00,Eggs_12ct,169,2.78,469.43,0,0,1,0
2022-11-07 00:00:00,Eggs_12ct,174,2.78,483.61,0,0,0,0
2022-11-08 00:00:00,Eggs_12ct,178,2.78,494.34,0,0,0,0
2022-11-09 00:00:00,Eggs_12ct,193,2.78,535.67,0,0,0,0
2022-11-10 00:00:00,Eggs_12ct,176,2.78,488.51,0,0,0,0
2022-11-11 00:00:00,Eggs_12ct,176,2.77,488.07,0,1,0,0
2022-11-12 00:00:00,Eggs_12ct,177,2.77,490.77,0,0,1,0
2022-11-13 00:00:00,Eggs_12ct,170,2.77,471.3,0,0,1,0
2022-11-14 00:00:00,Eggs_12ct,173,2.78,480.39,0,0,0,0
2022-11-15 00:00:00,Eggs_12ct,189,2.77,524.44,0,0,0,0
2022-11-16 00:00:00,Eggs_12ct,203,2.77,563.02,0,0,0,0
2022-11-17 00:00:00,Eggs_12ct,179,2.77,496,0,0,0,0
2022-11-18 00:00:00,Eggs_12ct,173,2.77,479.64,0,0,0,0
2022-11-19 00:00:00,Eggs_12ct,167,2.77,462.42,0,0,1,0
2022-11-20 00:00:00,Eggs_12ct,147,2.77,406.54,0,0,1,0
2022-11-21 00:00:00,Eggs_12ct,220,2.54,559.31,1,0,0,0
2022-11-22 00:00:00,Eggs_12ct,222,2.56,568.79,1,0,0,0
2022-11-23 00:00:00,Eggs_12ct,221,2.57,567.28,1,0,0,0
2022-11-24 00:00:00,Eggs_12ct,241,2.47,595.61,1,1,0,0
2022-11-25 00:00:00,Eggs_12ct,222,2.55,565.8,1,0,0,0
2022-11-26 00:00:00,Eggs_12ct,207,2.6,538.79,1,0,1,0
2022-11-27 00:00:00,Eggs_12ct,223,2.52,562.82,1,0,1,0
2022-11-28 00:00:00,Eggs_12ct,178,2.76,492.02,0,0,0,0
2022-11-29 00:00:00,Eggs_12ct,197,2.76,544.51,0,0,0,0
2022-11-30 00:00:00,Eggs_12ct,176,2.77,487.22,0,0,0,0
2022-12-01 00:00:00,Eggs_12ct,178,2.77,492.54,0,0,0,0
2022-12-02 00:00:00,Eggs_12ct,170,2.77,470.43,0,0,0,0
2022-12-03 00:00:00,Eggs_12ct,168,2.77,464.87,0,0,1,0
2022-12-04 00:00:00,Eggs_12ct,169,2.77,468.03,0,0,1,0
2022-12-05 00:00:00,Eggs_12ct,177,2.77,489.67,0,0,0,0
2022-12-06 00:00:00,Eggs_12ct,180,2.77,498.46,0,0,0,0
2022-12-07 00:00:00,Eggs_12ct,185,2.77,512.25,0,0,0,0
2022-12-08 00:00:00,Eggs_12ct,181,2.77,500.86,0,0,0,0
2022-12-09 00:00:00,Eggs_12ct,172,2.77,476.16,0,0,0,0
2022-12-10 00:00:00,Eggs_12ct,185,2.77,511.88,0,0,1,0
2022-12-11 00:00:00,Eggs_12ct,169,2.77,467.42,0,0,1,0
2022-12-12 00:00:00,Eggs_12ct,175,2.76,483.46,0,0,0,0
2022-12-13 00:00:00,Eggs_12ct,181,2.76,500.22,0,0,0,0
2022-12-14 00:00:00,Eggs_12ct,205,2.77,566.95,0,0,0,0
2022-12-15 00:00:00,Eggs_12ct,203,2.76,561.14,0,0,0,0
2022-12-16 00:00:00,Eggs_12ct,163,2.76,449.85,0,0,0,0
2022-12-17 00:00:00,Eggs_12ct,184,2.76,507.69,0,0,1,0
2022-12-18 00:00:00,Eggs_12ct,211,2.62,552.55,1,0,1,0
2022-12-19 00:00:00,Eggs_12ct,229,2.58,589.74,1,0,0,0
2022-12-20 00:00:00,Eggs_12ct,243,2.56,622.48,1,0,0,0
2022-12-21 00:00:00,Eggs_12ct,245,2.56,626.34,1,0,0,0
2022-12-22 00:00:00,Eggs_12ct,225,2.51,565.66,1,0,0,0
2022-12-23 00:00:00,Eggs_12ct,214,2.47,527.68,1,0,0,0
2022-12-24 00:00:00,Eggs_12ct,226,2.59,584.31,1,0,1,0
2022-12-25 00:00:00,Eggs_12ct,232,2.43,564.3,1,0,1,0
2022-12-26 00:00:00,Eggs_12ct,220,2.48,544.63,1,1,0,0
2022-12-27 00:00:00,Eggs_12ct,236,2.56,604.66,1,0,0,0
2022-12-28 00:00:00,Eggs_12ct,246,2.49,613.26,1,0,0,0
2022-12-29 00:00:00,Eggs_12ct,238,2.59,615.68,1,0,0,0
2022-12-30 00:00:00,Eggs_12ct,211,2.63,554.2,1,0,0,0
2022-12-31 00:00:00,Eggs_12ct,231,2.57,593.54,1,0,1,0
2023-01-01 00:00:00,Eggs_12ct,187,2.77,517.86,0,0,1,0
2023-01-02 00:00:00,Eggs_12ct,206,2.77,571.49,0,1,0,0
2023-01-03 00:00:00,Eggs_12ct,214,2.77,593.13,0,0,0,0
2023-01-04 00:00:00,Eggs_12ct,185,2.77,513.34,0,0,0,0
2023-01-05 00:00:00,Eggs_12ct,186,2.78,516.16,0,0,0,0
2023-01-06 00:00:00,Eggs_12ct,186,2.77,515.24,0,0,0,0
2023-01-07 00:00:00,Eggs_12ct,174,2.77,482.59,0,0,1,0
2023-01-08 00:00:00,Eggs_12ct,192,2.77,532.32,0,0,1,0
2023-01-09 00:00:00,Eggs_12ct,192,2.78,533.12,0,0,0,0
2023-01-10 00:00:00,Eggs_12ct,186,2.78,516.67,0,0,0,0
2023-01-11 00:00:00,Eggs_12ct,202,2.78,561.24,0,0,0,0
2023-01-12 00:00:00,Eggs_12ct,204,2.78,567.38,0,0,0,0
2023-01-13 00:00:00,Eggs_12ct,175,2.78,486.75,0,0,0,0
2023-01-14 00:00:00,Eggs_12ct,194,2.79,540.44,0,0,1,0
2023-01-15 00:00:00,Eggs_12ct,184,2.79,512.88,0,0,1,0
2023-01-16 00:00:00,Eggs_12ct,212,2.78,589.88,0,1,0,0
2023-01-17 00:00:00,Eggs_12ct,218,2.78,606.57,0,0,0,0
2023-01-18 00:00:00,Eggs_12ct,203,2.78,565.04,0,0,0,0
2023-01-19 00:00:00,Eggs_12ct,193,2.78,537.3,0,0,0,0
2023-01-20 00:00:00,Eggs_12ct,163,2.79,454.28,0,0,0,0
2023-01-21 00:00:00,Eggs_12ct,185,2.79,515.84,0,0,1,0
2023-01-22 00:00:00,Eggs_12ct,174,2.78,484.48,0,0,1,0
2023-01-23 00:00:00,Eggs_12ct,193,2.78,537.22,0,0,0,0
2023-01-24 00:00:00,Eggs_12ct,190,2.78,528.71,0,0,0,0
2023-01-25 00:00:00,Eggs_12ct,197,2.79,548.86,0,0,0,0
2023-01-26 00:00:00,Eggs_12ct,205,2.78,570.92,0,0,0,0
2023-01-27 00:00:00,Eggs_12ct,181,2.79,504.1,0,0,0,0
2023-01-28 00:00:00,Eggs_12ct,179,2.78,498.02,0,0,1,0
2023-01-29 00:00:00,Eggs_12ct,194,2.78,539.95,0,0,1,0
2023-01-30 00:00:00,Eggs_12ct,188,2.79,523.84,0,0,0,0
2023-01-31 00:00:00,Eggs_12ct,205,2.79,571.29,0,0,0,0
2023-02-01 00:00:00,Eggs_12ct,208,2.79,579.62,0,0,0,0
2023-02-02 00:00:00,Eggs_12ct,189,2.79,527.74,0,0,0,0
2023-02-03 00:00:00,Eggs_12ct,189,2.79,528.24,0,0,0,0
2023-02-04 00:00:00,Eggs_12ct,206,2.8,575.81,0,0,1,0
2023-02-05 00:00:00,Eggs_12ct,184,2.8,514.5,0,0,1,0
2023-02-06 00:00:00,Eggs_12ct,205,2.79,572.61,0,0,0,0
2023-02-07 00:00:00,Eggs_12ct,205,2.79,572.47,0,0,0,0
2023-02-08 00:00:00,Eggs_12ct,216,2.8,603.76,0,0,0,0
2023-02-09 00:00:00,Eggs_12ct,194,2.8,542.54,0,0,0,0
2023-02-10 00:00:00,Eggs_12ct,190,2.8,531.15,0,0,0,0
2023-02-11 00:00:00,Eggs_12ct,183,2.8,511.76,0,0,1,0
2023-02-12 00:00:00,Eggs_12ct,199,2.8,556.3,0,0,1,0
2023-02-13 00:00:00,Eggs_12ct,178,2.79,497,0,0,0,0
2023-02-14 00:00:00,Eggs_12ct,214,2.79,597.54,0,0,0,0
2023-02-15 00:00:00,Eggs_12ct,232,2.79,648.12,0,0,0,0
2023-02-16 00:00:00,Eggs_12ct,230,2.79,641.3,0,0,0,0
2023-02-17 00:00:00,Eggs_12ct,186,2.79,518.67,0,0,0,0
2023-02-18 00:00:00,Eggs_12ct,204,2.79,569.72,0,0,1,0
2023-02-19 00:00:00,Eggs_12ct,182,2.79,508.6,0,0,1,0
2023-02-20 00:00:00,Eggs_12ct,227,2.79,634.18,0,1,0,0
2023-02-21 00:00:00,Eggs_12ct,66,2.8,184.56,0,0,0,1
2023-02-22 00:00:00,Eggs_12ct,85,2.79,237.48,0,0,0,1
2023-02-23 00:00:00,Eggs_12ct,207,2.79,577.28,0,0,0,0
2023-02-24 00:00:00,Eggs_12ct,208,2.79,580.96,0,0,0,0
2023-02-25 00:00:00,Eggs_12ct,197,2.79,549.04,0,0,1,0
2023-02-26 00:00:00,Eggs_12ct,193,2.79,537.52,0,0,1,0
2023-02-27 00:00:00,Eggs_12ct,181,2.78,504.08,0,0,0,0
2023-02-28 00:00:00,Eggs_12ct,224,2.79,623.89,0,0,0,0
2023-03-01 00:00:00,Eggs_12ct,221,2.79,615.72,0,0,0,0
2023-03-02 00:00:00,Eggs_12ct,228,2.79,636.87,0,0,0,0
2023-03-03 00:00:00,Eggs_12ct,198,2.8,553.45,0,0,0,0
2023-03-04 00:00:00,Eggs_12ct,201,2.8,562.22,0,0,1,0
2023-03-05 00:00:00,Eggs_12ct,199,2.8,556.64,0,0,1,0
2023-03-06 00:00:00,Eggs_12ct,198,2.8,553.42,0,0,0,0
2023-03-07 00:00:00,Eggs_12ct,203,2.8,568.1,0,0,0,0
2023-03-08 00:00:00,Eggs_12ct,210,2.8,587.28,0,0,0,0
2023-03-09 00:00:00,Eggs_12ct,204,2.8,570.88,0,0,0,0
2023-03-10 00:00:00,Eggs_12ct,181,2.8,507.07,0,0,0,0
2023-03-11 00:00:00,Eggs_12ct,191,2.8,534.28,0,0,1,0
2023-03-12 00:00:00,Eggs_12ct,195,2.8,545.04,0,0,1,0
2023-03-13 00:00:00,Eggs_12ct,217,2.8,606.56,0,0,0,0
2023-03-14 00:00:00,Eggs_12ct,216,2.8,603.87,0,0,0,0
2023-03-15 00:00:00,Eggs_12ct,197,2.79,550.39,0,0,0,0
2023-03-16 00:00:00,Eggs_12ct,186,2.79,519.39,0,0,0,0
2023-03-17 00:00:00,Eggs_12ct,198,2.79,552.68,0,0,0,0
2023-03-18 00:00:00,Eggs_12ct,206,2.79,575.61,0,0,1,0
2023-03-19 00:00:00,Eggs_12ct,239,2.6,620.61,1,0,1,0
2023-03-20 00:00:00,Eggs_12ct,229,2.59,593.13,1,0,0,0
2023-03-21 00:00:00,Eggs_12ct,259,2.5,648.43,1,0,0,0
2023-03-22 00:00:00,Eggs_12ct,263,2.52,664.03,1,0,0,0
2023-03-23 00:00:00,Eggs_12ct,263,2.53,664.65,1,0,0,0
2023-03-24 00:00:00,Eggs_12ct,241,2.66,639.89,1,0,0,0
2023-03-25 00:00:00,Eggs_12ct,190,2.8,531.31,0,0,1,0
2023-03-26 00:00:00,Eggs_12ct,221,2.79,617.26,0,0,1,0
2023-03-27 00:00:00,Eggs_12ct,172,2.79,480.3,0,0,0,0
2023-03-28 00:00:00,Eggs_12ct,203,2.79,566.43,0,0,0,0
2023-03-29 00:00:00,Eggs_12ct,227,2.79,632.75,0,0,0,0
2023-03-30 00:00:00,Eggs_12ct,200,2.79,557.15,0,0,0,0
2023-03-31 00:00:00,Eggs_12ct,193,2.78,537.29,0,0,0,0
2023-04-01 00:00:00,Eggs_12ct,194,2.78,539.55,0,0,1,0
2023-04-02 00:00:00,Eggs_12ct,190,2.78,527.73,0,0,1,0
2023-04-03 00:00:00,Eggs_12ct,197,2.78,546.91,0,0,0,0
2023-04-04 00:00:00,Eggs_12ct,222,2.78,617.53,0,0,0,0
2023-04-05 00:00:00,Eggs_12ct,198,2.78,550.96,0,0,0,0
2023-04-06 00:00:00,Eggs_12ct,211,2.78,586.8,0,0,0,0
2023-04-07 00:00:00,Eggs_12ct,194,2.78,540.29,0,0,0,0
2023-04-08 00:00:00,Eggs_12ct,195,2.78,542.58,0,0,1,0
2023-04-09 00:00:00,Eggs_12ct,206,2.78,573.25,0,0,1,0
2023-04-10 00:00:00,Eggs_12ct,213,2.78,592.07,0,0,0,0
2023-04-11 00:00:00,Eggs_12ct,203,2.78,564.19,0,0,0,0
2023-04-12 00:00:00,Eggs_12ct,217,2.78,602.83,0,0,0,0
2023-04-13 00:00:00,Eggs_12ct,210,2.78,583.25,0,0,0,0
2023-04-14 00:00:00,Eggs_12ct,175,2.78,485.98,0,0,0,0
2023-04-15 00:00:00,Eggs_12ct,205,2.78,570.09,0,0,1,0
2023-04-16 00:00:00,Eggs_12ct,194,2.78,539,0,0,1,0
2023-04-17 00:00:00,Eggs_12ct,193,2.78,535.95,0,0,0,0
2023-04-18 00:00:00,Eggs_12ct,234,2.78,649.85,0,0,0,0
2023-04-19 00:00:00,Eggs_12ct,226,2.78,627.88,0,0,0,0
2023-04-20 00:00:00,Eggs_12ct,221,2.78,614.24,0,0,0,0
2023-04-21 00:00:00,Eggs_12ct,189,2.78,524.89,0,0,0,0
2023-04-22 00:00:00,Eggs_12ct,197,2.78,546.98,0,0,1,0
2023-04-23 00:00:00,Eggs_12ct,240,2.59,621.91,1,0,1,0
2023-04-24 00:00:00,Eggs_12ct,253,2.59,654.43,1,0,0,0
2023-04-25 00:00:00,Eggs_12ct,238,2.62,624.64,1,0,0,0
2023-04-26 00:00:00,Eggs_12ct,265,2.5,662.88,1,0,0,0
2023-04-27 00:00:00,Eggs_12ct,253,2.52,638.03,1,0,0,0
2023-04-28 00:00:00,Eggs_12ct,245,2.61,638.98,1,0,0,0
2023-04-29 00:00:00,Eggs_12ct,207,2.77,574.35,0,0,1,0
2023-04-30 00:00:00,Eggs_12ct,199,2.78,552.51,0,0,1,0
2023-05-01 00:00:00,Eggs_12ct,192,2.77,532.72,0,0,0,0
2023-05-02 00:00:00,Eggs_12ct,258,2.49,643.68,1,0,0,0
2023-05-03 00:00:00,Eggs_12ct,256,2.47,632.66,1,0,0,0
2023-05-04 00:00:00,Eggs_12ct,241,2.6,626.17,1,0,0,0
2023-05-05 00:00:00,Eggs_12ct,256,2.58,661.37,1,0,0,0
2023-05-06 00:00:00,Eggs_12ct,224,2.64,590.6,1,0,1,0
2023-05-07 00:00:00,Eggs_12ct,250,2.48,620.26,1,0,1,0
2023-05-08 00:00:00,Eggs_12ct,204,2.77,565.54,0,0,0,0
2023-05-09 00:00:00,Eggs_12ct,206,2.77,570.03,0,0,0,0
2023-05-10 00:00:00,Eggs_12ct,219,2.77,606.08,0,0,0,0
2023-05-11 00:00:00,Eggs_12ct,203,2.76,560.6,0,0,0,0
2023-05-12 00:00:00,Eggs_12ct,194,2.76,535.28,0,0,0,0
2023-05-13 00:00:00,Eggs_12ct,191,2.76,527.19,0,0,1,0
2023-05-14 00:00:00,Eggs_12ct,199,2.76,549.28,0,0,1,0
2023-05-15 00:00:00,Eggs_12ct,205,2.76,566.22,0,0,0,0
2023-05-16 00:00:00,Eggs_12ct,230,2.76,633.96,0,0,0,0
2023-05-17 00:00:00,Eggs_12ct,207,2.76,570.75,0,0,0,0
2023-05-18 00:00:00,Eggs_12ct,198,2.75,545.27,0,0,0,0
2023-05-19 00:00:00,Eggs_12ct,200,2.75,550.78,0,0,0,0
2023-05-20 00:00:00,Eggs_12ct,188,2.75,517.88,0,0,1,0
2023-05-21 00:00:00,Eggs_12ct,195,2.76,537.26,0,0,1,0
2023-05-22 00:00:00,Eggs_12ct,204,2.76,563.18,0,0,0,0
2023-05-23 00:00:00,Eggs_12ct,218,2.76,602.05,0,0,0,0
2023-05-24 00:00:00,Eggs_12ct,205,2.76,566.75,0,0,0,0
2023-05-25 00:00:00,Eggs_12ct,203,2.77,561.36,0,0,0,0
2023-05-26 00:00:00,Eggs_12ct,199,2.77,551.18,0,0,0,0
2023-05-27 00:00:00,Eggs_12ct,196,2.77,542.35,0,0,1,0
2023-05-28 00:00:00,Eggs_12ct,181,2.77,500.75,0,0,1,0
2023-05-29 00:00:00,Eggs_12ct,222,2.76,613.46,0,1,0,0
2023-05-30 00:00:00,Eggs_12ct,214,2.77,591.95,0,0,0,0
2023-05-31 00:00:00,Eggs_12ct,198,2.76,547.03,0,0,0,0
2023-06-01 00:00:00,Eggs_12ct,182,2.76,502.3,0,0,0,0
2023-06-02 00:00:00,Eggs_12ct,192,2.76,529.7,0,0,0,0
2023-06-03 00:00:00,Eggs_12ct,200,2.76,551.46,0,0,1,0
2023-06-04 00:00:00,Eggs_12ct,203,2.76,560.44,0,0,1,0
2023-06-05 00:00:00,Eggs_12ct,200,2.76,552.85,0,0,0,0
2023-06-06 00:00:00,Eggs_12ct,205,2.77,567.1,0,0,0,0
2023-06-07 00:00:00,Eggs_12ct,215,2.77,594.86,0,0,0,0
2023-06-08 00:00:00,Eggs_12ct,199,2.77,551.02,0,0,0,0
2023-06-09 00:00:00,Eggs_12ct,193,2.77,534.73,0,0,0,0
2023-06-10 00:00:00,Eggs_12ct,227,2.48,562.78,1,0,1,0
2023-06-11 00:00:00,Eggs_12ct,237,2.55,603.77,1,0,1,0
2023-06-12 00:00:00,Eggs_12ct,240,2.57,615.61,1,0,0,0
2023-06-13 00:00:00,Eggs_12ct,220,2.55,560.41,1,0,0,0
2023-06-14 00:00:00,Eggs_12ct,243,2.62,636.23,1,0,0,0
2023-06-15 00:00:00,Eggs_12ct,242,2.46,594.18,1,0,0,0
2023-06-16 00:00:00,Eggs_12ct,165,2.76,456.13,0,0,0,0
2023-06-17 00:00:00,Eggs_12ct,185,2.77,511.65,0,0,1,0
2023-06-18 00:00:00,Eggs_12ct,182,2.77,503.73,0,0,1,0
2023-06-19 00:00:00,Eggs_12ct,214,2.77,592.77,0,1,0,0
2023-06-20 00:00:00,Eggs_12ct,214,2.77,592.73,0,0,0,0
2023-06-21 00:00:00,Eggs_12ct,206,2.77,570.99,0,0,0,0
2023-06-22 00:00:00,Eggs_12ct,198,2.77,549.32,0,0,0,0
2023-06-23 00:00:00,Eggs_12ct,182,2.77,504.96,0,0,0,0
2023-06-24 00:00:00,Eggs_12ct,199,2.77,551.72,0,0,1,0
2023-06-25 00:00:00,Eggs_12ct,195,2.78,541.43,0,0,1,0
2023-06-26 00:00:00,Eggs_12ct,169,2.78,469.14,0,0,0,0
2023-06-27 00:00:00,Eggs_12ct,222,2.78,616.71,0,0,0,0
2023-06-28 00:00:00,Eggs_12ct,210,2.78,584.4,0,0,0,0
2023-06-29 00:00:00,Eggs_12ct,193,2.78,537.44,0,0,0,0
2023-06-30 00:00:00,Eggs_12ct,185,2.78,514.32,0,0,0,0
2023-07-01 00:00:00,Eggs_12ct,179,2.78,497.4,0,0,1,0
2023-07-02 00:00:00,Eggs_12ct,188,2.78,522.21,0,0,1,0
2023-07-03 00:00:00,Eggs_12ct,224,2.56,573.34,1,0,0,0
2023-07-04 00:00:00,Eggs_12ct,258,2.64,680.14,1,1,0,0
2023-07-05 00:00:00,Eggs_12ct,248,2.64,653.63,1,0,0,0
2023-07-06 00:00:00,Eggs_12ct,241,2.63,633.3,1,0,0,0
2023-07-07 00:00:00,Eggs_12ct,231,2.63,606.82,1,0,0,0
2023-07-08 00:00:00,Eggs_12ct,225,2.47,555.88,1,0,1,0
2023-07-09 00:00:00,Eggs_12ct,194,2.77,537.7,0,0,1,0
2023-07-10 00:00:00,Eggs_12ct,184,2.77,509.31,0,0,0,0
2023-07-11 00:00:00,Eggs_12ct,204,2.77,564.35,0,0,0,0
2023-07-12 00:00:00,Eggs_12ct,208,2.76,574.72,0,0,0,0
2023-07-13 00:00:00,Eggs_12ct,175,2.76,483.12,0,0,0,0
2023-07-14 00:00:00,Eggs_12ct,169,2.76,466.13,0,0,0,0
2023-07-15 00:00:00,Eggs_12ct,169,2.76,466.63,0,0,1,0
2023-07-16 00:00:00,Eggs_12ct,183,2.77,506.02,0,0,1,0
2023-07-17 00:00:00,Eggs_12ct,167,2.77,461.89,0,0,0,0
2023-07-18 00:00:00,Eggs_12ct,203,2.76,560.59,0,0,0,0
2023-07-19 00:00:00,Eggs_12ct,197,2.77,544.71,0,0,0,0
2023-07-20 00:00:00,Eggs_12ct,182,2.76,502.78,0,0,0,0
2023-07-21 00:00:00,Eggs_12ct,175,2.76,483.7,0,0,0,0
2023-07-22 00:00:00,Eggs_12ct,169,2.76,467.18,0,0,1,0
2023-07-23 00:00:00,Eggs_12ct,178,2.77,492.33,0,0,1,0
2023-07-24 00:00:00,Eggs_12ct,165,2.77,456.52,0,0,0,0
2023-07-25 00:00:00,Eggs_12ct,182,2.77,503.83,0,0,0,0
2023-07-26 00:00:00,Eggs_12ct,198,2.77,548.76,0,0,0,0
2023-07-27 00:00:00,Eggs_12ct,174,2.77,481.85,0,0,0,0
2023-07-28 00:00:00,Eggs_12ct,175,2.77,484.41,0,0,0,0
2023-07-29 00:00:00,Eggs_12ct,169,2.76,467.26,0,0,1,0
2023-07-30 00:00:00,Eggs_12ct,173,2.76,478.22,0,0,1,0
2023-07-31 00:00:00,Eggs_12ct,186,2.76,513.74,0,0,0,0
2023-08-01 00:00:00,Eggs_12ct,201,2.76,555.64,0,0,0,0
2023-08-02 00:00:00,Eggs_12ct,199,2.77,550.48,0,0,0,0
2023-08-03 00:00:00,Eggs_12ct,182,2.76,502.7,0,0,0,0
2023-08-04 00:00:00,Eggs_12ct,181,2.77,500.55,0,0,0,0
2023-08-05 00:00:00,Eggs_12ct,163,2.77,450.83,0,0,1,0
2023-08-06 00:00:00,Eggs_12ct,179,2.76,494.55,0,0,1,0
2023-08-07 00:00:00,Eggs_12ct,167,2.76,461.57,0,0,0,0
2023-08-08 00:00:00,Eggs_12ct,206,2.76,568.91,0,0,0,0
2023-08-09 00:00:00,Eggs_12ct,180,2.76,496.9,0,0,0,0
2023-08-10 00:00:00,Eggs_12ct,183,2.76,504.71,0,0,0,0
2023-08-11 00:00:00,Eggs_12ct,182,2.76,502.45,0,0,0,0
2023-08-12 00:00:00,Eggs_12ct,166,2.76,458.11,0,0,1,0
2023-08-13 00:00:00,Eggs_12ct,170,2.76,469.02,0,0,1,0
2023-08-14 00:00:00,Eggs_12ct,156,2.76,430.26,0,0,0,0
2023-08-15 00:00:00,Eggs_12ct,184,2.76,507.42,0,0,0,0
2023-08-16 00:00:00,Eggs_12ct,209,2.76,576.64,0,0,0,0
2023-08-17 00:00:00,Eggs_12ct,188,2.76,518.39,0,0,0,0
2023-08-18 00:00:00,Eggs_12ct,154,2.76,424.44,0,0,0,0
2023-08-19 00:00:00,Eggs_12ct,161,2.76,444.01,0,0,1,0
2023-08-20 00:00:00,Eggs_12ct,176,2.76,485.7,0,0,1,0
2023-08-21 00:00:00,Eggs_12ct,169,2.76,465.89,0,0,0,0
2023-08-22 00:00:00,Eggs_12ct,188,2.76,518.26,0,0,0,0
2023-08-23 00:00:00,Eggs_12ct,204,2.76,562.27,0,0,0,0
2023-08-24 00:00:00,Eggs_12ct,160,2.76,441.05,0,0,0,0
2023-08-25 00:00:00,Eggs_12ct,162,2.76,446.46,0,0,0,0
2023-08-26 00:00:00,Eggs_12ct,178,2.76,490.44,0,0,1,0
2023-08-27 00:00:00,Eggs_12ct,177,2.75,487.49,0,0,1,0
2023-08-28 00:00:00,Eggs_12ct,175,2.75,481.72,0,0,0,0
2023-08-29 00:00:00,Eggs_12ct,173,2.75,476.32,0,0,0,0
2023-08-30 00:00:00,Eggs_12ct,191,2.75,525.73,0,0,0,0
2023-08-31 00:00:00,Eggs_12ct,186,2.75,511.37,0,0,0,0
2023-09-01 00:00:00,Eggs_12ct,136,2.75,373.66,0,0,0,0
2023-09-02 00:00:00,Eggs_12ct,159,2.75,437.25,0,0,1,0
2023-09-03 00:00:00,Eggs_12ct,181,2.75,498.42,0,0,1,0
2023-09-04 00:00:00,Eggs_12ct,175,2.75,480.93,0,1,0,0
2023-09-05 00:00:00,Eggs_12ct,192,2.75,527.39,0,0,0,0
2023-09-06 00:00:00,Eggs_12ct,186,2.74,510.49,0,0,0,0
2023-09-07 00:00:00,Eggs_12ct,186,2.74,510.3,0,0,0,0
2023-09-08 00:00:00,Eggs_12ct,163,2.74,446.91,0,0,0,0
2023-09-09 00:00:00,Eggs_12ct,153,2.75,420.06,0,0,1,0
2023-09-10 00:00:00,Eggs_12ct,164,2.74,449.7,0,0,1,0
2023-09-11 00:00:00,Eggs_12ct,159,2.74,435.48,0,0,0,0
2023-09-12 00:00:00,Eggs_12ct,189,2.74,517.39,0,0,0,0
2023-09-13 00:00:00,Eggs_12ct,180,2.74,493.05,0,0,0,0
2023-09-14 00:00:00,Eggs_12ct,166,2.74,454.87,0,0,0,0
2023-09-15 00:00:00,Eggs_12ct,161,2.74,441.44,0,0,0,0
2023-09-16 00:00:00,Eggs_12ct,159,2.74,436.12,0,0,1,0
2023-09-17 00:00:00,Eggs_12ct,161,2.74,441.75,0,0,1,0
2023-09-18 00:00:00,Eggs_12ct,170,2.74,466.15,0,0,0,0
2023-09-19 00:00:00,Eggs_12ct,179,2.74,491.17,0,0,0,0
2023-09-20 00:00:00,Eggs_12ct,179,2.74,491.27,0,0,0,0
2023-09-21 00:00:00,Eggs_12ct,176,2.74,482.07,0,0,0,0
2023-09-22 00:00:00,Eggs_12ct,166,2.74,454.78,0,0,0,0
2023-09-23 00:00:00,Eggs_12ct,163,2.74,446.93,0,0,1,0
2023-09-24 00:00:00,Eggs_12ct,152,2.74,417.15,0,0,1,0
2023-09-25 00:00:00,Eggs_12ct,146,2.74,400.16,0,0,0,0
2023-09-26 00:00:00,Eggs_12ct,166,2.74,455.01,0,0,0,0
2023-09-27 00:00:00,Eggs_12ct,190,2.75,521.8,0,0,0,0
2023-09-28 00:00:00,Eggs_12ct,183,2.74,502.16,0,0,0,0
2023-09-29 00:00:00,Eggs_12ct,163,2.75,448.07,0,0,0,0
2023-09-30 00:00:00,Eggs_12ct,174,2.75,477.95,0,0,1,0
2023-10-01 00:00:00,Eggs_12ct,171,2.75,469.89,0,0,1,0
2023-10-02 00:00:00,Eggs_12ct,182,2.75,499.86,0,0,0,0
2023-10-03 00:00:00,Eggs_12ct,165,2.75,453.2,0,0,0,0
2023-10-04 00:00:00,Eggs_12ct,194,2.75,533.03,0,0,0,0
2023-10-05 00:00:00,Eggs_12ct,175,2.74,479.89,0,0,0,0
2023-10-06 00:00:00,Eggs_12ct,170,2.74,466.62,0,0,0,0
2023-10-07 00:00:00,Eggs_12ct,161,2.75,442.19,0,0,1,0
2023-10-08 00:00:00,Eggs_12ct,164,2.75,451.13,0,0,1,0
2023-10-09 00:00:00,Eggs_12ct,190,2.75,523.3,0,1,0,0
2023-10-10 00:00:00,Eggs_12ct,174,2.76,479.45,0,0,0,0
2023-10-11 00:00:00,Eggs_12ct,189,2.76,520.75,0,0,0,0
2023-10-12 00:00:00,Eggs_12ct,171,2.75,470.71,0,0,0,0
2023-10-13 00:00:00,Eggs_12ct,153,2.76,421.7,0,0,0,0
2023-10-14 00:00:00,Eggs_12ct,178,2.76,490.47,0,0,1,0
2023-10-15 00:00:00,Eggs_12ct,167,2.76,460.23,0,0,1,0
2023-10-16 00:00:00,Eggs_12ct,182,2.76,501.48,0,0,0,0
2023-10-17 00:00:00,Eggs_12ct,189,2.75,520.42,0,0,0,0
2023-10-18 00:00:00,Eggs_12ct,189,2.75,520.43,0,0,0,0
2023-10-19 00:00:00,Eggs_12ct,189,2.75,520.39,0,0,0,0
2023-10-20 00:00:00,Eggs_12ct,165,2.76,454.79,0,0,0,0
2023-10-21 00:00:00,Eggs_12ct,171,2.75,470.98,0,0,1,0
2023-10-22 00:00:00,Eggs_12ct,168,2.75,462.64,0,0,1,0
2023-10-23 00:00:00,Eggs_12ct,179,2.75,492.35,0,0,0,0
2023-10-24 00:00:00,Eggs_12ct,186,2.75,511.65,0,0,0,0
2023-10-25 00:00:00,Eggs_12ct,188,2.75,517.51,0,0,0,0
2023-10-26 00:00:00,Eggs_12ct,186,2.75,512.37,0,0,0,0
2023-10-27 00:00:00,Eggs_12ct,157,2.76,432.7,0,0,0,0
2023-10-28 00:00:00,Eggs_12ct,184,2.76,507.28,0,0,1,0
2023-10-29 00:00:00,Eggs_12ct,166,2.75,457.2,0,0,1,0
2023-10-30 00:00:00,Eggs_12ct,169,2.76,465.95,0,0,0,0
2023-10-31 00:00:00,Eggs_12ct,176,2.76,484.97,0,0,0,0
2023-11-01 00:00:00,Eggs_12ct,177,2.76,488.13,0,0,0,0
2023-11-02 00:00:00,Eggs_12ct,184,2.76,506.97,0,0,0,0
2023-11-03 00:00:00,Eggs_12ct,150,2.76,413.71,0,0,0,0
2023-11-04 00:00:00,Eggs_12ct,173,2.76,477.01,0,0,1,0
2023-11-05 00:00:00,Eggs_12ct,171,2.76,471.8,0,0,1,0
2023-11-06 00:00:00,Eggs_12ct,174,2.76,479.53,0,0,0,0
2023-11-07 00:00:00,Eggs_12ct,167,2.76,460.66,0,0,0,0
2023-11-08 00:00:00,Eggs_12ct,205,2.76,565.3,0,0,0,0
2023-11-09 00:00:00,Eggs_12ct,191,2.76,526.79,0,0,0,0
2023-11-10 00:00:00,Eggs_12ct,178,2.76,490.77,0,1,0,0
2023-11-11 00:00:00,Eggs_12ct,181,2.76,498.91,0,0,1,0
2023-11-12 00:00:00,Eggs_12ct,172,2.76,474.45,0,0,1,0
2023-11-13 00:00:00,Eggs_12ct,154,2.76,425.14,0,0,0,0
2023-11-14 00:00:00,Eggs_12ct,188,2.76,518.55,0,0,0,0
2023-11-15 00:00:00,Eggs_12ct,192,2.76,530.31,0,0,0,0
2023-11-16 00:00:00,Eggs_12ct,157,2.76,433.54,0,0,0,0
2023-11-17 00:00:00,Eggs_12ct,172,2.76,474.06,0,0,0,0
2023-11-18 00:00:00,Eggs_12ct,182,2.76,501.73,0,0,1,0
2023-11-19 00:00:00,Eggs_12ct,181,2.76,499.42,0,0,1,0
2023-11-20 00:00:00,Eggs_12ct,221,2.48,548.86,1,0,0,0
2023-11-21 00:00:00,Eggs_12ct,247,2.51,619.21,1,0,0,0
2023-11-22 00:00:00,Eggs_12ct,239,2.62,625.72,1,0,0,0
2023-11-23 00:00:00,Eggs_12ct,241,2.62,630.22,1,1,0,0
2023-11-24 00:00:00,Eggs_12ct,235,2.46,578.9,1,0,0,0
2023-11-25 00:00:00,Eggs_12ct,199,2.53,503.87,1,0,1,0
2023-11-26 00:00:00,Eggs_12ct,235,2.56,601.69,1,0,1,0
2023-11-27 00:00:00,Eggs_12ct,183,2.75,503.04,0,0,0,0
2023-11-28 00:00:00,Eggs_12ct,181,2.75,498.46,0,0,0,0
2023-11-29 00:00:00,Eggs_12ct,195,2.76,537.52,0,0,0,0
2023-11-30 00:00:00,Eggs_12ct,181,2.76,499.49,0,0,0,0
2023-12-01 00:00:00,Eggs_12ct,173,2.76,477.16,0,0,0,0
2023-12-02 00:00:00,Eggs_12ct,157,2.76,433.37,0,0,1,0
2023-12-03 00:00:00,Eggs_12ct,191,2.76,527.59,0,0,1,0
2023-12-04 00:00:00,Eggs_12ct,184,2.76,507.25,0,0,0,0
2023-12-05 00:00:00,Eggs_12ct,186,2.76,512.8,0,0,0,0
2023-12-06 00:00:00,Eggs_12ct,191,2.75,525.78,0,0,0,0
2023-12-07 00:00:00,Eggs_12ct,187,2.75,515.14,0,0,0,0
2023-12-08 00:00:00,Eggs_12ct,174,2.76,479.79,0,0,0,0
2023-12-09 00:00:00,Eggs_12ct,178,2.76,490.76,0,0,1,0
2023-12-10 00:00:00,Eggs_12ct,182,2.75,501.39,0,0,1,0
2023-12-11 00:00:00,Eggs_12ct,185,2.76,509.71,0,0,0,0
2023-12-12 00:00:00,Eggs_12ct,208,2.76,573.37,0,0,0,0
2023-12-13 00:00:00,Eggs_12ct,189,2.76,521.07,0,0,0,0
2023-12-14 00:00:00,Eggs_12ct,183,2.75,504,0,0,0,0
2023-12-15 00:00:00,Eggs_12ct,177,2.75,487.14,0,0,0,0
2023-12-16 00:00:00,Eggs_12ct,184,2.75,506.03,0,0,1,0
2023-12-17 00:00:00,Eggs_12ct,185,2.75,508.61,0,0,1,0
2023-12-18 00:00:00,Eggs_12ct,239,2.51,600.76,1,0,0,0
2023-12-19 00:00:00,Eggs_12ct,242,2.58,624.45,1,0,0,0
2023-12-20 00:00:00,Eggs_12ct,251,2.58,647.65,1,0,0,0
2023-12-21 00:00:00,Eggs_12ct,250,2.5,624,1,0,0,0
2023-12-22 00:00:00,Eggs_12ct,216,2.44,528.05,1,0,0,0
2023-12-23 00:00:00,Eggs_12ct,226,2.59,585.11,1,0,1,0
2023-12-24 00:00:00,Eggs_12ct,237,2.61,618.04,1,0,1,0
2023-12-25 00:00:00,Eggs_12ct,250,2.45,612.57,1,1,0,0
2023-12-26 00:00:00,Eggs_12ct,248,2.51,622.27,1,0,0,0
2023-12-27 00:00:00,Eggs_12ct,242,2.46,594.89,1,0,0,0
2023-12-28 00:00:00,Eggs_12ct,244,2.63,640.69,1,0,0,0
2023-12-29 00:00:00,Eggs_12ct,210,2.52,528.75,1,0,0,0
2023-12-30 00:00:00,Eggs_12ct,218,2.44,532.74,1,0,1,0
2023-12-31 00:00:00,Eggs_12ct,253,2.49,629.01,1,0,1,0
2024-01-01 00:00:00,Eggs_12ct,202,2.75,555.46,0,1,0,0
2024-01-02 00:00:00,Eggs_12ct,204,2.75,560.61,0,0,0,0
2024-01-03 00:00:00,Eggs_12ct,203,2.75,557.62,0,0,0,0
2024-01-04 00:00:00,Eggs_12ct,185,2.75,508.41,0,0,0,0
2024-01-05 00:00:00,Eggs_12ct,189,2.75,519.94,0,0,0,0
2024-01-06 00:00:00,Eggs_12ct,179,2.75,492.93,0,0,1,0
2024-01-07 00:00:00,Eggs_12ct,203,2.76,560.21,0,0,1,0
2024-01-08 00:00:00,Eggs_12ct,195,2.76,538.2,0,0,0,0
2024-01-09 00:00:00,Eggs_12ct,195,2.76,537.92,0,0,0,0
2024-01-10 00:00:00,Eggs_12ct,202,2.76,557.76,0,0,0,0
2024-01-11 00:00:00,Eggs_12ct,195,2.76,537.97,0,0,0,0
2024-01-12 00:00:00,Eggs_12ct,196,2.76,541.09,0,0,0,0
2024-01-13 00:00:00,Eggs_12ct,204,2.76,563.08,0,0,1,0
2024-01-14 00:00:00,Eggs_12ct,217,2.76,599.66,0,0,1,0
2024-01-15 00:00:00,Eggs_12ct,214,2.77,592.1,0,1,0,0
2024-01-16 00:00:00,Eggs_12ct,192,2.76,530.55,0,0,0,0
2024-01-17 00:00:00,Eggs_12ct,197,2.76,543.72,0,0,0,0
2024-01-18 00:00:00,Eggs_12ct,208,2.76,573.69,0,0,0,0
2024-01-19 00:00:00,Eggs_12ct,190,2.76,524.81,0,0,0,0
2024-01-20 00:00:00,Eggs_12ct,185,2.76,511.15,0,0,1,0
2024-01-21 00:00:00,Eggs_12ct,180,2.76,496.72,0,0,1,0
2024-01-22 00:00:00,Eggs_12ct,183,2.76,505.6,0,0,0,0
2024-01-23 00:00:00,Eggs_12ct,210,2.76,580.42,0,0,0,0
2024-01-24 00:00:00,Eggs_12ct,201,2.77,556.11,0,0,0,0
2024-01-25 00:00:00,Eggs_12ct,205,2.77,566.88,0,0,0,0
2024-01-26 00:00:00,Eggs_12ct,180,2.77,498.17,0,0,0,0
2024-01-27 00:00:00,Eggs_12ct,173,2.77,478.8,0,0,1,0
2024-01-28 00:00:00,Eggs_12ct,199,2.77,550.92,0,0,1,0
2024-01-29 00:00:00,Eggs_12ct,214,2.76,591.46,0,0,0,0
2024-01-30 00:00:00,Eggs_12ct,216,2.76,596.69,0,0,0,0
2024-01-31 00:00:00,Eggs_12ct,209,2.76,577.84,0,0,0,0
2024-02-01 00:00:00,Eggs_12ct,212,2.77,586.69,0,0,0,0
2024-02-02 00:00:00,Eggs_12ct,247,2.47,609.66,1,0,0,0
2024-02-03 00:00:00,Eggs_12ct,239,2.52,602.91,1,0,1,0
2024-02-04 00:00:00,Eggs_12ct,229,2.63,601.13,1,0,1,0
2024-02-05 00:00:00,Eggs_12ct,241,2.56,617.3,1,0,0,0
2024-02-06 00:00:00,Eggs_12ct,261,2.44,637.6,1,0,0,0
2024-02-07 00:00:00,Eggs_12ct,250,2.57,641.92,1,0,0,0
2024-02-08 00:00:00,Eggs_12ct,208,2.77,576.69,0,0,0,0
2024-02-09 00:00:00,Eggs_12ct,207,2.77,574.23,0,0,0,0
2024-02-10 00:00:00,Eggs_12ct,190,2.77,526.77,0,0,1,0
2024-02-11 00:00:00,Eggs_12ct,193,2.78,535.67,0,0,1,0
2024-02-12 00:00:00,Eggs_12ct,200,2.78,555.53,0,0,0,0
2024-02-13 00:00:00,Eggs_12ct,212,2.78,588.92,0,0,0,0
2024-02-14 00:00:00,Eggs_12ct,218,2.78,605.21,0,0,0,0
2024-02-15 00:00:00,Eggs_12ct,202,2.78,561.14,0,0,0,0
2024-02-16 00:00:00,Eggs_12ct,183,2.78,508.81,0,0,0,0
2024-02-17 00:00:00,Eggs_12ct,187,2.78,519.9,0,0,1,0
2024-02-18 00:00:00,Eggs_12ct,187,2.78,519.81,0,0,1,0
2024-02-19 00:00:00,Eggs_12ct,217,2.78,603.54,0,1,0,0
2024-02-20 00:00:00,Eggs_12ct,235,2.78,653.56,0,0,0,0
2024-02-21 00:00:00,Eggs_12ct,221,2.79,615.79,0,0,0,0
2024-02-22 00:00:00,Eggs_12ct,213,2.79,593.78,0,0,0,0
2024-02-23 00:00:00,Eggs_12ct,196,2.79,546.65,0,0,0,0
2024-02-24 00:00:00,Eggs_12ct,193,2.79,538.95,0,0,1,0
2024-02-25 00:00:00,Eggs_12ct,216,2.79,603.57,0,0,1,0
2024-02-26 00:00:00,Eggs_12ct,204,2.8,570.53,0,0,0,0
2024-02-27 00:00:00,Eggs_12ct,216,2.8,603.99,0,0,0,0
2024-02-28 00:00:00,Eggs_12ct,219,2.8,612.4,0,0,0,0
2024-02-29 00:00:00,Eggs_12ct,214,2.8,598.43,0,0,0,0
2024-03-01 00:00:00,Eggs_12ct,202,2.8,565.37,0,0,0,0
2024-03-02 00:00:00,Eggs_12ct,202,2.8,565.87,0,0,1,0
2024-03-03 00:00:00,Eggs_12ct,208,2.8,582.24,0,0,1,0
2024-03-04 00:00:00,Eggs_12ct,193,2.8,540.34,0,0,0,0
2024-03-05 00:00:00,Eggs_12ct,259,2.47,641.01,1,0,0,0
2024-03-06 00:00:00,Eggs_12ct,274,2.52,689.65,1,0,0,0
2024-03-07 00:00:00,Eggs_12ct,267,2.59,690.97,1,0,0,0
2024-03-08 00:00:00,Eggs_12ct,250,2.5,626.12,1,0,0,0
2024-03-09 00:00:00,Eggs_12ct,255,2.47,629.52,1,0,1,0
2024-03-10 00:00:00,Eggs_12ct,241,2.47,595.82,1,0,1,0
2024-03-11 00:00:00,Eggs_12ct,204,2.8,570.58,0,0,0,0
2024-03-12 00:00:00,Eggs_12ct,214,2.8,599.13,0,0,0,0
2024-03-13 00:00:00,Eggs_12ct,229,2.8,641.57,0,0,0,0
2024-03-14 00:00:00,Eggs_12ct,211,2.8,590.58,0,0,0,0
2024-03-15 00:00:00,Eggs_12ct,179,2.8,501.34,0,0,0,0
2024-03-16 00:00:00,Eggs_12ct,193,2.8,539.7,0,0,1,0
2024-03-17 00:00:00,Eggs_12ct,199,2.79,555.92,0,0,1,0
2024-03-18 00:00:00,Eggs_12ct,215,2.79,600.37,0,0,0,0
2024-03-19 00:00:00,Eggs_12ct,231,2.8,645.9,0,0,0,0
2024-03-20 00:00:00,Eggs_12ct,224,2.8,626.33,0,0,0,0
2024-03-21 00:00:00,Eggs_12ct,231,2.8,646.22,0,0,0,0
2024-03-22 00:00:00,Eggs_12ct,210,2.8,588.21,0,0,0,0
2024-03-23 00:00:00,Eggs_12ct,199,2.8,557.22,0,0,1,0
2024-03-24 00:00:00,Eggs_12ct,206,2.8,576.88,0,0,1,0
2024-03-25 00:00:00,Eggs_12ct,195,2.8,546.01,0,0,0,0
2024-03-26 00:00:00,Eggs_12ct,240,2.8,672.21,0,0,0,0
2024-03-27 00:00:00,Eggs_12ct,201,2.8,563.65,0,0,0,0
2024-03-28 00:00:00,Eggs_12ct,207,2.8,580.13,0,0,0,0
2024-03-29 00:00:00,Eggs_12ct,208,2.8,582.21,0,0,0,0
2024-03-30 00:00:00,Eggs_12ct,196,2.8,548.2,0,0,1,0
2024-03-31 00:00:00,Eggs_12ct,202,2.8,565.01,0,0,1,0
2024-04-01 00:00:00,Eggs_12ct,197,2.8,551.21,0,0,0,0
2024-04-02 00:00:00,Eggs_12ct,219,2.8,612.31,0,0,0,0
2024-04-03 00:00:00,Eggs_12ct,213,2.79,594.93,0,0,0,0
2024-04-04 00:00:00,Eggs_12ct,224,2.79,625.79,0,0,0,0
2024-04-05 00:00:00,Eggs_12ct,197,2.8,551.01,0,0,0,0
2024-04-06 00:00:00,Eggs_12ct,218,2.8,609.5,0,0,1,0
2024-04-07 00:00:00,Eggs_12ct,210,2.8,587.75,0,0,1,0
2024-04-08 00:00:00,Eggs_12ct,210,2.79,586.91,0,0,0,0
2024-04-09 00:00:00,Eggs_12ct,227,2.79,633.68,0,0,0,0
2024-04-10 00:00:00,Eggs_12ct,235,2.79,656.55,0,0,0,0
2024-04-11 00:00:00,Eggs_12ct,209,2.79,583.29,0,0,0,0
2024-04-12 00:00:00,Eggs_12ct,194,2.79,542.19,0,0,0,0
2024-04-13 00:00:00,Eggs_12ct,181,2.79,505.76,0,0,1,0
2024-04-14 00:00:00,Eggs_12ct,205,2.79,572.37,0,0,1,0
2024-04-15 00:00:00,Eggs_12ct,204,2.79,569.7,0,0,0,0
2024-04-16 00:00:00,Eggs_12ct,217,2.79,605.38,0,0,0,0
2024-04-17 00:00:00,Eggs_12ct,220,2.79,614,0,0,0,0
2024-04-18 00:00:00,Eggs_12ct,234,2.79,653.15,0,0,0,0
2024-04-19 00:00:00,Eggs_12ct,186,2.79,518.71,0,0,0,0
2024-04-20 00:00:00,Eggs_12ct,186,2.79,519.57,0,0,1,0
2024-04-21 00:00:00,Eggs_12ct,193,2.79,538.72,0,0,1,0
2024-04-22 00:00:00,Eggs_12ct,201,2.79,561.68,0,0,0,0
2024-04-23 00:00:00,Eggs_12ct,222,2.79,620.08,0,0,0,0
2024-04-24 00:00:00,Eggs_12ct,215,2.8,601.37,0,0,0,0
2024-04-25 00:00:00,Eggs_12ct,208,2.8,581.73,0,0,0,0
2024-04-26 00:00:00,Eggs_12ct,177,2.79,494.64,0,0,0,0
2024-04-27 00:00:00,Eggs_12ct,205,2.79,572.52,0,0,1,0
2024-04-28 00:00:00,Eggs_12ct,194,2.8,542.26,0,0,1,0
2024-04-29 00:00:00,Eggs_12ct,219,2.8,612.17,0,0,0,0
2024-04-30 00:00:00,Eggs_12ct,220,2.8,616.07,0,0,0,0
2024-05-01 00:00:00,Eggs_12ct,211,2.8,591.06,0,0,0,0
2024-05-02 00:00:00,Eggs_12ct,205,2.8,574.14,0,0,0,0
2024-05-03 00:00:00,Eggs_12ct,189,2.8,529.1,0,0,0,0
2024-05-04 00:00:00,Eggs_12ct,205,2.8,573.99,0,0,1,0
2024-05-05 00:00:00,Eggs_12ct,214,2.8,599.1,0,0,1,0
2024-05-06 00:00:00,Eggs_12ct,210,2.8,587.74,0,0,0,0
2024-05-07 00:00:00,Eggs_12ct,214,2.8,598.48,0,0,0,0
2024-05-08 00:00:00,Eggs_12ct,222,2.8,622.03,0,0,0,0
2024-05-09 00:00:00,Eggs_12ct,203,2.8,568.47,0,0,0,0
2024-05-10 00:00:00,Eggs_12ct,194,2.8,543.89,0,0,0,0
2024-05-11 00:00:00,Eggs_12ct,243,2.53,615.39,1,0,1,0
2024-05-12 00:00:00,Eggs_12ct,266,2.52,670.21,1,0,1,0
2024-05-13 00:00:00,Eggs_12ct,246,2.64,650.25,1,0,0,0
2024-05-14 00:00:00,Eggs_12ct,270,2.61,703.39,1,0,0,0
2024-05-15 00:00:00,Eggs_12ct,269,2.62,703.98,1,0,0,0
2024-05-16 00:00:00,Eggs_12ct,242,2.5,604.94,1,0,0,0
2024-05-17 00:00:00,Eggs_12ct,207,2.8,579.51,0,0,0,0
2024-05-18 00:00:00,Eggs_12ct,192,2.8,537.57,0,0,1,0
2024-05-19 00:00:00,Eggs_12ct,195,2.8,546.01,0,0,1,0
2024-05-20 00:00:00,Eggs_12ct,194,2.8,542.25,0,0,0,0
2024-05-21 00:00:00,Eggs_12ct,218,2.8,609.51,0,0,0,0
2024-05-22 00:00:00,Eggs_12ct,216,2.79,603.24,0,0,0,0
2024-05-23 00:00:00,Eggs_12ct,213,2.79,594.6,0,0,0,0
2024-05-24 00:00:00,Eggs_12ct,222,2.79,619.84,0,0,0,0
2024-05-25 00:00:00,Eggs_12ct,186,2.8,520.04,0,0,1,0
2024-05-26 00:00:00,Eggs_12ct,71,2.8,198.86,0,0,1,1
2024-05-27 00:00:00,Eggs_12ct,39,2.8,109.19,0,1,0,1
2024-05-28 00:00:00,Eggs_12ct,218,2.8,609.81,0,0,0,0
2024-05-29 00:00:00,Eggs_12ct,205,2.8,573.76,0,0,0,0
2024-05-30 00:00:00,Eggs_12ct,212,2.8,593.42,0,0,0,0
2024-05-31 00:00:00,Eggs_12ct,182,2.8,510.1,0,0,0,0
2024-06-01 00:00:00,Eggs_12ct,195,2.81,547.55,0,0,1,0
2024-06-02 00:00:00,Eggs_12ct,253,2.64,669.09,1,0,1,0
2024-06-03 00:00:00,Eggs_12ct,262,2.5,654.54,1,0,0,0
2024-06-04 00:00:00,Eggs_12ct,265,2.5,661.91,1,0,0,0
2024-06-05 00:00:00,Eggs_12ct,254,2.53,643.36,1,0,0,0
2024-06-06 00:00:00,Eggs_12ct,255,2.6,663.91,1,0,0,0
2024-06-07 00:00:00,Eggs_12ct,234,2.49,582.35,1,0,0,0
2024-06-08 00:00:00,Eggs_12ct,183,2.81,513.55,0,0,1,0
2024-06-09 00:00:00,Eggs_12ct,183,2.81,513.73,0,0,1,0
2024-06-10 00:00:00,Eggs_12ct,182,2.81,511.38,0,0,0,0
2024-06-11 00:00:00,Eggs_12ct,209,2.8,585.59,0,0,0,0
2024-06-12 00:00:00,Eggs_12ct,214,2.8,598.99,0,0,0,0
2024-06-13 00:00:00,Eggs_12ct,174,2.8,486.84,0,0,0,0
2024-06-14 00:00:00,Eggs_12ct,176,2.8,492.81,0,0,0,0
2024-06-15 00:00:00,Eggs_12ct,192,2.8,537.32,0,0,1,0
2024-06-16 00:00:00,Eggs_12ct,199,2.8,557.18,0,0,1,0
2024-06-17 00:00:00,Eggs_12ct,188,2.8,526.23,0,0,0,0
2024-06-18 00:00:00,Eggs_12ct,215,2.8,601.23,0,0,0,0
2024-06-19 00:00:00,Eggs_12ct,228,2.79,637.23,0,1,0,0
2024-06-20 00:00:00,Eggs_12ct,200,2.79,558.81,0,0,0,0
2024-06-21 00:00:00,Eggs_12ct,200,2.8,559.2,0,0,0,0
2024-06-22 00:00:00,Eggs_12ct,190,2.8,531.17,0,0,1,0
2024-06-23 00:00:00,Eggs_12ct,179,2.8,501.04,0,0,1,0
2024-06-24 00:00:00,Eggs_12ct,172,2.8,481.99,0,0,0,0
2024-06-25 00:00:00,Eggs_12ct,199,2.8,557.71,0,0,0,0
2024-06-26 00:00:00,Eggs_12ct,213,2.8,596.78,0,0,0,0
2024-06-27 00:00:00,Eggs_12ct,203,2.8,568.97,0,0,0,0
2024-06-28 00:00:00,Eggs_12ct,188,2.8,527.04,0,0,0,0
2024-06-29 00:00:00,Eggs_12ct,190,2.8,532.41,0,0,1,0
2024-06-30 00:00:00,Eggs_12ct,185,2.81,519.04,0,0,1,0
2024-07-01 00:00:00,Eggs_12ct,185,2.81,519.58,0,0,0,0
2024-07-02 00:00:00,Eggs_12ct,204,2.81,572.26,0,0,0,0
2024-07-03 00:00:00,Eggs_12ct,212,2.81,595.27,0,0,0,0
2024-07-04 00:00:00,Eggs_12ct,224,2.81,628.72,0,1,0,0
2024-07-05 00:00:00,Eggs_12ct,176,2.81,493.87,0,0,0,0
2024-07-06 00:00:00,Eggs_12ct,164,2.81,460.6,0,0,1,0
2024-07-07 00:00:00,Eggs_12ct,172,2.81,483.47,0,0,1,0
2024-07-08 00:00:00,Eggs_12ct,196,2.81,551.34,0,0,0,0
2024-07-09 00:00:00,Eggs_12ct,209,2.81,587.94,0,0,0,0
2024-07-10 00:00:00,Eggs_12ct,257,2.53,649.49,1,0,0,0
2024-07-11 00:00:00,Eggs_12ct,246,2.49,613.27,1,0,0,0
2024-07-12 00:00:00,Eggs_12ct,224,2.64,591.8,1,0,0,0
2024-07-13 00:00:00,Eggs_12ct,226,2.53,571.67,1,0,1,0
2024-07-14 00:00:00,Eggs_12ct,226,2.53,572.24,1,0,1,0
2024-07-15 00:00:00,Eggs_12ct,230,2.61,600.21,1,0,0,0
2024-07-16 00:00:00,Eggs_12ct,183,2.82,516.5,0,0,0,0
2024-07-17 00:00:00,Eggs_12ct,196,2.82,553.13,0,0,0,0
2024-07-18 00:00:00,Eggs_12ct,194,2.82,547.06,0,0,0,0
2024-07-19 00:00:00,Eggs_12ct,191,2.82,538.05,0,0,0,0
2024-07-20 00:00:00,Eggs_12ct,180,2.82,507.65,0,0,1,0
2024-07-21 00:00:00,Eggs_12ct,176,2.82,496.78,0,0,1,0
2024-07-22 00:00:00,Eggs_12ct,191,2.83,539.86,0,0,0,0
2024-07-23 00:00:00,Eggs_12ct,186,2.82,525.34,0,0,0,0
2024-07-24 00:00:00,Eggs_12ct,214,2.83,604.7,0,0,0,0
2024-07-25 00:00:00,Eggs_12ct,183,2.83,517.21,0,0,0,0
2024-07-26 00:00:00,Eggs_12ct,176,2.82,497.07,0,0,0,0
2024-07-27 00:00:00,Eggs_12ct,179,2.82,504.92,0,0,1,0
2024-07-28 00:00:00,Eggs_12ct,186,2.82,523.8,0,0,1,0
2024-07-29 00:00:00,Eggs_12ct,166,2.82,467.53,0,0,0,0
2024-07-30 00:00:00,Eggs_12ct,201,2.82,566.74,0,0,0,0
2024-07-31 00:00:00,Eggs_12ct,191,2.82,538.49,0,0,0,0
2024-08-01 00:00:00,Eggs_12ct,177,2.81,498.03,0,0,0,0
2024-08-02 00:00:00,Eggs_12ct,167,2.82,470.17,0,0,0,0
2024-08-03 00:00:00,Eggs_12ct,174,2.82,489.91,0,0,1,0
2024-08-04 00:00:00,Eggs_12ct,183,2.82,515.36,0,0,1,0
2024-08-05 00:00:00,Eggs_12ct,173,2.81,486.69,0,0,0,0
2024-08-06 00:00:00,Eggs_12ct,201,2.82,566.26,0,0,0,0
2024-08-07 00:00:00,Eggs_12ct,201,2.82,567.05,0,0,0,0
2024-08-08 00:00:00,Eggs_12ct,200,2.82,564.26,0,0,0,0
2024-08-09 00:00:00,Eggs_12ct,163,2.82,460.09,0,0,0,0
2024-08-10 00:00:00,Eggs_12ct,170,2.82,479.67,0,0,1,0
2024-08-11 00:00:00,Eggs_12ct,178,2.82,501.88,0,0,1,0
2024-08-12 00:00:00,Eggs_12ct,183,2.82,515.95,0,0,0,0
2024-08-13 00:00:00,Eggs_12ct,201,2.82,566.48,0,0,0,0
2024-08-14 00:00:00,Eggs_12ct,205,2.82,577.61,0,0,0,0
2024-08-15 00:00:00,Eggs_12ct,186,2.82,523.72,0,0,0,0
2024-08-16 00:00:00,Eggs_12ct,197,2.81,554.36,0,0,0,0
2024-08-17 00:00:00,Eggs_12ct,180,2.81,506.38,0,0,1,0
2024-08-18 00:00:00,Eggs_12ct,227,2.56,580.39,1,0,1,0
2024-08-19 00:00:00,Eggs_12ct,217,2.53,549.77,1,0,0,0
2024-08-20 00:00:00,Eggs_12ct,215,2.61,560.09,1,0,0,0
2024-08-21 00:00:00,Eggs_12ct,235,2.66,624.96,1,0,0,0
2024-08-22 00:00:00,Eggs_12ct,226,2.64,595.74,1,0,0,0
2024-08-23 00:00:00,Eggs_12ct,220,2.55,561.1,1,0,0,0
2024-08-24 00:00:00,Eggs_12ct,173,2.82,487.06,0,0,1,0
2024-08-25 00:00:00,Eggs_12ct,179,2.82,504.26,0,0,1,0
2024-08-26 00:00:00,Eggs_12ct,165,2.82,465.58,0,0,0,0
2024-08-27 00:00:00,Eggs_12ct,182,2.82,513.9,0,0,0,0
2024-08-28 00:00:00,Eggs_12ct,184,2.82,519.7,0,0,0,0
2024-08-29 00:00:00,Eggs_12ct,192,2.82,541.35,0,0,0,0
2024-08-30 00:00:00,Eggs_12ct,179,2.82,504.88,0,0,0,0
2024-08-31 00:00:00,Eggs_12ct,178,2.82,502.7,0,0,1,0
2024-09-01 00:00:00,Eggs_12ct,193,2.83,545.7,0,0,1,0
2024-09-02 00:00:00,Eggs_12ct,193,2.83,545.51,0,1,0,0
2024-09-03 00:00:00,Eggs_12ct,173,2.83,489.05,0,0,0,0
2024-09-04 00:00:00,Eggs_12ct,184,2.83,520.43,0,0,0,0
2024-09-05 00:00:00,Eggs_12ct,196,2.83,554.24,0,0,0,0
2024-09-06 00:00:00,Eggs_12ct,161,2.82,454.53,0,0,0,0
2024-09-07 00:00:00,Eggs_12ct,184,2.83,519.85,0,0,1,0
2024-09-08 00:00:00,Eggs_12ct,156,2.83,440.76,0,0,1,0
2024-09-09 00:00:00,Eggs_12ct,173,2.82,488.18,0,0,0,0
2024-09-10 00:00:00,Eggs_12ct,195,2.82,549.63,0,0,0,0
2024-09-11 00:00:00,Eggs_12ct,187,2.82,526.91,0,0,0,0
2024-09-12 00:00:00,Eggs_12ct,180,2.82,507.49,0,0,0,0
2024-09-13 00:00:00,Eggs_12ct,158,2.82,445.06,0,0,0,0
2024-09-14 00:00:00,Eggs_12ct,171,2.82,481.82,0,0,1,0
2024-09-15 00:00:00,Eggs_12ct,169,2.81,475.64,0,0,1,0
2024-09-16 00:00:00,Eggs_12ct,168,2.82,473.02,0,0,0,0
2024-09-17 00:00:00,Eggs_12ct,170,2.82,478.92,0,0,0,0
2024-09-18 00:00:00,Eggs_12ct,206,2.82,580.95,0,0,0,0
2024-09-19 00:00:00,Eggs_12ct,239,2.6,620.48,1,0,0,0
2024-09-20 00:00:00,Eggs_12ct,219,2.55,559.09,1,0,0,0
2024-09-21 00:00:00,Eggs_12ct,212,2.57,545.66,1,0,1,0
2024-09-22 00:00:00,Eggs_12ct,225,2.58,580.88,1,0,1,0
2024-09-23 00:00:00,Eggs_12ct,205,2.65,544.19,1,0,0,0
2024-09-24 00:00:00,Eggs_12ct,242,2.52,608.82,1,0,0,0
2024-09-25 00:00:00,Eggs_12ct,179,2.81,503.61,0,0,0,0
2024-09-26 00:00:00,Eggs_12ct,165,2.81,463.41,0,0,0,0
2024-09-27 00:00:00,Eggs_12ct,190,2.81,533.17,0,0,0,0
2024-09-28 00:00:00,Eggs_12ct,165,2.81,463.48,0,0,1,0
2024-09-29 00:00:00,Eggs_12ct,158,2.81,443.99,0,0,1,0
2024-09-30 00:00:00,Eggs_12ct,182,2.81,511.51,0,0,0,0
2024-10-01 00:00:00,Eggs_12ct,200,2.81,561.96,0,0,0,0
2024-10-02 00:00:00,Eggs_12ct,197,2.81,554.15,0,0,0,0
2024-10-03 00:00:00,Eggs_12ct,178,2.81,500.72,0,0,0,0
2024-10-04 00:00:00,Eggs_12ct,146,2.81,410.02,0,0,0,0
2024-10-05 00:00:00,Eggs_12ct,217,2.48,537.54,1,0,1,0
2024-10-06 00:00:00,Eggs_12ct,207,2.61,539.28,1,0,1,0
2024-10-07 00:00:00,Eggs_12ct,214,2.64,564.73,1,0,0,0
2024-10-08 00:00:00,Eggs_12ct,224,2.61,584.63,1,0,0,0
2024-10-09 00:00:00,Eggs_12ct,240,2.59,621.43,1,0,0,0
2024-10-10 00:00:00,Eggs_12ct,198,2.65,523.8,1,0,0,0
2024-10-11 00:00:00,Eggs_12ct,169,2.8,473.85,0,0,0,0
2024-10-12 00:00:00,Eggs_12ct,171,2.8,479.22,0,0,1,0
2024-10-13 00:00:00,Eggs_12ct,180,2.8,504.83,0,0,1,0
2024-10-14 00:00:00,Eggs_12ct,185,2.8,518.77,0,1,0,0
2024-10-15 00:00:00,Eggs_12ct,180,2.8,504.82,0,0,0,0
2024-10-16 00:00:00,Eggs_12ct,179,2.81,502.14,0,0,0,0
2024-10-17 00:00:00,Eggs_12ct,165,2.8,462.58,0,0,0,0
2024-10-18 00:00:00,Eggs_12ct,155,2.8,434.67,0,0,0,0
2024-10-19 00:00:00,Eggs_12ct,169,2.8,473.76,0,0,1,0
2024-10-20 00:00:00,Eggs_12ct,170,2.8,476.49,0,0,1,0
2024-10-21 00:00:00,Eggs_12ct,167,2.8,468.16,0,0,0,0
2024-10-22 00:00:00,Eggs_12ct,187,2.8,523.81,0,0,0,0
2024-10-23 00:00:00,Eggs_12ct,202,2.8,565.93,0,0,0,0
2024-10-24 00:00:00,Eggs_12ct,166,2.8,464.82,0,0,0,0
2024-10-25 00:00:00,Eggs_12ct,190,2.8,531.68,0,0,0,0
2024-10-26 00:00:00,Eggs_12ct,174,2.8,486.64,0,0,1,0
2024-10-27 00:00:00,Eggs_12ct,171,2.8,478.5,0,0,1,0
2024-10-28 00:00:00,Eggs_12ct,165,2.8,462.01,0,0,0,0
2024-10-29 00:00:00,Eggs_12ct,182,2.8,509.79,0,0,0,0
2024-10-30 00:00:00,Eggs_12ct,196,2.8,548.94,0,0,0,0
2024-10-31 00:00:00,Eggs_12ct,187,2.8,523.39,0,0,0,0
2024-11-01 00:00:00,Eggs_12ct,148,2.8,414.5,0,0,0,0
2024-11-02 00:00:00,Eggs_12ct,180,2.8,503.38,0,0,1,0
2024-11-03 00:00:00,Eggs_12ct,164,2.8,458.41,0,0,1,0
2024-11-04 00:00:00,Eggs_12ct,188,2.8,525.5,0,0,0,0
2024-11-05 00:00:00,Eggs_12ct,196,2.8,548.51,0,0,0,0
2024-11-06 00:00:00,Eggs_12ct,181,2.8,506.14,0,0,0,0
2024-11-07 00:00:00,Eggs_12ct,231,2.49,574.57,1,0,0,0
2024-11-08 00:00:00,Eggs_12ct,206,2.54,523.19,1,0,0,0
2024-11-09 00:00:00,Eggs_12ct,203,2.57,520.83,1,0,1,0
2024-11-10 00:00:00,Eggs_12ct,216,2.65,571.34,1,0,1,0
2024-11-11 00:00:00,Eggs_12ct,235,2.6,611.21,1,1,0,0
2024-11-12 00:00:00,Eggs_12ct,242,2.51,608.06,1,0,0,0
2024-11-13 00:00:00,Eggs_12ct,177,2.79,494.18,0,0,0,0
2024-11-14 00:00:00,Eggs_12ct,195,2.79,544.08,0,0,0,0
2024-11-15 00:00:00,Eggs_12ct,172,2.79,480.11,0,0,0,0
2024-11-16 00:00:00,Eggs_12ct,181,2.79,504.35,0,0,1,0
2024-11-17 00:00:00,Eggs_12ct,174,2.78,484.35,0,0,1,0
2024-11-18 00:00:00,Eggs_12ct,169,2.79,470.8,0,0,0,0
2024-11-19 00:00:00,Eggs_12ct,197,2.78,548.61,0,0,0,0
2024-11-20 00:00:00,Eggs_12ct,204,2.78,567.83,0,0,0,0
2024-11-21 00:00:00,Eggs_12ct,180,2.78,500.86,0,0,0,0
2024-11-22 00:00:00,Eggs_12ct,175,2.78,486.54,0,0,0,0
2024-11-23 00:00:00,Eggs_12ct,174,2.78,483.26,0,0,1,0
2024-11-24 00:00:00,Eggs_12ct,179,2.78,497.73,0,0,1,0
2024-11-25 00:00:00,Eggs_12ct,218,2.48,539.86,1,0,0,0
2024-11-26 00:00:00,Eggs_12ct,236,2.58,609.53,1,0,0,0
2024-11-27 00:00:00,Eggs_12ct,224,2.47,553.99,1,0,0,0
2024-11-28 00:00:00,Eggs_12ct,260,2.48,644.08,1,1,0,0
2024-11-29 00:00:00,Eggs_12ct,226,2.47,558.32,1,0,0,0
2024-11-30 00:00:00,Eggs_12ct,226,2.49,562.45,1,0,1,0
2024-12-01 00:00:00,Eggs_12ct,223,2.55,568.32,1,0,1,0
2024-12-02 00:00:00,Eggs_12ct,185,2.78,513.58,0,0,0,0
2024-12-03 00:00:00,Eggs_12ct,189,2.77,524.41,0,0,0,0
2024-12-04 00:00:00,Eggs_12ct,182,2.77,504.8,0,0,0,0
2024-12-05 00:00:00,Eggs_12ct,182,2.77,504.93,0,0,0,0
2024-12-06 00:00:00,Eggs_12ct,157,2.77,435.1,0,0,0,0
2024-12-07 00:00:00,Eggs_12ct,185,2.77,512.94,0,0,1,0
2024-12-08 00:00:00,Eggs_12ct,196,2.77,543.7,0,0,1,0
2024-12-09 00:00:00,Eggs_12ct,184,2.77,509.98,0,0,0,0
2024-12-10 00:00:00,Eggs_12ct,202,2.77,559.78,0,0,0,0
2024-12-11 00:00:00,Eggs_12ct,194,2.77,537.19,0,0,0,0
2024-12-12 00:00:00,Eggs_12ct,200,2.77,553.88,0,0,0,0
2024-12-13 00:00:00,Eggs_12ct,185,2.77,512.4,0,0,0,0
2024-12-14 00:00:00,Eggs_12ct,186,2.77,516.11,0,0,1,0
2024-12-15 00:00:00,Eggs_12ct,183,2.77,507.54,0,0,1,0
2024-12-16 00:00:00,Eggs_12ct,181,2.77,501.62,0,0,0,0
2024-12-17 00:00:00,Eggs_12ct,206,2.77,570.89,0,0,0,0
2024-12-18 00:00:00,Eggs_12ct,254,2.48,629.4,1,0,0,0
2024-12-19 00:00:00,Eggs_12ct,235,2.54,597.88,1,0,0,0
2024-12-20 00:00:00,Eggs_12ct,211,2.54,536.7,1,0,0,0
2024-12-21 00:00:00,Eggs_12ct,242,2.51,606.32,1,0,1,0
2024-12-22 00:00:00,Eggs_12ct,245,2.59,634.3,1,0,1,0
2024-12-23 00:00:00,Eggs_12ct,236,2.46,581.25,1,0,0,0
2024-12-24 00:00:00,Eggs_12ct,261,2.45,639.78,1,0,0,0
2024-12-25 00:00:00,Eggs_12ct,268,2.63,705.22,1,1,0,0
2024-12-26 00:00:00,Eggs_12ct,242,2.56,620.1,1,0,0,0
2024-12-27 00:00:00,Eggs_12ct,232,2.51,581.98,1,0,0,0
2024-12-28 00:00:00,Eggs_12ct,218,2.62,572.03,1,0,1,0
2024-12-29 00:00:00,Eggs_12ct,251,2.51,629.97,1,0,1,0
2024-12-30 00:00:00,Eggs_12ct,249,2.62,651.53,1,0,0,0
2024-12-31 00:00:00,Eggs_12ct,244,2.54,619.27,1,0,0,0
2025-01-01 00:00:00,Eggs_12ct,244,2.78,678.04,0,1,0,0
2025-01-02 00:00:00,Eggs_12ct,192,2.78,533.06,0,0,0,0
2025-01-03 00:00:00,Eggs_12ct,178,2.78,494.58,0,0,0,0
2025-01-04 00:00:00,Eggs_12ct,189,2.78,525,0,0,1,0
2025-01-05 00:00:00,Eggs_12ct,201,2.78,558.61,0,0,1,0
2025-01-06 00:00:00,Eggs_12ct,207,2.77,574.27,0,0,0,0
2025-01-07 00:00:00,Eggs_12ct,211,2.78,586.25,0,0,0,0
2025-01-08 00:00:00,Eggs_12ct,205,2.78,569.47,0,0,0,0
2025-01-09 00:00:00,Eggs_12ct,212,2.78,589.08,0,0,0,0
2025-01-10 00:00:00,Eggs_12ct,176,2.78,488.87,0,0,0,0
2025-01-11 00:00:00,Eggs_12ct,186,2.78,516.43,0,0,1,0
2025-01-12 00:00:00,Eggs_12ct,198,2.78,549.75,0,0,1,0
2025-01-13 00:00:00,Eggs_12ct,190,2.78,527.96,0,0,0,0
2025-01-14 00:00:00,Eggs_12ct,201,2.78,558.47,0,0,0,0
2025-01-15 00:00:00,Eggs_12ct,206,2.78,572.72,0,0,0,0
2025-01-16 00:00:00,Eggs_12ct,208,2.78,578.92,0,0,0,0
2025-01-17 00:00:00,Eggs_12ct,208,2.78,578.5,0,0,0,0
2025-01-18 00:00:00,Eggs_12ct,229,2.56,585.63,1,0,1,0
2025-01-19 00:00:00,Eggs_12ct,238,2.54,604.41,1,0,1,0
2025-01-20 00:00:00,Eggs_12ct,244,2.63,642.06,1,1,0,0
2025-01-21 00:00:00,Eggs_12ct,272,2.62,713.44,1,0,0,0
2025-01-22 00:00:00,Eggs_12ct,248,2.63,651.08,1,0,0,0
2025-01-23 00:00:00,Eggs_12ct,247,2.6,642.79,1,0,0,0
2025-01-24 00:00:00,Eggs_12ct,184,2.77,510.55,0,0,0,0
2025-01-25 00:00:00,Eggs_12ct,195,2.78,541.17,0,0,1,0
2025-01-26 00:00:00,Eggs_12ct,198,2.78,549.73,0,0,1,0
2025-01-27 00:00:00,Eggs_12ct,214,2.78,593.92,0,0,0,0
2025-01-28 00:00:00,Eggs_12ct,201,2.78,557.99,0,0,0,0
2025-01-29 00:00:00,Eggs_12ct,216,2.77,597.95,0,0,0,0
2025-01-30 00:00:00,Eggs_12ct,215,2.77,595.01,0,0,0,0
2025-01-31 00:00:00,Eggs_12ct,201,2.77,556.14,0,0,0,0
2025-02-01 00:00:00,Eggs_12ct,197,2.76,544.41,0,0,1,0
2025-02-02 00:00:00,Eggs_12ct,215,2.76,593.58,0,0,1,0
2025-02-03 00:00:00,Eggs_12ct,202,2.76,557.38,0,0,0,0
2025-02-04 00:00:00,Eggs_12ct,233,2.76,642.59,0,0,0,0
2025-02-05 00:00:00,Eggs_12ct,235,2.76,648.08,0,0,0,0
2025-02-06 00:00:00,Eggs_12ct,220,2.75,604.94,0,0,0,0
2025-02-07 00:00:00,Eggs_12ct,207,2.75,569.07,0,0,0,0
2025-02-08 00:00:00,Eggs_12ct,189,2.75,519.94,0,0,1,0
2025-02-09 00:00:00,Eggs_12ct,203,2.75,558.74,0,0,1,0
2025-02-10 00:00:00,Eggs_12ct,214,2.75,589.45,0,0,0,0
2025-02-11 00:00:00,Eggs_12ct,216,2.75,594.57,0,0,0,0
2025-02-12 00:00:00,Eggs_12ct,226,2.75,622.26,0,0,0,0
2025-02-13 00:00:00,Eggs_12ct,216,2.75,594.73,0,0,0,0
2025-02-14 00:00:00,Eggs_12ct,180,2.75,495.45,0,0,0,0
2025-02-15 00:00:00,Eggs_12ct,206,2.75,566.57,0,0,1,0
2025-02-16 00:00:00,Eggs_12ct,186,2.75,511.43,0,0,1,0
2025-02-17 00:00:00,Eggs_12ct,216,2.75,593.43,0,1,0,0
2025-02-18 00:00:00,Eggs_12ct,224,2.74,614.7,0,0,0,0
2025-02-19 00:00:00,Eggs_12ct,219,2.74,601.1,0,0,0,0
2025-02-20 00:00:00,Eggs_12ct,201,2.74,551.49,0,0,0,0
2025-02-21 00:00:00,Eggs_12ct,217,2.75,595.81,0,0,0,0
2025-02-22 00:00:00,Eggs_12ct,203,2.75,557.49,0,0,1,0
2025-02-23 00:00:00,Eggs_12ct,216,2.75,593.85,0,0,1,0
2025-02-24 00:00:00,Eggs_12ct,208,2.75,571.94,0,0,0,0
2025-02-25 00:00:00,Eggs_12ct,226,2.76,622.71,0,0,0,0
2025-02-26 00:00:00,Eggs_12ct,224,2.75,616.48,0,0,0,0
2025-02-27 00:00:00,Eggs_12ct,221,2.75,608.03,0,0,0,0
2025-02-28 00:00:00,Eggs_12ct,206,2.75,566.57,0,0,0,0
2025-03-01 00:00:00,Eggs_12ct,218,2.75,598.54,0,0,1,0
2025-03-02 00:00:00,Eggs_12ct,213,2.74,584.58,0,0,1,0
2025-03-03 00:00:00,Eggs_12ct,219,2.74,600.08,0,0,0,0
2025-03-04 00:00:00,Eggs_12ct,213,2.74,584.3,0,0,0,0
2025-03-05 00:00:00,Eggs_12ct,214,2.75,588.46,0,0,0,0
2025-03-06 00:00:00,Eggs_12ct,224,2.75,616.11,0,0,0,0
2025-03-07 00:00:00,Eggs_12ct,207,2.75,569.13,0,0,0,0
2025-03-08 00:00:00,Eggs_12ct,220,2.75,604.35,0,0,1,0
2025-03-09 00:00:00,Eggs_12ct,208,2.75,570.96,0,0,1,0
2025-03-10 00:00:00,Eggs_12ct,215,2.75,590.45,0,0,0,0
2025-03-11 00:00:00,Eggs_12ct,226,2.74,620.19,0,0,0,0
2025-03-12 00:00:00,Eggs_12ct,217,2.75,596.11,0,0,0,0
2025-03-13 00:00:00,Eggs_12ct,214,2.75,587.97,0,0,0,0
2025-03-14 00:00:00,Eggs_12ct,190,2.75,521.67,0,0,0,0
2025-03-15 00:00:00,Eggs_12ct,205,2.74,562.72,0,0,1,0
2025-03-16 00:00:00,Eggs_12ct,205,2.75,563.4,0,0,1,0
2025-03-17 00:00:00,Eggs_12ct,216,2.75,594.07,0,0,0,0
2025-03-18 00:00:00,Eggs_12ct,234,2.75,643.84,0,0,0,0
2025-03-19 00:00:00,Eggs_12ct,224,2.75,616.05,0,0,0,0
2025-03-20 00:00:00,Eggs_12ct,193,2.75,531.49,0,0,0,0
2025-03-21 00:00:00,Eggs_12ct,190,2.75,522.84,0,0,0,0
2025-03-22 00:00:00,Eggs_12ct,195,2.75,535.35,0,0,1,0
2025-03-23 00:00:00,Eggs_12ct,219,2.75,601.19,0,0,1,0
2025-03-24 00:00:00,Eggs_12ct,205,2.74,562.54,0,0,0,0
2025-03-25 00:00:00,Eggs_12ct,229,2.74,627.65,0,0,0,0
2025-03-26 00:00:00,Eggs_12ct,226,2.74,620.05,0,0,0,0
2025-03-27 00:00:00,Eggs_12ct,220,2.75,604,0,0,0,0
2025-03-28 00:00:00,Eggs_12ct,197,2.75,541.28,0,0,0,0
2025-03-29 00:00:00,Eggs_12ct,197,2.74,540.72,0,0,1,0
2025-03-30 00:00:00,Eggs_12ct,230,2.74,630.85,0,0,1,0
2025-03-31 00:00:00,Eggs_12ct,207,2.74,567.92,0,0,0,0
2025-04-01 00:00:00,Eggs_12ct,221,2.75,607.32,0,0,0,0
2025-04-02 00:00:00,Eggs_12ct,243,2.75,667.84,0,0,0,0
2025-04-03 00:00:00,Eggs_12ct,233,2.75,639.87,0,0,0,0
2025-04-04 00:00:00,Eggs_12ct,203,2.75,557.87,0,0,0,0
2025-04-05 00:00:00,Eggs_12ct,210,2.75,577.41,0,0,1,0
2025-04-06 00:00:00,Eggs_12ct,208,2.75,572.17,0,0,1,0
2025-04-07 00:00:00,Eggs_12ct,215,2.75,590.7,0,0,0,0
2025-04-08 00:00:00,Eggs_12ct,240,2.75,659.29,0,0,0,0
2025-04-09 00:00:00,Eggs_12ct,228,2.75,626.32,0,0,0,0
2025-04-10 00:00:00,Eggs_12ct,226,2.75,621.81,0,0,0,0
2025-04-11 00:00:00,Eggs_12ct,211,2.75,581.22,0,0,0,0
2025-04-12 00:00:00,Eggs_12ct,215,2.75,591.71,0,0,1,0
2025-04-13 00:00:00,Eggs_12ct,220,2.75,605.86,0,0,1,0
2025-04-14 00:00:00,Eggs_12ct,218,2.75,598.76,0,0,0,0
2025-04-15 00:00:00,Eggs_12ct,227,2.75,624.62,0,0,0,0
2025-04-16 00:00:00,Eggs_12ct,225,2.75,619,0,0,0,0
2025-04-17 00:00:00,Eggs_12ct,207,2.75,569.97,0,0,0,0
2025-04-18 00:00:00,Eggs_12ct,208,2.75,572.24,0,0,0,0
2025-04-19 00:00:00,Eggs_12ct,211,2.75,581.24,0,0,1,0
2025-04-20 00:00:00,Eggs_12ct,218,2.76,601.31,0,0,1,0
2025-04-21 00:00:00,Eggs_12ct,198,2.76,546.14,0,0,0,0
2025-04-22 00:00:00,Eggs_12ct,237,2.76,653.9,0,0,0,0
2025-04-23 00:00:00,Eggs_12ct,230,2.76,634.24,0,0,0,0
2025-04-24 00:00:00,Eggs_12ct,207,2.75,569.91,0,0,0,0
2025-04-25 00:00:00,Eggs_12ct,194,2.76,534.92,0,0,0,0
2025-04-26 00:00:00,Eggs_12ct,215,2.76,593.24,0,0,1,0
2025-04-27 00:00:00,Eggs_12ct,220,2.76,607.21,0,0,1,0
2025-04-28 00:00:00,Eggs_12ct,212,2.76,585.28,0,0,0,0
2025-04-29 00:00:00,Eggs_12ct,231,2.76,637.18,0,0,0,0
2025-04-30 00:00:00,Eggs_12ct,232,2.76,639.24,0,0,0,0
2025-05-01 00:00:00,Eggs_12ct,241,2.75,663.56,0,0,0,0
2025-05-02 00:00:00,Eggs_12ct,207,2.75,569.94,0,0,0,0
2025-05-03 00:00:00,Eggs_12ct,204,2.75,561.98,0,0,1,0
2025-05-04 00:00:00,Eggs_12ct,209,2.75,575.23,0,0,1,0
2025-05-05 00:00:00,Eggs_12ct,209,2.75,575.04,0,0,0,0
2025-05-06 00:00:00,Eggs_12ct,221,2.75,606.98,0,0,0,0
2025-05-07 00:00:00,Eggs_12ct,229,2.75,629.43,0,0,0,0
2025-05-08 00:00:00,Eggs_12ct,219,2.75,602.33,0,0,0,0
2025-05-09 00:00:00,Eggs_12ct,210,2.75,577.83,0,0,0,0
2025-05-10 00:00:00,Eggs_12ct,205,2.75,564.66,0,0,1,0
2025-05-11 00:00:00,Eggs_12ct,199,2.75,547.38,0,0,1,0
2025-05-12 00:00:00,Eggs_12ct,221,2.75,607.97,0,0,0,0
2025-05-13 00:00:00,Eggs_12ct,214,2.75,589.27,0,0,0,0
2025-05-14 00:00:00,Eggs_12ct,275,2.5,686.79,1,0,0,0
2025-05-15 00:00:00,Eggs_12ct,260,2.51,653.54,1,0,0,0
2025-05-16 00:00:00,Eggs_12ct,262,2.45,642.05,1,0,0,0
2025-05-17 00:00:00,Eggs_12ct,268,2.48,665.76,1,0,1,0
2025-05-18 00:00:00,Eggs_12ct,242,2.58,623.9,1,0,1,0
2025-05-19 00:00:00,Eggs_12ct,254,2.46,624.83,1,0,0,0
2025-05-20 00:00:00,Eggs_12ct,207,2.75,570.16,0,0,0,0
2025-05-21 00:00:00,Eggs_12ct,218,2.75,600.32,0,0,0,0
2025-05-22 00:00:00,Eggs_12ct,224,2.75,616.32,0,0,0,0
2025-05-23 00:00:00,Eggs_12ct,200,2.75,549.75,0,0,0,0
2025-05-24 00:00:00,Eggs_12ct,187,2.75,514.34,0,0,1,0
2025-05-25 00:00:00,Eggs_12ct,201,2.75,552.04,0,0,1,0
2025-05-26 00:00:00,Eggs_12ct,228,2.74,625.74,0,1,0,0
2025-05-27 00:00:00,Eggs_12ct,208,2.74,570.06,0,0,0,0
2025-05-28 00:00:00,Eggs_12ct,214,2.74,586.18,0,0,0,0
2025-05-29 00:00:00,Eggs_12ct,225,2.74,616,0,0,0,0
2025-05-30 00:00:00,Eggs_12ct,170,2.74,465.31,0,0,0,0
2025-05-31 00:00:00,Eggs_12ct,198,2.74,542.42,0,0,1,0
2025-06-01 00:00:00,Eggs_12ct,196,2.74,536.68,0,0,1,0
2025-06-02 00:00:00,Eggs_12ct,205,2.74,560.79,0,0,0,0
2025-06-03 00:00:00,Eggs_12ct,203,2.74,555.46,0,0,0,0
2025-06-04 00:00:00,Eggs_12ct,222,2.74,607.58,0,0,0,0
2025-06-05 00:00:00,Eggs_12ct,220,2.74,602.03,0,0,0,0
2025-06-06 00:00:00,Eggs_12ct,182,2.74,498.07,0,0,0,0
2025-06-07 00:00:00,Eggs_12ct,195,2.74,534.75,0,0,1,0
2025-06-08 00:00:00,Eggs_12ct,188,2.74,514.84,0,0,1,0
2025-06-09 00:00:00,Eggs_12ct,218,2.74,597.23,0,0,0,0
2025-06-10 00:00:00,Eggs_12ct,229,2.74,627.99,0,0,0,0
2025-06-11 00:00:00,Eggs_12ct,231,2.74,633.76,0,0,0,0
2025-06-12 00:00:00,Eggs_12ct,209,2.74,573.07,0,0,0,0
2025-06-13 00:00:00,Eggs_12ct,175,2.74,480.3,0,0,0,0
2025-06-14 00:00:00,Eggs_12ct,202,2.75,554.73,0,0,1,0
2025-06-15 00:00:00,Eggs_12ct,199,2.74,546.2,0,0,1,0
2025-06-16 00:00:00,Eggs_12ct,199,2.75,547.28,0,0,0,0
2025-06-17 00:00:00,Eggs_12ct,202,2.75,555.37,0,0,0,0
2025-06-18 00:00:00,Eggs_12ct,207,2.75,569,0,0,0,0
2025-06-19 00:00:00,Eggs_12ct,234,2.75,643.99,0,1,0,0
2025-06-20 00:00:00,Eggs_12ct,179,2.75,492.75,0,0,0,0
2025-06-21 00:00:00,Eggs_12ct,195,2.75,536.58,0,0,1,0
2025-06-22 00:00:00,Eggs_12ct,197,2.75,542.55,0,0,1,0
2025-06-23 00:00:00,Eggs_12ct,206,2.76,568.01,0,0,0,0
2025-06-24 00:00:00,Eggs_12ct,210,2.76,580.02,0,0,0,0
2025-06-25 00:00:00,Eggs_12ct,219,2.76,605.3,0,0,0,0
2025-06-26 00:00:00,Eggs_12ct,203,2.76,560.98,0,0,0,0
2025-06-27 00:00:00,Eggs_12ct,177,2.76,489.36,0,0,0,0
2025-06-28 00:00:00,Eggs_12ct,200,2.76,552.91,0,0,1,0
2025-06-29 00:00:00,Eggs_12ct,185,2.76,511.47,0,0,1,0
2025-06-30 00:00:00,Eggs_12ct,201,2.76,555.65,0,0,0,0
2025-07-01 00:00:00,Eggs_12ct,213,2.76,588.57,0,0,0,0
2025-07-02 00:00:00,Eggs_12ct,218,2.76,601.95,0,0,0,0
2025-07-03 00:00:00,Eggs_12ct,200,2.76,552.34,0,0,0,0
2025-07-04 00:00:00,Eggs_12ct,195,2.76,538.54,0,1,0,0
2025-07-05 00:00:00,Eggs_12ct,186,2.76,513.41,0,0,1,0
2025-07-06 00:00:00,Eggs_12ct,204,2.76,562.83,0,0,1,0
2025-07-07 00:00:00,Eggs_12ct,196,2.76,540.98,0,0,0,0
2025-07-08 00:00:00,Eggs_12ct,209,2.76,576.67,0,0,0,0
2025-07-09 00:00:00,Eggs_12ct,191,2.76,527.24,0,0,0,0
2025-07-10 00:00:00,Eggs_12ct,200,2.76,551.86,0,0,0,0
2025-07-11 00:00:00,Eggs_12ct,202,2.76,556.73,0,0,0,0
2025-07-12 00:00:00,Eggs_12ct,173,2.75,475.93,0,0,1,0
2025-07-13 00:00:00,Eggs_12ct,191,2.75,525.29,0,0,1,0
2025-07-14 00:00:00,Eggs_12ct,194,2.75,533.84,0,0,0,0
2025-07-15 00:00:00,Eggs_12ct,202,2.75,555.73,0,0,0,0
2025-07-16 00:00:00,Eggs_12ct,219,2.75,601.97,0,0,0,0
2025-07-17 00:00:00,Eggs_12ct,187,2.75,514.58,0,0,0,0
2025-07-18 00:00:00,Eggs_12ct,186,2.75,511.06,0,0,0,0
2025-07-19 00:00:00,Eggs_12ct,173,2.75,475.31,0,0,1,0
2025-07-20 00:00:00,Eggs_12ct,193,2.74,529.47,0,0,1,0
2025-07-21 00:00:00,Eggs_12ct,181,2.74,496.12,0,0,0,0
2025-07-22 00:00:00,Eggs_12ct,204,2.74,559.34,0,0,0,0
2025-07-23 00:00:00,Eggs_12ct,183,2.74,501.25,0,0,0,0
2025-07-24 00:00:00,Eggs_12ct,194,2.74,531.31,0,0,0,0
2025-07-25 00:00:00,Eggs_12ct,171,2.74,467.87,0,0,0,0
2025-07-26 00:00:00,Eggs_12ct,196,2.74,536.23,0,0,1,0
2025-07-27 00:00:00,Eggs_12ct,196,2.74,536.95,0,0,1,0
2025-07-28 00:00:00,Eggs_12ct,178,2.74,487.82,0,0,0,0
2025-07-29 00:00:00,Eggs_12ct,170,2.74,466.37,0,0,0,0
2025-07-30 00:00:00,Eggs_12ct,229,2.74,627.3,0,0,0,0
2025-07-31 00:00:00,Eggs_12ct,192,2.74,526.23,0,0,0,0
2025-08-01 00:00:00,Eggs_12ct,175,2.74,480.33,0,0,0,0
2025-08-02 00:00:00,Eggs_12ct,188,2.74,515.78,0,0,1,0
2025-08-03 00:00:00,Eggs_12ct,187,2.74,513.08,0,0,1,0
2025-08-04 00:00:00,Eggs_12ct,205,2.74,562.65,0,0,0,0
2025-08-05 00:00:00,Eggs_12ct,198,2.75,543.7,0,0,0,0
2025-08-06 00:00:00,Eggs_12ct,203,2.75,557.59,0,0,0,0
2025-08-07 00:00:00,Eggs_12ct,186,2.75,510.85,0,0,0,0
2025-08-08 00:00:00,Eggs_12ct,172,2.75,473.03,0,0,0,0
2025-08-09 00:00:00,Eggs_12ct,187,2.75,514.05,0,0,1,0
2025-08-10 00:00:00,Eggs_12ct,203,2.75,558.27,0,0,1,0
2025-08-11 00:00:00,Eggs_12ct,202,2.75,555.38,0,0,0,0
2025-08-12 00:00:00,Eggs_12ct,197,2.75,541.23,0,0,0,0
2025-08-13 00:00:00,Eggs_12ct,195,2.75,536.14,0,0,0,0
2025-08-14 00:00:00,Eggs_12ct,203,2.75,559.11,0,0,0,0
2025-08-15 00:00:00,Eggs_12ct,185,2.75,508.47,0,0,0,0
2025-08-16 00:00:00,Eggs_12ct,175,2.75,481.62,0,0,1,0
2025-08-17 00:00:00,Eggs_12ct,184,2.76,507.36,0,0,1,0
2025-08-18 00:00:00,Eggs_12ct,184,2.76,507.89,0,0,0,0
2025-08-19 00:00:00,Eggs_12ct,188,2.76,518.76,0,0,0,0
2025-08-20 00:00:00,Eggs_12ct,204,2.76,562.8,0,0,0,0
2025-08-21 00:00:00,Eggs_12ct,197,2.76,543.29,0,0,0,0
2025-08-22 00:00:00,Eggs_12ct,159,2.76,438.62,0,0,0,0
2025-08-23 00:00:00,Eggs_12ct,181,2.76,499.36,0,0,1,0
2025-08-24 00:00:00,Eggs_12ct,187,2.76,515.79,0,0,1,0
2025-08-25 00:00:00,Eggs_12ct,184,2.76,507.18,0,0,0,0
2025-08-26 00:00:00,Eggs_12ct,193,2.76,532.44,0,0,0,0
2025-08-27 00:00:00,Eggs_12ct,202,2.76,557.25,0,0,0,0
2025-08-28 00:00:00,Eggs_12ct,179,2.76,494.6,0,0,0,0
2025-08-29 00:00:00,Eggs_12ct,172,2.76,474.76,0,0,0,0
2025-08-30 00:00:00,Eggs_12ct,179,2.76,494.01,0,0,1,0
2025-08-31 00:00:00,Eggs_12ct,175,2.76,483.15,0,0,1,0
2025-09-01 00:00:00,Eggs_12ct,200,2.76,552.17,0,1,0,0
2025-09-02 00:00:00,Eggs_12ct,194,2.76,536.14,0,0,0,0
2025-09-03 00:00:00,Eggs_12ct,215,2.77,594.57,0,0,0,0
2025-09-04 00:00:00,Eggs_12ct,172,2.77,475.73,0,0,0,0
2025-09-05 00:00:00,Eggs_12ct,159,2.76,439.25,0,0,0,0
2025-09-06 00:00:00,Eggs_12ct,177,2.76,488.42,0,0,1,0
2025-09-07 00:00:00,Eggs_12ct,167,2.76,460.37,0,0,1,0
2025-09-08 00:00:00,Eggs_12ct,186,2.76,512.49,0,0,0,0
2025-09-09 00:00:00,Eggs_12ct,183,2.76,504.41,0,0,0,0
2025-09-10 00:00:00,Eggs_12ct,213,2.76,587.7,0,0,0,0
2025-09-11 00:00:00,Eggs_12ct,197,2.76,543.76,0,0,0,0
2025-09-12 00:00:00,Eggs_12ct,173,2.76,477.8,0,0,0,0
2025-09-13 00:00:00,Eggs_12ct,187,2.76,516.9,0,0,1,0
2025-09-14 00:00:00,Eggs_12ct,182,2.76,502.72,0,0,1,0
2025-09-15 00:00:00,Eggs_12ct,169,2.76,466.4,0,0,0,0
2025-09-16 00:00:00,Eggs_12ct,191,2.76,526.4,0,0,0,0
2025-09-17 00:00:00,Eggs_12ct,198,2.76,546.05,0,0,0,0
2025-09-18 00:00:00,Eggs_12ct,187,2.76,515.88,0,0,0,0
2025-09-19 00:00:00,Eggs_12ct,181,2.76,499.6,0,0,0,0
2025-09-20 00:00:00,Eggs_12ct,153,2.76,422.02,0,0,1,0
2025-09-21 00:00:00,Eggs_12ct,162,2.76,447.1,0,0,1,0
2025-09-22 00:00:00,Eggs_12ct,186,2.77,514.31,0,0,0,0
2025-09-23 00:00:00,Eggs_12ct,230,2.53,582.24,1,0,0,0
2025-09-24 00:00:00,Eggs_12ct,238,2.47,588.74,1,0,0,0
2025-09-25 00:00:00,Eggs_12ct,224,2.54,568.18,1,0,0,0
2025-09-26 00:00:00,Eggs_12ct,234,2.48,581.38,1,0,0,0
2025-09-27 00:00:00,Eggs_12ct,218,2.43,530.02,1,0,1,0
2025-09-28 00:00:00,Eggs_12ct,229,2.54,582.03,1,0,1,0
2025-09-29 00:00:00,Eggs_12ct,160,2.76,441.1,0,0,0,0
2025-09-30 00:00:00,Eggs_12ct,179,2.76,493.35,0,0,0,0
2025-10-01 00:00:00,Eggs_12ct,193,2.75,530.97,0,0,0,0
2025-10-02 00:00:00,Eggs_12ct,169,2.75,464.33,0,0,0,0
2025-10-03 00:00:00,Eggs_12ct,186,2.74,510.27,0,0,0,0
2025-10-04 00:00:00,Eggs_12ct,175,2.74,480.35,0,0,1,0
2025-10-05 00:00:00,Eggs_12ct,173,2.75,475.16,0,0,1,0
2025-10-06 00:00:00,Eggs_12ct,186,2.75,510.63,0,0,0,0
2025-10-07 00:00:00,Eggs_12ct,195,2.75,535.71,0,0,0,0
2025-10-08 00:00:00,Eggs_12ct,200,2.75,549.78,0,0,0,0
2025-10-09 00:00:00,Eggs_12ct,177,2.75,486.08,0,0,0,0
2025-10-10 00:00:00,Eggs_12ct,171,2.75,470.1,0,0,0,0
2025-10-11 00:00:00,Eggs_12ct,171,2.75,470.47,0,0,1,0
2025-10-12 00:00:00,Eggs_12ct,178,2.75,489.67,0,0,1,0
2025-10-13 00:00:00,Eggs_12ct,181,2.75,498.26,0,1,0,0
2025-10-14 00:00:00,Eggs_12ct,191,2.75,525.56,0,0,0,0
2025-10-15 00:00:00,Eggs_12ct,175,2.75,481.29,0,0,0,0
2025-10-16 00:00:00,Eggs_12ct,181,2.75,497.51,0,0,0,0
2025-10-17 00:00:00,Eggs_12ct,166,2.75,456.02,0,0,0,0
2025-10-18 00:00:00,Eggs_12ct,187,2.75,513.37,0,0,1,0
2025-10-19 00:00:00,Eggs_12ct,190,2.75,521.58,0,0,1,0
2025-10-20 00:00:00,Eggs_12ct,171,2.74,469.18,0,0,0,0
2025-10-21 00:00:00,Eggs_12ct,168,2.75,461.41,0,0,0,0
2025-10-22 00:00:00,Eggs_12ct,202,2.75,554.91,0,0,0,0
2025-10-23 00:00:00,Eggs_12ct,175,2.74,480.23,0,0,0,0
2025-10-24 00:00:00,Eggs_12ct,163,2.74,447.38,0,0,0,0
2025-10-25 00:00:00,Eggs_12ct,172,2.74,471.64,0,0,1,0
2025-10-26 00:00:00,Eggs_12ct,181,2.74,496.48,0,0,1,0
2025-10-27 00:00:00,Eggs_12ct,180,2.74,493.45,0,0,0,0
2025-10-28 00:00:00,Eggs_12ct,194,2.74,531.52,0,0,0,0
2025-10-29 00:00:00,Eggs_12ct,203,2.74,555.81,0,0,0,0
2025-10-30 00:00:00,Eggs_12ct,173,2.74,473.26,0,0,0,0
2025-10-31 00:00:00,Eggs_12ct,182,2.73,497.31,0,0,0,0
2025-11-01 00:00:00,Eggs_12ct,176,2.73,480.72,0,0,1,0
2025-11-02 00:00:00,Eggs_12ct,180,2.73,491.65,0,0,1,0
2025-11-03 00:00:00,Eggs_12ct,180,2.73,491,0,0,0,0
2025-11-04 00:00:00,Eggs_12ct,198,2.73,539.84,0,0,0,0
2025-11-05 00:00:00,Eggs_12ct,221,2.73,602.51,0,0,0,0
2025-11-06 00:00:00,Eggs_12ct,194,2.72,528.61,0,0,0,0
2025-11-07 00:00:00,Eggs_12ct,179,2.72,487.63,0,0,0,0
2025-11-08 00:00:00,Eggs_12ct,189,2.73,515.11,0,0,1,0
2025-11-09 00:00:00,Eggs_12ct,187,2.73,510.09,0,0,1,0
2025-11-10 00:00:00,Eggs_12ct,197,2.73,537.28,0,0,0,0
2025-11-11 00:00:00,Eggs_12ct,204,2.72,555.62,0,1,0,0
2025-11-12 00:00:00,Eggs_12ct,188,2.72,511.72,0,0,0,0
2025-11-13 00:00:00,Eggs_12ct,185,2.72,502.65,0,0,0,0
2025-11-14 00:00:00,Eggs_12ct,167,2.72,453.76,0,0,0,0
2025-11-15 00:00:00,Eggs_12ct,170,2.72,461.87,0,0,1,0
2025-11-16 00:00:00,Eggs_12ct,178,2.71,482.58,0,0,1,0
2025-11-17 00:00:00,Eggs_12ct,195,2.71,529.14,0,0,0,0
2025-11-18 00:00:00,Eggs_12ct,201,2.71,544.79,0,0,0,0
2025-11-19 00:00:00,Eggs_12ct,204,2.71,552.47,0,0,0,0
2025-11-20 00:00:00,Eggs_12ct,220,2.71,595.79,0,0,0,0
2025-11-21 00:00:00,Eggs_12ct,153,2.7,413.66,0,0,0,0
2025-11-22 00:00:00,Eggs_12ct,178,2.7,481.1,0,0,1,0
2025-11-23 00:00:00,Eggs_12ct,186,2.7,503.02,0,0,1,0
2025-11-24 00:00:00,Eggs_12ct,226,2.5,564.85,1,0,0,0
2025-11-25 00:00:00,Eggs_12ct,229,2.54,581,1,0,0,0
2025-11-26 00:00:00,Eggs_12ct,258,2.43,626.86,1,0,0,0
2025-11-27 00:00:00,Eggs_12ct,251,2.54,638.68,1,1,0,0
2025-11-28 00:00:00,Eggs_12ct,234,2.44,570.47,1,0,0,0
2025-11-29 00:00:00,Eggs_12ct,236,2.51,591.86,1,0,1,0
2025-11-30 00:00:00,Eggs_12ct,239,2.5,597.51,1,0,1,0
2025-12-01 00:00:00,Eggs_12ct,183,2.71,495.67,0,0,0,0
2025-12-02 00:00:00,Eggs_12ct,184,2.7,497.58,0,0,0,0
2025-12-03 00:00:00,Eggs_12ct,189,2.71,511.82,0,0,0,0
2025-12-04 00:00:00,Eggs_12ct,207,2.71,561.75,0,0,0,0
2025-12-05 00:00:00,Eggs_12ct,177,2.72,480.58,0,0,0,0
2025-12-06 00:00:00,Eggs_12ct,176,2.71,477.7,0,0,1,0
2025-12-07 00:00:00,Eggs_12ct,193,2.72,524.41,0,0,1,0
2025-12-08 00:00:00,Eggs_12ct,186,2.72,505.77,0,0,0,0
2025-12-09 00:00:00,Eggs_12ct,187,2.72,508.4,0,0,0,0
2025-12-10 00:00:00,Eggs_12ct,188,2.72,511.87,0,0,0,0
2025-12-11 00:00:00,Eggs_12ct,208,2.72,565.42,0,0,0,0
2025-12-12 00:00:00,Eggs_12ct,176,2.72,477.86,0,0,0,0
2025-12-13 00:00:00,Eggs_12ct,184,2.72,500.26,0,0,1,0
2025-12-14 00:00:00,Eggs_12ct,191,2.72,518.77,0,0,1,0
2025-12-15 00:00:00,Eggs_12ct,201,2.72,546.37,0,0,0,0
2025-12-16 00:00:00,Eggs_12ct,196,2.71,532.04,0,0,0,0
2025-12-17 00:00:00,Eggs_12ct,202,2.71,548.32,0,0,0,0
2025-12-18 00:00:00,Eggs_12ct,244,2.51,612.63,1,0,0,0
2025-12-19 00:00:00,Eggs_12ct,218,2.48,541.04,1,0,0,0
2025-12-20 00:00:00,Eggs_12ct,241,2.39,576.86,1,0,1,0
2025-12-21 00:00:00,Eggs_12ct,225,2.55,574.16,1,0,1,0
2025-12-22 00:00:00,Eggs_12ct,243,2.46,597.4,1,0,0,0
2025-12-23 00:00:00,Eggs_12ct,239,2.47,590.31,1,0,0,0
2025-12-24 00:00:00,Eggs_12ct,250,2.51,626.88,1,0,0,0
2025-12-25 00:00:00,Eggs_12ct,278,2.47,687.56,1,1,0,0
2025-12-26 00:00:00,Eggs_12ct,226,2.54,573.2,1,0,0,0
2025-12-27 00:00:00,Eggs_12ct,245,2.41,590.07,1,0,1,0
2025-12-28 00:00:00,Eggs_12ct,231,2.55,588.34,1,0,1,0
2025-12-29 00:00:00,Eggs_12ct,245,2.51,614.38,1,0,0,0
2025-12-30 00:00:00,Eggs_12ct,253,2.52,638.38,1,0,0,0
2025-12-31 00:00:00,Eggs_12ct,257,2.55,656.02,1,0,0,0
2026-01-01 00:00:00,Eggs_12ct,229,2.71,620.98,0,1,0,0
2026-01-02 00:00:00,Eggs_12ct,185,2.71,501.88,0,0,0,0
2026-01-03 00:00:00,Eggs_12ct,185,2.72,502.3,0,0,1,0
2026-01-04 00:00:00,Eggs_12ct,204,2.72,553.99,0,0,1,0
2026-01-05 00:00:00,Eggs_12ct,211,2.71,572.56,0,0,0,0
2026-01-06 00:00:00,Eggs_12ct,210,2.71,570.1,0,0,0,0
2026-01-07 00:00:00,Eggs_12ct,230,2.71,623.88,0,0,0,0
2026-01-08 00:00:00,Eggs_12ct,214,2.71,580.34,0,0,0,0
2026-01-09 00:00:00,Eggs_12ct,218,2.71,591.09,0,0,0,0
2026-01-10 00:00:00,Eggs_12ct,191,2.71,517.96,0,0,1,0
2026-01-11 00:00:00,Eggs_12ct,212,2.71,574.44,0,0,1,0
2026-01-12 00:00:00,Eggs_12ct,204,2.71,552.48,0,0,0,0
2026-01-13 00:00:00,Eggs_12ct,183,2.71,495.55,0,0,0,0
2026-01-14 00:00:00,Eggs_12ct,213,2.71,576.58,0,0,0,0
2026-01-15 00:00:00,Eggs_12ct,202,2.71,546.91,0,0,0,0
2026-01-16 00:00:00,Eggs_12ct,207,2.7,559.64,0,0,0,0
2026-01-17 00:00:00,Eggs_12ct,175,2.7,473.15,0,0,1,0
2026-01-18 00:00:00,Eggs_12ct,202,2.7,546.26,0,0,1,0
2026-01-19 00:00:00,Eggs_12ct,220,2.7,594.13,0,1,0,0
2026-01-20 00:00:00,Eggs_12ct,219,2.7,591.82,0,0,0,0
2026-01-21 00:00:00,Eggs_12ct,219,2.7,590.75,0,0,0,0
2026-01-22 00:00:00,Eggs_12ct,214,2.7,577.6,0,0,0,0
2026-01-23 00:00:00,Eggs_12ct,183,2.7,494.22,0,0,0,0
2026-01-24 00:00:00,Eggs_12ct,212,2.7,572.46,0,0,1,0
2026-01-25 00:00:00,Eggs_12ct,204,2.7,549.88,0,0,1,0
2026-01-26 00:00:00,Eggs_12ct,208,2.7,561.61,0,0,0,0
2026-01-27 00:00:00,Eggs_12ct,211,2.7,570.31,0,0,0,0
2026-01-28 00:00:00,Eggs_12ct,220,2.7,594.88,0,0,0,0
2026-01-29 00:00:00,Eggs_12ct,221,2.71,598.04,0,0,0,0
2026-01-30 00:00:00,Eggs_12ct,199,2.7,537.98,0,0,0,0
2026-01-31 00:00:00,Eggs_12ct,203,2.71,549.33,0,0,1,0
2026-02-01 00:00:00,Eggs_12ct,195,2.71,527.96,0,0,1,0
2026-02-02 00:00:00,Eggs_12ct,212,2.71,575.02,0,0,0,0
2026-02-03 00:00:00,Eggs_12ct,197,2.71,534.27,0,0,0,0
2026-02-04 00:00:00,Eggs_12ct,229,2.71,620.77,0,0,0,0
2026-02-05 00:00:00,Eggs_12ct,218,2.71,590.23,0,0,0,0
2026-02-06 00:00:00,Eggs_12ct,205,2.71,555.21,0,0,0,0
2026-02-07 00:00:00,Eggs_12ct,208,2.71,563.12,0,0,1,0
2026-02-08 00:00:00,Eggs_12ct,185,2.71,500.6,0,0,1,0
2026-02-09 00:00:00,Eggs_12ct,206,2.7,556.76,0,0,0,0
2026-02-10 00:00:00,Eggs_12ct,228,2.7,615.84,0,0,0,0
2026-02-11 00:00:00,Eggs_12ct,219,2.7,592.33,0,0,0,0
2026-02-12 00:00:00,Eggs_12ct,221,2.7,597.73,0,0,0,0
2022-01-01 00:00:00,Milk_1L,214,1.99,425.86,0,0,1,0
2022-01-02 00:00:00,Milk_1L,217,1.99,431.4,0,0,1,0
2022-01-03 00:00:00,Milk_1L,199,1.99,395.36,0,0,0,0
2022-01-04 00:00:00,Milk_1L,237,1.99,470.52,0,0,0,0
2022-01-05 00:00:00,Milk_1L,231,1.99,458.72,0,0,0,0
2022-01-06 00:00:00,Milk_1L,224,1.99,444.72,0,0,0,0
2022-01-07 00:00:00,Milk_1L,220,1.99,436.83,0,0,0,0
2022-01-08 00:00:00,Milk_1L,220,1.99,437.16,0,0,1,0
2022-01-09 00:00:00,Milk_1L,208,1.99,413.63,0,0,1,0
2022-01-10 00:00:00,Milk_1L,235,1.99,467.53,0,0,0,0
2022-01-11 00:00:00,Milk_1L,213,1.99,423.59,0,0,0,0
2022-01-12 00:00:00,Milk_1L,234,1.99,465.03,0,0,0,0
2022-01-13 00:00:00,Milk_1L,222,1.99,440.86,0,0,0,0
2022-01-14 00:00:00,Milk_1L,229,1.99,454.62,0,0,0,0
2022-01-15 00:00:00,Milk_1L,211,1.99,418.87,0,0,1,0
2022-01-16 00:00:00,Milk_1L,206,1.98,408.58,0,0,1,0
2022-01-17 00:00:00,Milk_1L,247,1.98,489.4,0,1,0,0
2022-01-18 00:00:00,Milk_1L,221,1.98,438.01,0,0,0,0
2022-01-19 00:00:00,Milk_1L,212,1.98,419.47,0,0,0,0
2022-01-20 00:00:00,Milk_1L,217,1.98,429.3,0,0,0,0
2022-01-21 00:00:00,Milk_1L,215,1.98,425.5,0,0,0,0
2022-01-22 00:00:00,Milk_1L,212,1.98,419.19,0,0,1,0
2022-01-23 00:00:00,Milk_1L,242,1.98,478.03,0,0,1,0
2022-01-24 00:00:00,Milk_1L,213,1.97,420.46,0,0,0,0
2022-01-25 00:00:00,Milk_1L,227,1.98,448.36,0,0,0,0
2022-01-26 00:00:00,Milk_1L,232,1.97,458.18,0,0,0,0
2022-01-27 00:00:00,Milk_1L,234,1.97,461.35,0,0,0,0
2022-01-28 00:00:00,Milk_1L,226,1.97,445.41,0,0,0,0
2022-01-29 00:00:00,Milk_1L,219,1.97,432.01,0,0,1,0
2022-01-30 00:00:00,Milk_1L,227,1.97,448.18,0,0,1,0
2022-01-31 00:00:00,Milk_1L,208,1.98,410.9,0,0,0,0
2022-02-01 00:00:00,Milk_1L,246,1.98,485.87,0,0,0,0
2022-02-02 00:00:00,Milk_1L,244,1.97,481.12,0,0,0,0
2022-02-03 00:00:00,Milk_1L,234,1.97,461.47,0,0,0,0
2022-02-04 00:00:00,Milk_1L,228,1.97,449.57,0,0,0,0
2022-02-05 00:00:00,Milk_1L,229,1.97,451.57,0,0,1,0
2022-02-06 00:00:00,Milk_1L,221,1.97,436.4,0,0,1,0
2022-02-07 00:00:00,Milk_1L,222,1.97,438.45,0,0,0,0
2022-02-08 00:00:00,Milk_1L,244,1.98,482.02,0,0,0,0
2022-02-09 00:00:00,Milk_1L,253,1.98,500.07,0,0,0,0
2022-02-10 00:00:00,Milk_1L,222,1.98,438.69,0,0,0,0
2022-02-11 00:00:00,Milk_1L,275,1.85,508.78,1,0,0,0
2022-02-12 00:00:00,Milk_1L,268,1.82,487.15,1,0,1,0
2022-02-13 00:00:00,Milk_1L,296,1.87,553.75,1,0,1,0
2022-02-14 00:00:00,Milk_1L,291,1.84,535.44,1,0,0,0
2022-02-15 00:00:00,Milk_1L,282,1.85,522.41,1,0,0,0
2022-02-16 00:00:00,Milk_1L,312,1.8,560.97,1,0,0,0
2022-02-17 00:00:00,Milk_1L,226,1.98,446.89,0,0,0,0
2022-02-18 00:00:00,Milk_1L,219,1.97,432.52,0,0,0,0
2022-02-19 00:00:00,Milk_1L,235,1.98,464.38,0,0,1,0
2022-02-20 00:00:00,Milk_1L,248,1.98,490,0,0,1,0
2022-02-21 00:00:00,Milk_1L,241,1.97,475.6,0,1,0,0
2022-02-22 00:00:00,Milk_1L,255,1.97,503.46,0,0,0,0
2022-02-23 00:00:00,Milk_1L,246,1.97,485.54,0,0,0,0
2022-02-24 00:00:00,Milk_1L,234,1.97,461.7,0,0,0,0
2022-02-25 00:00:00,Milk_1L,221,1.97,436.28,0,0,0,0
2022-02-26 00:00:00,Milk_1L,230,1.97,453.15,0,0,1,0
2022-02-27 00:00:00,Milk_1L,231,1.97,454.6,0,0,1,0
2022-02-28 00:00:00,Milk_1L,228,1.97,448.52,0,0,0,0
2022-03-01 00:00:00,Milk_1L,246,1.97,484.04,0,0,0,0
2022-03-02 00:00:00,Milk_1L,243,1.97,477.85,0,0,0,0
2022-03-03 00:00:00,Milk_1L,253,1.96,497.07,0,0,0,0
2022-03-04 00:00:00,Milk_1L,242,1.96,475.01,0,0,0,0
2022-03-05 00:00:00,Milk_1L,238,1.96,467.1,0,0,1,0
2022-03-06 00:00:00,Milk_1L,237,1.96,465.42,0,0,1,0
2022-03-07 00:00:00,Milk_1L,246,1.96,482.47,0,0,0,0
2022-03-08 00:00:00,Milk_1L,238,1.96,465.9,0,0,0,0
2022-03-09 00:00:00,Milk_1L,254,1.96,497.09,0,0,0,0
2022-03-10 00:00:00,Milk_1L,245,1.96,479.31,0,0,0,0
2022-03-11 00:00:00,Milk_1L,244,1.95,476.97,0,0,0,0
2022-03-12 00:00:00,Milk_1L,220,1.96,430.29,0,0,1,0
2022-03-13 00:00:00,Milk_1L,241,1.96,471.7,0,0,1,0
2022-03-14 00:00:00,Milk_1L,302,1.73,523.38,1,0,0,0
2022-03-15 00:00:00,Milk_1L,301,1.73,519.74,1,0,0,0
2022-03-16 00:00:00,Milk_1L,305,1.85,564.45,1,0,0,0
2022-03-17 00:00:00,Milk_1L,296,1.77,525.33,1,0,0,0
2022-03-18 00:00:00,Milk_1L,269,1.73,465.88,1,0,0,0
2022-03-19 00:00:00,Milk_1L,277,1.79,494.45,1,0,1,0
2022-03-20 00:00:00,Milk_1L,240,1.95,468.42,0,0,1,0
2022-03-21 00:00:00,Milk_1L,252,1.95,491.98,0,0,0,0
2022-03-22 00:00:00,Milk_1L,231,1.95,450.78,0,0,0,0
2022-03-23 00:00:00,Milk_1L,247,1.95,481.92,0,0,0,0
2022-03-24 00:00:00,Milk_1L,256,1.95,499.71,0,0,0,0
2022-03-25 00:00:00,Milk_1L,231,1.95,450.86,0,0,0,0
2022-03-26 00:00:00,Milk_1L,236,1.95,460.36,0,0,1,0
2022-03-27 00:00:00,Milk_1L,238,1.95,463.84,0,0,1,0
2022-03-28 00:00:00,Milk_1L,228,1.95,445.04,0,0,0,0
2022-03-29 00:00:00,Milk_1L,230,1.95,449.39,0,0,0,0
2022-03-30 00:00:00,Milk_1L,257,1.95,501.47,0,0,0,0
2022-03-31 00:00:00,Milk_1L,253,1.95,493.19,0,0,0,0
2022-04-01 00:00:00,Milk_1L,251,1.95,489.55,0,0,0,0
2022-04-02 00:00:00,Milk_1L,246,1.95,479.55,0,0,1,0
2022-04-03 00:00:00,Milk_1L,211,1.95,411.32,0,0,1,0
2022-04-04 00:00:00,Milk_1L,238,1.95,464.3,0,0,0,0
2022-04-05 00:00:00,Milk_1L,240,1.95,468.25,0,0,0,0
2022-04-06 00:00:00,Milk_1L,254,1.95,495.51,0,0,0,0
2022-04-07 00:00:00,Milk_1L,250,1.95,487.5,0,0,0,0
2022-04-08 00:00:00,Milk_1L,217,1.95,423.12,0,0,0,0
2022-04-09 00:00:00,Milk_1L,242,1.95,472.03,0,0,1,0
2022-04-10 00:00:00,Milk_1L,240,1.95,468.86,0,0,1,0
2022-04-11 00:00:00,Milk_1L,245,1.96,479.08,0,0,0,0
2022-04-12 00:00:00,Milk_1L,254,1.96,496.59,0,0,0,0
2022-04-13 00:00:00,Milk_1L,257,1.96,502.87,0,0,0,0
2022-04-14 00:00:00,Milk_1L,284,1.82,516.3,1,0,0,0
2022-04-15 00:00:00,Milk_1L,282,1.8,506.44,1,0,0,0
2022-04-16 00:00:00,Milk_1L,298,1.72,513.97,1,0,1,0
2022-04-17 00:00:00,Milk_1L,288,1.78,512.21,1,0,1,0
2022-04-18 00:00:00,Milk_1L,301,1.8,542.22,1,0,0,0
2022-04-19 00:00:00,Milk_1L,287,1.84,528.34,1,0,0,0
2022-04-20 00:00:00,Milk_1L,250,1.96,488.98,0,0,0,0
2022-04-21 00:00:00,Milk_1L,249,1.96,487.04,0,0,0,0
2022-04-22 00:00:00,Milk_1L,242,1.95,472.84,0,0,0,0
2022-04-23 00:00:00,Milk_1L,231,1.96,452.18,0,0,1,0
2022-04-24 00:00:00,Milk_1L,267,1.96,522.87,0,0,1,0
2022-04-25 00:00:00,Milk_1L,240,1.96,470.42,0,0,0,0
2022-04-26 00:00:00,Milk_1L,238,1.96,466.31,0,0,0,0
2022-04-27 00:00:00,Milk_1L,235,1.96,459.83,0,0,0,0
2022-04-28 00:00:00,Milk_1L,231,1.96,452.49,0,0,0,0
2022-04-29 00:00:00,Milk_1L,224,1.96,438.5,0,0,0,0
2022-04-30 00:00:00,Milk_1L,236,1.96,462.68,0,0,1,0
2022-05-01 00:00:00,Milk_1L,233,1.96,456.72,0,0,1,0
2022-05-02 00:00:00,Milk_1L,253,1.96,496.65,0,0,0,0
2022-05-03 00:00:00,Milk_1L,316,1.76,555.54,1,0,0,0
2022-05-04 00:00:00,Milk_1L,315,1.73,545.71,1,0,0,0
2022-05-05 00:00:00,Milk_1L,313,1.84,576.32,1,0,0,0
2022-05-06 00:00:00,Milk_1L,275,1.82,501.73,1,0,0,0
2022-05-07 00:00:00,Milk_1L,282,1.76,494.98,1,0,1,0
2022-05-08 00:00:00,Milk_1L,292,1.76,514.59,1,0,1,0
2022-05-09 00:00:00,Milk_1L,234,1.96,458.65,0,0,0,0
2022-05-10 00:00:00,Milk_1L,247,1.96,483.57,0,0,0,0
2022-05-11 00:00:00,Milk_1L,267,1.96,522.17,0,0,0,0
2022-05-12 00:00:00,Milk_1L,256,1.95,499.9,0,0,0,0
2022-05-13 00:00:00,Milk_1L,229,1.95,446.45,0,0,0,0
2022-05-14 00:00:00,Milk_1L,223,1.95,434.25,0,0,1,0
2022-05-15 00:00:00,Milk_1L,219,1.95,426.09,0,0,1,0
2022-05-16 00:00:00,Milk_1L,243,1.94,472.59,0,0,0,0
2022-05-17 00:00:00,Milk_1L,269,1.94,522.58,0,0,0,0
2022-05-18 00:00:00,Milk_1L,254,1.94,493.37,0,0,0,0
2022-05-19 00:00:00,Milk_1L,236,1.94,458.71,0,0,0,0
2022-05-20 00:00:00,Milk_1L,221,1.94,429.46,0,0,0,0
2022-05-21 00:00:00,Milk_1L,223,1.94,433.49,0,0,1,0
2022-05-22 00:00:00,Milk_1L,239,1.94,464.2,0,0,1,0
2022-05-23 00:00:00,Milk_1L,229,1.94,444.87,0,0,0,0
2022-05-24 00:00:00,Milk_1L,256,1.94,497.5,0,0,0,0
2022-05-25 00:00:00,Milk_1L,223,1.94,433.09,0,0,0,0
2022-05-26 00:00:00,Milk_1L,233,1.94,451.85,0,0,0,0
2022-05-27 00:00:00,Milk_1L,230,1.94,445.92,0,0,0,0
2022-05-28 00:00:00,Milk_1L,225,1.94,436.18,0,0,1,0
2022-05-29 00:00:00,Milk_1L,228,1.94,442.52,0,0,1,0
2022-05-30 00:00:00,Milk_1L,254,1.94,492.74,0,1,0,0
2022-05-31 00:00:00,Milk_1L,242,1.94,470.09,0,0,0,0
2022-06-01 00:00:00,Milk_1L,231,1.94,447.69,0,0,0,0
2022-06-02 00:00:00,Milk_1L,235,1.94,455.25,0,0,0,0
2022-06-03 00:00:00,Milk_1L,216,1.94,418.2,0,0,0,0
2022-06-04 00:00:00,Milk_1L,230,1.94,445.08,0,0,1,0
2022-06-05 00:00:00,Milk_1L,269,1.73,466.52,1,0,1,0
2022-06-06 00:00:00,Milk_1L,282,1.73,487.8,1,0,0,0
2022-06-07 00:00:00,Milk_1L,276,1.82,501.48,1,0,0,0
2022-06-08 00:00:00,Milk_1L,281,1.73,487.28,1,0,0,0
2022-06-09 00:00:00,Milk_1L,284,1.78,505.87,1,0,0,0
2022-06-10 00:00:00,Milk_1L,270,1.78,480.93,1,0,0,0
2022-06-11 00:00:00,Milk_1L,243,1.94,470.57,0,0,1,0
2022-06-12 00:00:00,Milk_1L,228,1.93,440.51,0,0,1,0
2022-06-13 00:00:00,Milk_1L,239,1.93,461.72,0,0,0,0
2022-06-14 00:00:00,Milk_1L,256,1.93,494.74,0,0,0,0
2022-06-15 00:00:00,Milk_1L,230,1.93,443.96,0,0,0,0
2022-06-16 00:00:00,Milk_1L,239,1.93,461,0,0,0,0
2022-06-17 00:00:00,Milk_1L,220,1.93,423.96,0,0,0,0
2022-06-18 00:00:00,Milk_1L,210,1.93,405.38,0,0,1,0
2022-06-19 00:00:00,Milk_1L,226,1.93,435.8,0,0,1,0
2022-06-20 00:00:00,Milk_1L,240,1.93,462.42,0,1,0,0
2022-06-21 00:00:00,Milk_1L,218,1.92,418.94,0,0,0,0
2022-06-22 00:00:00,Milk_1L,243,1.92,466.24,0,0,0,0
2022-06-23 00:00:00,Milk_1L,233,1.92,447.06,0,0,0,0
2022-06-24 00:00:00,Milk_1L,217,1.92,415.81,0,0,0,0
2022-06-25 00:00:00,Milk_1L,220,1.91,420.44,0,0,1,0
2022-06-26 00:00:00,Milk_1L,225,1.91,429.8,0,0,1,0
2022-06-27 00:00:00,Milk_1L,227,1.91,433.58,0,0,0,0
2022-06-28 00:00:00,Milk_1L,214,1.91,408.77,0,0,0,0
2022-06-29 00:00:00,Milk_1L,245,1.91,468.05,0,0,0,0
2022-06-30 00:00:00,Milk_1L,218,1.91,416.16,0,0,0,0
2022-07-01 00:00:00,Milk_1L,226,1.91,432.42,0,0,0,0
2022-07-02 00:00:00,Milk_1L,218,1.91,416.83,0,0,1,0
2022-07-03 00:00:00,Milk_1L,220,1.91,420.74,0,0,1,0
2022-07-04 00:00:00,Milk_1L,241,1.91,460.29,0,1,0,0
2022-07-05 00:00:00,Milk_1L,250,1.91,477.12,0,0,0,0
2022-07-06 00:00:00,Milk_1L,249,1.91,474.47,0,0,0,0
2022-07-07 00:00:00,Milk_1L,223,1.91,424.93,0,0,0,0
2022-07-08 00:00:00,Milk_1L,212,1.9,403.75,0,0,0,0
2022-07-09 00:00:00,Milk_1L,223,1.9,424.24,0,0,1,0
2022-07-10 00:00:00,Milk_1L,219,1.9,415.81,0,0,1,0
2022-07-11 00:00:00,Milk_1L,219,1.9,415.93,0,0,0,0
2022-07-12 00:00:00,Milk_1L,224,1.9,425.65,0,0,0,0
2022-07-13 00:00:00,Milk_1L,249,1.9,473.42,0,0,0,0
2022-07-14 00:00:00,Milk_1L,263,1.79,470.36,1,0,0,0
2022-07-15 00:00:00,Milk_1L,249,1.72,429.27,1,0,0,0
2022-07-16 00:00:00,Milk_1L,259,1.69,437.35,1,0,1,0
2022-07-17 00:00:00,Milk_1L,267,1.69,452.24,1,0,1,0
2022-07-18 00:00:00,Milk_1L,266,1.81,481.43,1,0,0,0
2022-07-19 00:00:00,Milk_1L,277,1.7,472.04,1,0,0,0
2022-07-20 00:00:00,Milk_1L,244,1.9,464.78,0,0,0,0
2022-07-21 00:00:00,Milk_1L,208,1.9,395.6,0,0,0,0
2022-07-22 00:00:00,Milk_1L,201,1.91,382.94,0,0,0,0
2022-07-23 00:00:00,Milk_1L,226,1.9,430.22,0,0,1,0
2022-07-24 00:00:00,Milk_1L,214,1.9,407.43,0,0,1,0
2022-07-25 00:00:00,Milk_1L,217,1.9,413.31,0,0,0,0
2022-07-26 00:00:00,Milk_1L,239,1.9,454.82,0,0,0,0
2022-07-27 00:00:00,Milk_1L,223,1.9,424.3,0,0,0,0
2022-07-28 00:00:00,Milk_1L,224,1.9,426.4,0,0,0,0
2022-07-29 00:00:00,Milk_1L,201,1.9,382.54,0,0,0,0
2022-07-30 00:00:00,Milk_1L,197,1.9,374.78,0,0,1,0
2022-07-31 00:00:00,Milk_1L,208,1.9,395.54,0,0,1,0
2022-08-01 00:00:00,Milk_1L,212,1.9,402.85,0,0,0,0
2022-08-02 00:00:00,Milk_1L,236,1.9,448.33,0,0,0,0
2022-08-03 00:00:00,Milk_1L,235,1.9,446.52,0,0,0,0
2022-08-04 00:00:00,Milk_1L,226,1.9,429.55,0,0,0,0
2022-08-05 00:00:00,Milk_1L,212,1.9,403.29,0,0,0,0
2022-08-06 00:00:00,Milk_1L,208,1.9,395.65,0,0,1,0
2022-08-07 00:00:00,Milk_1L,213,1.9,404.93,0,0,1,0
2022-08-08 00:00:00,Milk_1L,209,1.9,397.59,0,0,0,0
2022-08-09 00:00:00,Milk_1L,225,1.9,428.11,0,0,0,0
2022-08-10 00:00:00,Milk_1L,245,1.9,466.54,0,0,0,0
2022-08-11 00:00:00,Milk_1L,220,1.9,418.96,0,0,0,0
2022-08-12 00:00:00,Milk_1L,205,1.91,390.54,0,0,0,0
2022-08-13 00:00:00,Milk_1L,271,1.71,462.08,1,0,1,0
2022-08-14 00:00:00,Milk_1L,265,1.79,474.21,1,0,1,0
2022-08-15 00:00:00,Milk_1L,253,1.73,438.53,1,0,0,0
2022-08-16 00:00:00,Milk_1L,274,1.7,465.58,1,0,0,0
2022-08-17 00:00:00,Milk_1L,288,1.73,497.83,1,0,0,0
2022-08-18 00:00:00,Milk_1L,274,1.7,464.84,1,0,0,0
2022-08-19 00:00:00,Milk_1L,202,1.91,385.23,0,0,0,0
2022-08-20 00:00:00,Milk_1L,201,1.91,383.44,0,0,1,0
2022-08-21 00:00:00,Milk_1L,203,1.91,387.17,0,0,1,0
2022-08-22 00:00:00,Milk_1L,205,1.9,390.23,0,0,0,0
2022-08-23 00:00:00,Milk_1L,221,1.91,421.12,0,0,0,0
2022-08-24 00:00:00,Milk_1L,214,1.91,407.99,0,0,0,0
2022-08-25 00:00:00,Milk_1L,218,1.91,416.04,0,0,0,0
2022-08-26 00:00:00,Milk_1L,210,1.91,400.26,0,0,0,0
2022-08-27 00:00:00,Milk_1L,171,1.91,325.98,0,0,1,0
2022-08-28 00:00:00,Milk_1L,221,1.91,421.32,0,0,1,0
2022-08-29 00:00:00,Milk_1L,212,1.9,403.57,0,0,0,0
2022-08-30 00:00:00,Milk_1L,221,1.9,420.84,0,0,0,0
2022-08-31 00:00:00,Milk_1L,229,1.9,435.8,0,0,0,0
2022-09-01 00:00:00,Milk_1L,202,1.9,384.56,0,0,0,0
2022-09-02 00:00:00,Milk_1L,206,1.9,391.56,0,0,0,0
2022-09-03 00:00:00,Milk_1L,193,1.9,366.53,0,0,1,0
2022-09-04 00:00:00,Milk_1L,207,1.9,392.84,0,0,1,0
2022-09-05 00:00:00,Milk_1L,223,1.9,422.59,0,1,0,0
2022-09-06 00:00:00,Milk_1L,225,1.89,426.37,0,0,0,0
2022-09-07 00:00:00,Milk_1L,225,1.9,426.83,0,0,0,0
2022-09-08 00:00:00,Milk_1L,215,1.9,407.82,0,0,0,0
2022-09-09 00:00:00,Milk_1L,205,1.9,389.04,0,0,0,0
2022-09-10 00:00:00,Milk_1L,217,1.9,412.32,0,0,1,0
2022-09-11 00:00:00,Milk_1L,212,1.9,402.98,0,0,1,0
2022-09-12 00:00:00,Milk_1L,206,1.9,391.41,0,0,0,0
2022-09-13 00:00:00,Milk_1L,284,1.68,476.72,1,0,0,0
2022-09-14 00:00:00,Milk_1L,271,1.8,486.95,1,0,0,0
2022-09-15 00:00:00,Milk_1L,259,1.8,466.6,1,0,0,0
2022-09-16 00:00:00,Milk_1L,259,1.78,460.02,1,0,0,0
2022-09-17 00:00:00,Milk_1L,263,1.75,459.57,1,0,1,0
2022-09-18 00:00:00,Milk_1L,272,1.77,482.78,1,0,1,0
2022-09-19 00:00:00,Milk_1L,197,1.89,373.22,0,0,0,0
2022-09-20 00:00:00,Milk_1L,210,1.89,397.91,0,0,0,0
2022-09-21 00:00:00,Milk_1L,217,1.89,411.02,0,0,0,0
2022-09-22 00:00:00,Milk_1L,222,1.9,420.78,0,0,0,0
2022-09-23 00:00:00,Milk_1L,213,1.9,403.68,0,0,0,0
2022-09-24 00:00:00,Milk_1L,213,1.9,403.98,0,0,1,0
2022-09-25 00:00:00,Milk_1L,206,1.9,390.45,0,0,1,0
2022-09-26 00:00:00,Milk_1L,200,1.89,378.91,0,0,0,0
2022-09-27 00:00:00,Milk_1L,210,1.89,397.64,0,0,0,0
2022-09-28 00:00:00,Milk_1L,191,1.89,361.57,0,0,0,0
2022-09-29 00:00:00,Milk_1L,215,1.89,406.89,0,0,0,0
2022-09-30 00:00:00,Milk_1L,181,1.89,342.88,0,0,0,0
2022-10-01 00:00:00,Milk_1L,192,1.89,363.37,0,0,1,0
2022-10-02 00:00:00,Milk_1L,201,1.89,380.41,0,0,1,0
2022-10-03 00:00:00,Milk_1L,216,1.89,408.34,0,0,0,0
2022-10-04 00:00:00,Milk_1L,214,1.89,404.01,0,0,0,0
2022-10-05 00:00:00,Milk_1L,224,1.89,422.63,0,0,0,0
2022-10-06 00:00:00,Milk_1L,230,1.88,433.33,0,0,0,0
2022-10-07 00:00:00,Milk_1L,199,1.88,374.96,0,0,0,0
2022-10-08 00:00:00,Milk_1L,196,1.88,369.04,0,0,1,0
2022-10-09 00:00:00,Milk_1L,218,1.88,410.23,0,0,1,0
2022-10-10 00:00:00,Milk_1L,236,1.88,444.25,0,1,0,0
2022-10-11 00:00:00,Milk_1L,213,1.88,401.48,0,0,0,0
2022-10-12 00:00:00,Milk_1L,241,1.88,454.01,0,0,0,0
2022-10-13 00:00:00,Milk_1L,209,1.88,393.01,0,0,0,0
2022-10-14 00:00:00,Milk_1L,202,1.88,379.68,0,0,0,0
2022-10-15 00:00:00,Milk_1L,208,1.88,390.93,0,0,1,0
2022-10-16 00:00:00,Milk_1L,197,1.88,370.6,0,0,1,0
2022-10-17 00:00:00,Milk_1L,199,1.88,374.33,0,0,0,0
2022-10-18 00:00:00,Milk_1L,217,1.88,407.84,0,0,0,0
2022-10-19 00:00:00,Milk_1L,230,1.88,432.6,0,0,0,0
2022-10-20 00:00:00,Milk_1L,221,1.88,416.04,0,0,0,0
2022-10-21 00:00:00,Milk_1L,204,1.88,383.95,0,0,0,0
2022-10-22 00:00:00,Milk_1L,188,1.88,353.91,0,0,1,0
2022-10-23 00:00:00,Milk_1L,210,1.88,395.43,0,0,1,0
2022-10-24 00:00:00,Milk_1L,208,1.89,392.54,0,0,0,0
2022-10-25 00:00:00,Milk_1L,232,1.89,437.58,0,0,0,0
2022-10-26 00:00:00,Milk_1L,223,1.89,420.43,0,0,0,0
2022-10-27 00:00:00,Milk_1L,232,1.89,437.34,0,0,0,0
2022-10-28 00:00:00,Milk_1L,210,1.89,396.1,0,0,0,0
2022-10-29 00:00:00,Milk_1L,210,1.89,395.98,0,0,1,0
2022-10-30 00:00:00,Milk_1L,205,1.89,386.71,0,0,1,0
2022-10-31 00:00:00,Milk_1L,211,1.89,398.34,0,0,0,0
2022-11-01 00:00:00,Milk_1L,214,1.89,404.7,0,0,0,0
2022-11-02 00:00:00,Milk_1L,230,1.89,434.88,0,0,0,0
2022-11-03 00:00:00,Milk_1L,198,1.89,374.26,0,0,0,0
2022-11-04 00:00:00,Milk_1L,198,1.89,374.13,0,0,0,0
2022-11-05 00:00:00,Milk_1L,206,1.89,388.59,0,0,1,0
2022-11-06 00:00:00,Milk_1L,192,1.88,361.79,0,0,1,0
2022-11-07 00:00:00,Milk_1L,212,1.88,399.52,0,0,0,0
2022-11-08 00:00:00,Milk_1L,228,1.88,429.71,0,0,0,0
2022-11-09 00:00:00,Milk_1L,229,1.89,432.58,0,0,0,0
2022-11-10 00:00:00,Milk_1L,217,1.89,410.35,0,0,0,0
2022-11-11 00:00:00,Milk_1L,218,1.89,412.51,0,1,0,0
2022-11-12 00:00:00,Milk_1L,201,1.89,380.83,0,0,1,0
2022-11-13 00:00:00,Milk_1L,213,1.89,403.32,0,0,1,0
2022-11-14 00:00:00,Milk_1L,219,1.89,414.46,0,0,0,0
2022-11-15 00:00:00,Milk_1L,224,1.89,423.63,0,0,0,0
2022-11-16 00:00:00,Milk_1L,209,1.89,395.19,0,0,0,0
2022-11-17 00:00:00,Milk_1L,214,1.89,405.41,0,0,0,0
2022-11-18 00:00:00,Milk_1L,202,1.89,382.58,0,0,0,0
2022-11-19 00:00:00,Milk_1L,213,1.89,403.17,0,0,1,0
2022-11-20 00:00:00,Milk_1L,206,1.89,389.92,0,0,1,0
2022-11-21 00:00:00,Milk_1L,265,1.73,457.53,1,0,0,0
2022-11-22 00:00:00,Milk_1L,279,1.72,478.95,1,0,0,0
2022-11-23 00:00:00,Milk_1L,276,1.78,492.27,1,0,0,0
2022-11-24 00:00:00,Milk_1L,306,1.79,547.51,1,1,0,0
2022-11-25 00:00:00,Milk_1L,264,1.73,456.02,1,0,0,0
2022-11-26 00:00:00,Milk_1L,274,1.69,464.38,1,0,1,0
2022-11-27 00:00:00,Milk_1L,265,1.67,443.74,1,0,1,0
2022-11-28 00:00:00,Milk_1L,217,1.89,411.15,0,0,0,0
2022-11-29 00:00:00,Milk_1L,207,1.89,391.75,0,0,0,0
2022-11-30 00:00:00,Milk_1L,246,1.89,465.82,0,0,0,0
2022-12-01 00:00:00,Milk_1L,219,1.89,414.6,0,0,0,0
2022-12-02 00:00:00,Milk_1L,216,1.89,409.14,0,0,0,0
2022-12-03 00:00:00,Milk_1L,202,1.89,382.39,0,0,1,0
2022-12-04 00:00:00,Milk_1L,234,1.89,442.41,0,0,1,0
2022-12-05 00:00:00,Milk_1L,204,1.89,386.09,0,0,0,0
2022-12-06 00:00:00,Milk_1L,221,1.89,418.37,0,0,0,0
2022-12-07 00:00:00,Milk_1L,229,1.89,432.75,0,0,0,0
2022-12-08 00:00:00,Milk_1L,221,1.89,417.89,0,0,0,0
2022-12-09 00:00:00,Milk_1L,201,1.89,379.73,0,0,0,0
2022-12-10 00:00:00,Milk_1L,214,1.89,404.24,0,0,1,0
2022-12-11 00:00:00,Milk_1L,288,1.67,479.72,1,0,1,0
2022-12-12 00:00:00,Milk_1L,274,1.75,480.12,1,0,0,0
2022-12-13 00:00:00,Milk_1L,295,1.78,523.64,1,0,0,0
2022-12-14 00:00:00,Milk_1L,297,1.79,531.71,1,0,0,0
2022-12-15 00:00:00,Milk_1L,281,1.71,480.4,1,0,0,0
2022-12-16 00:00:00,Milk_1L,272,1.69,459.93,1,0,0,0
2022-12-17 00:00:00,Milk_1L,221,1.89,418.11,0,0,1,0
2022-12-18 00:00:00,Milk_1L,266,1.78,472.75,1,0,1,0
2022-12-19 00:00:00,Milk_1L,276,1.72,473.89,1,0,0,0
2022-12-20 00:00:00,Milk_1L,293,1.7,497.93,1,0,0,0
2022-12-21 00:00:00,Milk_1L,286,1.72,491.96,1,0,0,0
2022-12-22 00:00:00,Milk_1L,283,1.76,498.26,1,0,0,0
2022-12-23 00:00:00,Milk_1L,255,1.79,456.75,1,0,0,0
2022-12-24 00:00:00,Milk_1L,287,1.68,482.39,1,0,1,0
2022-12-25 00:00:00,Milk_1L,271,1.8,487.81,1,0,1,0
2022-12-26 00:00:00,Milk_1L,284,1.76,501.02,1,1,0,0
2022-12-27 00:00:00,Milk_1L,298,1.7,506.77,1,0,0,0
2022-12-28 00:00:00,Milk_1L,299,1.78,531.98,1,0,0,0
2022-12-29 00:00:00,Milk_1L,285,1.74,495.84,1,0,0,0
2022-12-30 00:00:00,Milk_1L,276,1.74,479.88,1,0,0,0
2022-12-31 00:00:00,Milk_1L,281,1.76,495.6,1,0,1,0
2023-01-01 00:00:00,Milk_1L,227,1.9,430.3,0,0,1,0
2023-01-02 00:00:00,Milk_1L,250,1.9,473.8,0,1,0,0
2023-01-03 00:00:00,Milk_1L,238,1.9,451.11,0,0,0,0
2023-01-04 00:00:00,Milk_1L,257,1.9,487.15,0,0,0,0
2023-01-05 00:00:00,Milk_1L,231,1.89,437.67,0,0,0,0
2023-01-06 00:00:00,Milk_1L,202,1.89,382.51,0,0,0,0
2023-01-07 00:00:00,Milk_1L,223,1.89,422.42,0,0,1,0
2023-01-08 00:00:00,Milk_1L,247,1.89,468.04,0,0,1,0
2023-01-09 00:00:00,Milk_1L,219,1.9,415.26,0,0,0,0
2023-01-10 00:00:00,Milk_1L,227,1.9,430.98,0,0,0,0
2023-01-11 00:00:00,Milk_1L,240,1.9,455.16,0,0,0,0
2023-01-12 00:00:00,Milk_1L,254,1.89,480.91,0,0,0,0
2023-01-13 00:00:00,Milk_1L,211,1.89,399.35,0,0,0,0
2023-01-14 00:00:00,Milk_1L,228,1.89,432.02,0,0,1,0
2023-01-15 00:00:00,Milk_1L,208,1.89,394.1,0,0,1,0
2023-01-16 00:00:00,Milk_1L,251,1.89,474.8,0,1,0,0
2023-01-17 00:00:00,Milk_1L,232,1.89,439.48,0,0,0,0
2023-01-18 00:00:00,Milk_1L,259,1.9,490.85,0,0,0,0
2023-01-19 00:00:00,Milk_1L,221,1.89,418.27,0,0,0,0
2023-01-20 00:00:00,Milk_1L,220,1.89,416.06,0,0,0,0
2023-01-21 00:00:00,Milk_1L,220,1.89,416.1,0,0,1,0
2023-01-22 00:00:00,Milk_1L,245,1.89,463.15,0,0,1,0
2023-01-23 00:00:00,Milk_1L,247,1.89,466.87,0,0,0,0
2023-01-24 00:00:00,Milk_1L,239,1.89,451.96,0,0,0,0
2023-01-25 00:00:00,Milk_1L,249,1.89,470.87,0,0,0,0
2023-01-26 00:00:00,Milk_1L,239,1.89,452.53,0,0,0,0
2023-01-27 00:00:00,Milk_1L,232,1.89,439.19,0,0,0,0
2023-01-28 00:00:00,Milk_1L,222,1.9,420.83,0,0,1,0
2023-01-29 00:00:00,Milk_1L,214,1.89,405.45,0,0,1,0
2023-01-30 00:00:00,Milk_1L,231,1.89,437.2,0,0,0,0
2023-01-31 00:00:00,Milk_1L,239,1.89,451.48,0,0,0,0
2023-02-01 00:00:00,Milk_1L,242,1.89,456.79,0,0,0,0
2023-02-02 00:00:00,Milk_1L,235,1.89,443.62,0,0,0,0
2023-02-03 00:00:00,Milk_1L,215,1.89,406.21,0,0,0,0
2023-02-04 00:00:00,Milk_1L,238,1.88,448.28,0,0,1,0
2023-02-05 00:00:00,Milk_1L,239,1.88,450.14,0,0,1,0
2023-02-06 00:00:00,Milk_1L,234,1.88,440.34,0,0,0,0
2023-02-07 00:00:00,Milk_1L,244,1.88,459.44,0,0,0,0
2023-02-08 00:00:00,Milk_1L,245,1.88,461.11,0,0,0,0
2023-02-09 00:00:00,Milk_1L,232,1.88,436.76,0,0,0,0
2023-02-10 00:00:00,Milk_1L,238,1.89,448.78,0,0,0,0
2023-02-11 00:00:00,Milk_1L,249,1.89,469.57,0,0,1,0
2023-02-12 00:00:00,Milk_1L,229,1.89,431.78,0,0,1,0
2023-02-13 00:00:00,Milk_1L,231,1.89,435.93,0,0,0,0
2023-02-14 00:00:00,Milk_1L,234,1.89,441.71,0,0,0,0
2023-02-15 00:00:00,Milk_1L,254,1.89,479.37,0,0,0,0
2023-02-16 00:00:00,Milk_1L,258,1.88,486.22,0,0,0,0
2023-02-17 00:00:00,Milk_1L,232,1.88,437.08,0,0,0,0
2023-02-18 00:00:00,Milk_1L,246,1.88,462.76,0,0,1,0
2023-02-19 00:00:00,Milk_1L,217,1.88,408.27,0,0,1,0
2023-02-20 00:00:00,Milk_1L,239,1.88,449.89,0,1,0,0
2023-02-21 00:00:00,Milk_1L,318,1.72,548.49,1,0,0,0
2023-02-22 00:00:00,Milk_1L,298,1.67,498.07,1,0,0,0
2023-02-23 00:00:00,Milk_1L,294,1.72,506.97,1,0,0,0
2023-02-24 00:00:00,Milk_1L,280,1.73,485.53,1,0,0,0
2023-02-25 00:00:00,Milk_1L,310,1.71,529.88,1,0,1,0
2023-02-26 00:00:00,Milk_1L,286,1.77,507.19,1,0,1,0
2023-02-27 00:00:00,Milk_1L,227,1.88,427.47,0,0,0,0
2023-02-28 00:00:00,Milk_1L,271,1.88,510.7,0,0,0,0
2023-03-01 00:00:00,Milk_1L,255,1.89,481.03,0,0,0,0
2023-03-02 00:00:00,Milk_1L,247,1.89,465.86,0,0,0,0
2023-03-03 00:00:00,Milk_1L,220,1.89,415.17,0,0,0,0
2023-03-04 00:00:00,Milk_1L,249,1.89,469.61,0,0,1,0
2023-03-05 00:00:00,Milk_1L,247,1.89,466.45,0,0,1,0
2023-03-06 00:00:00,Milk_1L,240,1.89,453.96,0,0,0,0
2023-03-07 00:00:00,Milk_1L,247,1.89,467.26,0,0,0,0
2023-03-08 00:00:00,Milk_1L,264,1.89,499.52,0,0,0,0
2023-03-09 00:00:00,Milk_1L,249,1.89,470.68,0,0,0,0
2023-03-10 00:00:00,Milk_1L,232,1.89,438.56,0,0,0,0
2023-03-11 00:00:00,Milk_1L,225,1.89,425.18,0,0,1,0
2023-03-12 00:00:00,Milk_1L,246,1.89,464.96,0,0,1,0
2023-03-13 00:00:00,Milk_1L,263,1.89,496.46,0,0,0,0
2023-03-14 00:00:00,Milk_1L,254,1.89,480.23,0,0,0,0
2023-03-15 00:00:00,Milk_1L,264,1.89,499.23,0,0,0,0
2023-03-16 00:00:00,Milk_1L,249,1.89,471.32,0,0,0,0
2023-03-17 00:00:00,Milk_1L,235,1.89,445.02,0,0,0,0
2023-03-18 00:00:00,Milk_1L,248,1.89,469.51,0,0,1,0
2023-03-19 00:00:00,Milk_1L,239,1.9,453.26,0,0,1,0
2023-03-20 00:00:00,Milk_1L,235,1.9,446.12,0,0,0,0
2023-03-21 00:00:00,Milk_1L,242,1.9,458.8,0,0,0,0
2023-03-22 00:00:00,Milk_1L,263,1.9,498.6,0,0,0,0
2023-03-23 00:00:00,Milk_1L,266,1.9,504.19,0,0,0,0
2023-03-24 00:00:00,Milk_1L,222,1.89,420.49,0,0,0,0
2023-03-25 00:00:00,Milk_1L,240,1.9,455.46,0,0,1,0
2023-03-26 00:00:00,Milk_1L,238,1.9,451.18,0,0,1,0
2023-03-27 00:00:00,Milk_1L,241,1.9,457.49,0,0,0,0
2023-03-28 00:00:00,Milk_1L,256,1.9,485.22,0,0,0,0
2023-03-29 00:00:00,Milk_1L,258,1.9,489.61,0,0,0,0
2023-03-30 00:00:00,Milk_1L,255,1.9,483.7,0,0,0,0
2023-03-31 00:00:00,Milk_1L,238,1.89,450.55,0,0,0,0
2023-04-01 00:00:00,Milk_1L,247,1.89,467.7,0,0,1,0
2023-04-02 00:00:00,Milk_1L,234,1.89,443.28,0,0,1,0
2023-04-03 00:00:00,Milk_1L,253,1.89,478.89,0,0,0,0
2023-04-04 00:00:00,Milk_1L,250,1.89,473.67,0,0,0,0
2023-04-05 00:00:00,Milk_1L,256,1.89,484.31,0,0,0,0
2023-04-06 00:00:00,Milk_1L,251,1.89,475.34,0,0,0,0
2023-04-07 00:00:00,Milk_1L,233,1.89,441.49,0,0,0,0
2023-04-08 00:00:00,Milk_1L,241,1.9,457.39,0,0,1,0
2023-04-09 00:00:00,Milk_1L,253,1.9,480,0,0,1,0
2023-04-10 00:00:00,Milk_1L,254,1.9,482.28,0,0,0,0
2023-04-11 00:00:00,Milk_1L,260,1.9,493.43,0,0,0,0
2023-04-12 00:00:00,Milk_1L,316,1.76,554.73,1,0,0,0
2023-04-13 00:00:00,Milk_1L,288,1.78,513.06,1,0,0,0
2023-04-14 00:00:00,Milk_1L,293,1.72,503.25,1,0,0,0
2023-04-15 00:00:00,Milk_1L,275,1.8,493.7,1,0,1,0
2023-04-16 00:00:00,Milk_1L,282,1.73,486.75,1,0,1,0
2023-04-17 00:00:00,Milk_1L,287,1.67,480.68,1,0,0,0
2023-04-18 00:00:00,Milk_1L,283,1.9,538.57,0,0,0,0
2023-04-19 00:00:00,Milk_1L,255,1.9,485.15,0,0,0,0
2023-04-20 00:00:00,Milk_1L,236,1.9,448.94,0,0,0,0
2023-04-21 00:00:00,Milk_1L,246,1.9,468.24,0,0,0,0
2023-04-22 00:00:00,Milk_1L,251,1.9,478,0,0,1,0
2023-04-23 00:00:00,Milk_1L,247,1.9,469.33,0,0,1,0
2023-04-24 00:00:00,Milk_1L,249,1.9,473.02,0,0,0,0
2023-04-25 00:00:00,Milk_1L,244,1.9,463.89,0,0,0,0
2023-04-26 00:00:00,Milk_1L,267,1.9,507.46,0,0,0,0
2023-04-27 00:00:00,Milk_1L,234,1.9,444.01,0,0,0,0
2023-04-28 00:00:00,Milk_1L,229,1.9,434.4,0,0,0,0
2023-04-29 00:00:00,Milk_1L,237,1.9,449.57,0,0,1,0
2023-04-30 00:00:00,Milk_1L,229,1.9,434.02,0,0,1,0
2023-05-01 00:00:00,Milk_1L,235,1.9,445.43,0,0,0,0
2023-05-02 00:00:00,Milk_1L,273,1.89,516.95,0,0,0,0
2023-05-03 00:00:00,Milk_1L,242,1.89,458.18,0,0,0,0
2023-05-04 00:00:00,Milk_1L,260,1.89,492.29,0,0,0,0
2023-05-05 00:00:00,Milk_1L,219,1.9,415.32,0,0,0,0
2023-05-06 00:00:00,Milk_1L,233,1.9,442.01,0,0,1,0
2023-05-07 00:00:00,Milk_1L,260,1.9,493.8,0,0,1,0
2023-05-08 00:00:00,Milk_1L,252,1.9,478.7,0,0,0,0
2023-05-09 00:00:00,Milk_1L,241,1.9,457.34,0,0,0,0
2023-05-10 00:00:00,Milk_1L,267,1.9,506.15,0,0,0,0
2023-05-11 00:00:00,Milk_1L,243,1.9,460.98,0,0,0,0
2023-05-12 00:00:00,Milk_1L,243,1.89,460.32,0,0,0,0
2023-05-13 00:00:00,Milk_1L,245,1.89,463.45,0,0,1,0
2023-05-14 00:00:00,Milk_1L,243,1.89,460.04,0,0,1,0
2023-05-15 00:00:00,Milk_1L,240,1.89,454.03,0,0,0,0
2023-05-16 00:00:00,Milk_1L,247,1.89,466.79,0,0,0,0
2023-05-17 00:00:00,Milk_1L,271,1.89,512.9,0,0,0,0
2023-05-18 00:00:00,Milk_1L,243,1.89,459.54,0,0,0,0
2023-05-19 00:00:00,Milk_1L,223,1.89,421.95,0,0,0,0
2023-05-20 00:00:00,Milk_1L,297,1.68,498.16,1,0,1,0
2023-05-21 00:00:00,Milk_1L,282,1.78,501.53,1,0,1,0
2023-05-22 00:00:00,Milk_1L,291,1.68,489.36,1,0,0,0
2023-05-23 00:00:00,Milk_1L,308,1.69,519.03,1,0,0,0
2023-05-24 00:00:00,Milk_1L,301,1.77,532.44,1,0,0,0
2023-05-25 00:00:00,Milk_1L,289,1.71,495.53,1,0,0,0
2023-05-26 00:00:00,Milk_1L,231,1.9,438.33,0,0,0,0
2023-05-27 00:00:00,Milk_1L,234,1.9,443.93,0,0,1,0
2023-05-28 00:00:00,Milk_1L,234,1.9,443.86,0,0,1,0
2023-05-29 00:00:00,Milk_1L,250,1.9,474.5,0,1,0,0
2023-05-30 00:00:00,Milk_1L,257,1.9,487.54,0,0,0,0
2023-05-31 00:00:00,Milk_1L,262,1.9,496.61,0,0,0,0
2023-06-01 00:00:00,Milk_1L,240,1.9,455.53,0,0,0,0
2023-06-02 00:00:00,Milk_1L,221,1.9,419.24,0,0,0,0
2023-06-03 00:00:00,Milk_1L,232,1.89,439.27,0,0,1,0
2023-06-04 00:00:00,Milk_1L,225,1.89,424.76,0,0,1,0
2023-06-05 00:00:00,Milk_1L,231,1.89,436.21,0,0,0,0
2023-06-06 00:00:00,Milk_1L,246,1.89,464.47,0,0,0,0
2023-06-07 00:00:00,Milk_1L,246,1.89,465.18,0,0,0,0
2023-06-08 00:00:00,Milk_1L,238,1.89,449.58,0,0,0,0
2023-06-09 00:00:00,Milk_1L,223,1.89,420.78,0,0,0,0
2023-06-10 00:00:00,Milk_1L,247,1.89,466.08,0,0,1,0
2023-06-11 00:00:00,Milk_1L,229,1.89,432.63,0,0,1,0
2023-06-12 00:00:00,Milk_1L,225,1.89,425.6,0,0,0,0
2023-06-13 00:00:00,Milk_1L,266,1.89,503.17,0,0,0,0
2023-06-14 00:00:00,Milk_1L,227,1.89,429.15,0,0,0,0
2023-06-15 00:00:00,Milk_1L,251,1.89,474.57,0,0,0,0
2023-06-16 00:00:00,Milk_1L,222,1.89,420.31,0,0,0,0
2023-06-17 00:00:00,Milk_1L,296,1.79,530.51,1,0,1,0
2023-06-18 00:00:00,Milk_1L,307,1.79,550.85,1,0,1,0
2023-06-19 00:00:00,Milk_1L,316,1.77,559.22,1,1,0,0
2023-06-20 00:00:00,Milk_1L,288,1.75,505.21,1,0,0,0
2023-06-21 00:00:00,Milk_1L,292,1.73,504.14,1,0,0,0
2023-06-22 00:00:00,Milk_1L,277,1.77,489.14,1,0,0,0
2023-06-23 00:00:00,Milk_1L,226,1.9,429.02,0,0,0,0
2023-06-24 00:00:00,Milk_1L,239,1.9,453.75,0,0,1,0
2023-06-25 00:00:00,Milk_1L,224,1.9,425.14,0,0,1,0
2023-06-26 00:00:00,Milk_1L,252,1.9,478.17,0,0,0,0
2023-06-27 00:00:00,Milk_1L,236,1.9,448.02,0,0,0,0
2023-06-28 00:00:00,Milk_1L,224,1.9,425.52,0,0,0,0
2023-06-29 00:00:00,Milk_1L,246,1.9,467.05,0,0,0,0
2023-06-30 00:00:00,Milk_1L,228,1.9,432.68,0,0,0,0
2023-07-01 00:00:00,Milk_1L,288,1.74,500.18,1,0,1,0
2023-07-02 00:00:00,Milk_1L,271,1.67,453.73,1,0,1,0
2023-07-03 00:00:00,Milk_1L,283,1.69,479.48,1,0,0,0
2023-07-04 00:00:00,Milk_1L,308,1.77,546.49,1,1,0,0
2023-07-05 00:00:00,Milk_1L,307,1.68,515.14,1,0,0,0
2023-07-06 00:00:00,Milk_1L,295,1.74,513.28,1,0,0,0
2023-07-07 00:00:00,Milk_1L,216,1.9,409.62,0,0,0,0
2023-07-08 00:00:00,Milk_1L,225,1.89,426.37,0,0,1,0
2023-07-09 00:00:00,Milk_1L,207,1.89,392.22,0,0,1,0
2023-07-10 00:00:00,Milk_1L,221,1.9,418.94,0,0,0,0
2023-07-11 00:00:00,Milk_1L,235,1.9,445.56,0,0,0,0
2023-07-12 00:00:00,Milk_1L,243,1.9,460.75,0,0,0,0
2023-07-13 00:00:00,Milk_1L,240,1.9,455.58,0,0,0,0
2023-07-14 00:00:00,Milk_1L,206,1.9,390.84,0,0,0,0
2023-07-15 00:00:00,Milk_1L,221,1.9,419.05,0,0,1,0
2023-07-16 00:00:00,Milk_1L,244,1.9,462.94,0,0,1,0
2023-07-17 00:00:00,Milk_1L,238,1.9,451.61,0,0,0,0
2023-07-18 00:00:00,Milk_1L,247,1.9,469.09,0,0,0,0
2023-07-19 00:00:00,Milk_1L,232,1.9,441.04,0,0,0,0
2023-07-20 00:00:00,Milk_1L,216,1.9,410.23,0,0,0,0
2023-07-21 00:00:00,Milk_1L,215,1.9,407.57,0,0,0,0
2023-07-22 00:00:00,Milk_1L,214,1.9,405.88,0,0,1,0
2023-07-23 00:00:00,Milk_1L,227,1.9,430.53,0,0,1,0
2023-07-24 00:00:00,Milk_1L,227,1.9,430.64,0,0,0,0
2023-07-25 00:00:00,Milk_1L,251,1.9,475.8,0,0,0,0
2023-07-26 00:00:00,Milk_1L,229,1.9,434.41,0,0,0,0
2023-07-27 00:00:00,Milk_1L,238,1.9,451.4,0,0,0,0
2023-07-28 00:00:00,Milk_1L,230,1.9,436.45,0,0,0,0
2023-07-29 00:00:00,Milk_1L,221,1.9,419.72,0,0,1,0
2023-07-30 00:00:00,Milk_1L,222,1.9,421.66,0,0,1,0
2023-07-31 00:00:00,Milk_1L,192,1.9,364.66,0,0,0,0
2023-08-01 00:00:00,Milk_1L,237,1.9,449.86,0,0,0,0
2023-08-02 00:00:00,Milk_1L,238,1.9,452.85,0,0,0,0
2023-08-03 00:00:00,Milk_1L,242,1.9,459.9,0,0,0,0
2023-08-04 00:00:00,Milk_1L,202,1.9,384.14,0,0,0,0
2023-08-05 00:00:00,Milk_1L,218,1.9,414.01,0,0,1,0
2023-08-06 00:00:00,Milk_1L,212,1.9,402.33,0,0,1,0
2023-08-07 00:00:00,Milk_1L,205,1.9,389.54,0,0,0,0
2023-08-08 00:00:00,Milk_1L,265,1.9,503.23,0,0,0,0
2023-08-09 00:00:00,Milk_1L,228,1.9,433.38,0,0,0,0
2023-08-10 00:00:00,Milk_1L,242,1.9,459.84,0,0,0,0
2023-08-11 00:00:00,Milk_1L,183,1.9,348.01,0,0,0,0
2023-08-12 00:00:00,Milk_1L,221,1.9,419.75,0,0,1,0
2023-08-13 00:00:00,Milk_1L,211,1.9,400.36,0,0,1,0
2023-08-14 00:00:00,Milk_1L,224,1.9,425.58,0,0,0,0
2023-08-15 00:00:00,Milk_1L,224,1.9,425.71,0,0,0,0
2023-08-16 00:00:00,Milk_1L,229,1.9,434.81,0,0,0,0
2023-08-17 00:00:00,Milk_1L,222,1.9,421.34,0,0,0,0
2023-08-18 00:00:00,Milk_1L,205,1.89,388.11,0,0,0,0
2023-08-19 00:00:00,Milk_1L,218,1.89,412.61,0,0,1,0
2023-08-20 00:00:00,Milk_1L,222,1.89,419.68,0,0,1,0
2023-08-21 00:00:00,Milk_1L,226,1.89,426.87,0,0,0,0
2023-08-22 00:00:00,Milk_1L,228,1.89,431.22,0,0,0,0
2023-08-23 00:00:00,Milk_1L,230,1.89,434.79,0,0,0,0
2023-08-24 00:00:00,Milk_1L,221,1.89,417.54,0,0,0,0
2023-08-25 00:00:00,Milk_1L,206,1.89,388.8,0,0,0,0
2023-08-26 00:00:00,Milk_1L,198,1.89,373.93,0,0,1,0
2023-08-27 00:00:00,Milk_1L,207,1.89,391.11,0,0,1,0
2023-08-28 00:00:00,Milk_1L,218,1.89,411.58,0,0,0,0
2023-08-29 00:00:00,Milk_1L,234,1.89,441.12,0,0,0,0
2023-08-30 00:00:00,Milk_1L,228,1.88,429.72,0,0,0,0
2023-08-31 00:00:00,Milk_1L,228,1.88,429.76,0,0,0,0
2023-09-01 00:00:00,Milk_1L,189,1.88,355.61,0,0,0,0
2023-09-02 00:00:00,Milk_1L,217,1.88,408.7,0,0,1,0
2023-09-03 00:00:00,Milk_1L,214,1.88,402.71,0,0,1,0
2023-09-04 00:00:00,Milk_1L,233,1.88,438.49,0,1,0,0
2023-09-05 00:00:00,Milk_1L,221,1.88,415.61,0,0,0,0
2023-09-06 00:00:00,Milk_1L,222,1.88,417.19,0,0,0,0
2023-09-07 00:00:00,Milk_1L,220,1.88,413.76,0,0,0,0
2023-09-08 00:00:00,Milk_1L,214,1.88,402.5,0,0,0,0
2023-09-09 00:00:00,Milk_1L,218,1.88,409.46,0,0,1,0
2023-09-10 00:00:00,Milk_1L,218,1.88,409.57,0,0,1,0
2023-09-11 00:00:00,Milk_1L,202,1.88,379.78,0,0,0,0
2023-09-12 00:00:00,Milk_1L,209,1.88,392.87,0,0,0,0
2023-09-13 00:00:00,Milk_1L,239,1.88,449.68,0,0,0,0
2023-09-14 00:00:00,Milk_1L,201,1.88,377.86,0,0,0,0
2023-09-15 00:00:00,Milk_1L,194,1.88,365,0,0,0,0
2023-09-16 00:00:00,Milk_1L,200,1.88,376.35,0,0,1,0
2023-09-17 00:00:00,Milk_1L,213,1.88,400.86,0,0,1,0
2023-09-18 00:00:00,Milk_1L,208,1.88,391.92,0,0,0,0
2023-09-19 00:00:00,Milk_1L,219,1.89,412.9,0,0,0,0
2023-09-20 00:00:00,Milk_1L,213,1.88,401.46,0,0,0,0
2023-09-21 00:00:00,Milk_1L,193,1.89,363.92,0,0,0,0
2023-09-22 00:00:00,Milk_1L,217,1.88,408.91,0,0,0,0
2023-09-23 00:00:00,Milk_1L,220,1.89,414.74,0,0,1,0
2023-09-24 00:00:00,Milk_1L,209,1.89,394.46,0,0,1,0
2023-09-25 00:00:00,Milk_1L,214,1.89,404.32,0,0,0,0
2023-09-26 00:00:00,Milk_1L,214,1.89,404.06,0,0,0,0
2023-09-27 00:00:00,Milk_1L,233,1.89,439.83,0,0,0,0
2023-09-28 00:00:00,Milk_1L,231,1.89,436.29,0,0,0,0
2023-09-29 00:00:00,Milk_1L,208,1.89,393.05,0,0,0,0
2023-09-30 00:00:00,Milk_1L,190,1.89,358.78,0,0,1,0
2023-10-01 00:00:00,Milk_1L,198,1.89,373.95,0,0,1,0
2023-10-02 00:00:00,Milk_1L,232,1.89,438.3,0,0,0,0
2023-10-03 00:00:00,Milk_1L,235,1.89,444.56,0,0,0,0
2023-10-04 00:00:00,Milk_1L,211,1.89,399.24,0,0,0,0
2023-10-05 00:00:00,Milk_1L,226,1.89,427.57,0,0,0,0
2023-10-06 00:00:00,Milk_1L,187,1.89,353.43,0,0,0,0
2023-10-07 00:00:00,Milk_1L,207,1.89,390.74,0,0,1,0
2023-10-08 00:00:00,Milk_1L,203,1.89,383.5,0,0,1,0
2023-10-09 00:00:00,Milk_1L,240,1.89,453.41,0,1,0,0
2023-10-10 00:00:00,Milk_1L,230,1.89,434.33,0,0,0,0
2023-10-11 00:00:00,Milk_1L,216,1.89,408.24,0,0,0,0
2023-10-12 00:00:00,Milk_1L,217,1.89,410.29,0,0,0,0
2023-10-13 00:00:00,Milk_1L,214,1.89,404.57,0,0,0,0
2023-10-14 00:00:00,Milk_1L,232,1.89,438.87,0,0,1,0
2023-10-15 00:00:00,Milk_1L,218,1.89,412.22,0,0,1,0
2023-10-16 00:00:00,Milk_1L,218,1.89,412.47,0,0,0,0
2023-10-17 00:00:00,Milk_1L,214,1.89,405.03,0,0,0,0
2023-10-18 00:00:00,Milk_1L,225,1.89,425.68,0,0,0,0
2023-10-19 00:00:00,Milk_1L,239,1.89,451.99,0,0,0,0
2023-10-20 00:00:00,Milk_1L,211,1.89,398.77,0,0,0,0
2023-10-21 00:00:00,Milk_1L,212,1.89,400.97,0,0,1,0
2023-10-22 00:00:00,Milk_1L,214,1.89,404.69,0,0,1,0
2023-10-23 00:00:00,Milk_1L,231,1.89,436.43,0,0,0,0
2023-10-24 00:00:00,Milk_1L,223,1.89,421.58,0,0,0,0
2023-10-25 00:00:00,Milk_1L,217,1.89,410.4,0,0,0,0
2023-10-26 00:00:00,Milk_1L,216,1.89,408.51,0,0,0,0
2023-10-27 00:00:00,Milk_1L,210,1.89,397.23,0,0,0,0
2023-10-28 00:00:00,Milk_1L,215,1.89,406.54,0,0,1,0
2023-10-29 00:00:00,Milk_1L,207,1.89,391.2,0,0,1,0
2023-10-30 00:00:00,Milk_1L,222,1.89,419.86,0,0,0,0
2023-10-31 00:00:00,Milk_1L,230,1.89,434.54,0,0,0,0
2023-11-01 00:00:00,Milk_1L,240,1.89,452.79,0,0,0,0
2023-11-02 00:00:00,Milk_1L,224,1.88,422.09,0,0,0,0
2023-11-03 00:00:00,Milk_1L,192,1.89,362.06,0,0,0,0
2023-11-04 00:00:00,Milk_1L,204,1.88,384.3,0,0,1,0
2023-11-05 00:00:00,Milk_1L,222,1.88,418.09,0,0,1,0
2023-11-06 00:00:00,Milk_1L,204,1.88,383.93,0,0,0,0
2023-11-07 00:00:00,Milk_1L,227,1.88,426.81,0,0,0,0
2023-11-08 00:00:00,Milk_1L,219,1.88,411.68,0,0,0,0
2023-11-09 00:00:00,Milk_1L,221,1.88,415.38,0,0,0,0
2023-11-10 00:00:00,Milk_1L,254,1.88,478.22,0,1,0,0
2023-11-11 00:00:00,Milk_1L,194,1.88,365.12,0,0,1,0
2023-11-12 00:00:00,Milk_1L,225,1.88,423.55,0,0,1,0
2023-11-13 00:00:00,Milk_1L,234,1.89,441.27,0,0,0,0
2023-11-14 00:00:00,Milk_1L,279,1.72,480.44,1,0,0,0
2023-11-15 00:00:00,Milk_1L,293,1.71,501.32,1,0,0,0
2023-11-16 00:00:00,Milk_1L,285,1.69,480.68,1,0,0,0
2023-11-17 00:00:00,Milk_1L,261,1.77,461.18,1,0,0,0
2023-11-18 00:00:00,Milk_1L,261,1.73,451.91,1,0,1,0
2023-11-19 00:00:00,Milk_1L,261,1.7,444.88,1,0,1,0
2023-11-20 00:00:00,Milk_1L,275,1.74,479.87,1,0,0,0
2023-11-21 00:00:00,Milk_1L,293,1.76,515.19,1,0,0,0
2023-11-22 00:00:00,Milk_1L,284,1.72,487.11,1,0,0,0
2023-11-23 00:00:00,Milk_1L,289,1.79,516.27,1,1,0,0
2023-11-24 00:00:00,Milk_1L,271,1.76,476.43,1,0,0,0
2023-11-25 00:00:00,Milk_1L,267,1.68,447.33,1,0,1,0
2023-11-26 00:00:00,Milk_1L,275,1.67,460.27,1,0,1,0
2023-11-27 00:00:00,Milk_1L,228,1.88,429.32,0,0,0,0
2023-11-28 00:00:00,Milk_1L,223,1.88,420.13,0,0,0,0
2023-11-29 00:00:00,Milk_1L,238,1.88,447.68,0,0,0,0
2023-11-30 00:00:00,Milk_1L,205,1.88,385.41,0,0,0,0
2023-12-01 00:00:00,Milk_1L,225,1.88,423.01,0,0,0,0
2023-12-02 00:00:00,Milk_1L,222,1.88,416.8,0,0,1,0
2023-12-03 00:00:00,Milk_1L,209,1.88,392.2,0,0,1,0
2023-12-04 00:00:00,Milk_1L,226,1.88,424.23,0,0,0,0
2023-12-05 00:00:00,Milk_1L,234,1.88,439.14,0,0,0,0
2023-12-06 00:00:00,Milk_1L,237,1.88,444.99,0,0,0,0
2023-12-07 00:00:00,Milk_1L,220,1.87,412.07,0,0,0,0
2023-12-08 00:00:00,Milk_1L,231,1.87,432.89,0,0,0,0
2023-12-09 00:00:00,Milk_1L,213,1.88,399.45,0,0,1,0
2023-12-10 00:00:00,Milk_1L,227,1.87,425.18,0,0,1,0
2023-12-11 00:00:00,Milk_1L,226,1.87,423.59,0,0,0,0
2023-12-12 00:00:00,Milk_1L,226,1.87,423.43,0,0,0,0
2023-12-13 00:00:00,Milk_1L,242,1.87,453.29,0,0,0,0
2023-12-14 00:00:00,Milk_1L,234,1.87,438.51,0,0,0,0
2023-12-15 00:00:00,Milk_1L,217,1.87,406.1,0,0,0,0
2023-12-16 00:00:00,Milk_1L,232,1.87,434.48,0,0,1,0
2023-12-17 00:00:00,Milk_1L,225,1.87,421.09,0,0,1,0
2023-12-18 00:00:00,Milk_1L,272,1.75,476.34,1,0,0,0
2023-12-19 00:00:00,Milk_1L,314,1.66,520.63,1,0,0,0
2023-12-20 00:00:00,Milk_1L,294,1.72,505.14,1,0,0,0
2023-12-21 00:00:00,Milk_1L,288,1.72,496.07,1,0,0,0
2023-12-22 00:00:00,Milk_1L,272,1.77,482.48,1,0,0,0
2023-12-23 00:00:00,Milk_1L,283,1.73,488.37,1,0,1,0
2023-12-24 00:00:00,Milk_1L,272,1.66,450.93,1,0,1,0
2023-12-25 00:00:00,Milk_1L,288,1.67,480.33,1,1,0,0
2023-12-26 00:00:00,Milk_1L,290,1.68,486.36,1,0,0,0
2023-12-27 00:00:00,Milk_1L,294,1.7,500.65,1,0,0,0
2023-12-28 00:00:00,Milk_1L,285,1.69,480.85,1,0,0,0
2023-12-29 00:00:00,Milk_1L,272,1.67,454.17,1,0,0,0
2023-12-30 00:00:00,Milk_1L,290,1.77,512.53,1,0,1,0
2023-12-31 00:00:00,Milk_1L,278,1.73,481.44,1,0,1,0
2024-01-01 00:00:00,Milk_1L,268,1.86,499.46,0,1,0,0
2024-01-02 00:00:00,Milk_1L,244,1.86,454.91,0,0,0,0
2024-01-03 00:00:00,Milk_1L,250,1.86,466.11,0,0,0,0
2024-01-04 00:00:00,Milk_1L,242,1.86,450.86,0,0,0,0
2024-01-05 00:00:00,Milk_1L,220,1.86,409.63,0,0,0,0
2024-01-06 00:00:00,Milk_1L,224,1.86,416.66,0,0,1,0
2024-01-07 00:00:00,Milk_1L,239,1.86,445.11,0,0,1,0
2024-01-08 00:00:00,Milk_1L,234,1.86,436.03,0,0,0,0
2024-01-09 00:00:00,Milk_1L,258,1.86,480.17,0,0,0,0
2024-01-10 00:00:00,Milk_1L,248,1.86,461.94,0,0,0,0
2024-01-11 00:00:00,Milk_1L,236,1.86,439.8,0,0,0,0
2024-01-12 00:00:00,Milk_1L,223,1.86,414.95,0,0,0,0
2024-01-13 00:00:00,Milk_1L,235,1.86,436.93,0,0,1,0
2024-01-14 00:00:00,Milk_1L,239,1.86,444.51,0,0,1,0
2024-01-15 00:00:00,Milk_1L,254,1.86,472.5,0,1,0,0
2024-01-16 00:00:00,Milk_1L,253,1.86,471.48,0,0,0,0
2024-01-17 00:00:00,Milk_1L,267,1.86,497.55,0,0,0,0
2024-01-18 00:00:00,Milk_1L,247,1.86,460.64,0,0,0,0
2024-01-19 00:00:00,Milk_1L,225,1.86,419.41,0,0,0,0
2024-01-20 00:00:00,Milk_1L,233,1.86,434.25,0,0,1,0
2024-01-21 00:00:00,Milk_1L,235,1.86,437.96,0,0,1,0
2024-01-22 00:00:00,Milk_1L,221,1.86,411.82,0,0,0,0
2024-01-23 00:00:00,Milk_1L,247,1.86,460.33,0,0,0,0
2024-01-24 00:00:00,Milk_1L,258,1.86,480.84,0,0,0,0
2024-01-25 00:00:00,Milk_1L,240,1.86,446.62,0,0,0,0
2024-01-26 00:00:00,Milk_1L,221,1.86,411.49,0,0,0,0
2024-01-27 00:00:00,Milk_1L,228,1.86,424.07,0,0,1,0
2024-01-28 00:00:00,Milk_1L,258,1.86,480.19,0,0,1,0
2024-01-29 00:00:00,Milk_1L,245,1.86,456.24,0,0,0,0
2024-01-30 00:00:00,Milk_1L,242,1.86,450.9,0,0,0,0
2024-01-31 00:00:00,Milk_1L,260,1.86,484.16,0,0,0,0
2024-02-01 00:00:00,Milk_1L,239,1.86,445.14,0,0,0,0
2024-02-02 00:00:00,Milk_1L,241,1.86,449.13,0,0,0,0
2024-02-03 00:00:00,Milk_1L,224,1.86,417.23,0,0,1,0
2024-02-04 00:00:00,Milk_1L,245,1.86,455.72,0,0,1,0
2024-02-05 00:00:00,Milk_1L,248,1.86,461.99,0,0,0,0
2024-02-06 00:00:00,Milk_1L,264,1.86,491.67,0,0,0,0
2024-02-07 00:00:00,Milk_1L,253,1.86,470.95,0,0,0,0
2024-02-08 00:00:00,Milk_1L,238,1.86,442.61,0,0,0,0
2024-02-09 00:00:00,Milk_1L,239,1.86,443.96,0,0,0,0
2024-02-10 00:00:00,Milk_1L,247,1.85,457.7,0,0,1,0
2024-02-11 00:00:00,Milk_1L,235,1.85,435.02,0,0,1,0
2024-02-12 00:00:00,Milk_1L,242,1.85,447.52,0,0,0,0
2024-02-13 00:00:00,Milk_1L,248,1.85,458.24,0,0,0,0
2024-02-14 00:00:00,Milk_1L,270,1.85,499.73,0,0,0,0
2024-02-15 00:00:00,Milk_1L,245,1.85,453.4,0,0,0,0
2024-02-16 00:00:00,Milk_1L,248,1.85,458.77,0,0,0,0
2024-02-17 00:00:00,Milk_1L,235,1.85,434.74,0,0,1,0
2024-02-18 00:00:00,Milk_1L,258,1.85,476.94,0,0,1,0
2024-02-19 00:00:00,Milk_1L,276,1.85,510.79,0,1,0,0
2024-02-20 00:00:00,Milk_1L,241,1.85,446.5,0,0,0,0
2024-02-21 00:00:00,Milk_1L,249,1.85,461,0,0,0,0
2024-02-22 00:00:00,Milk_1L,250,1.85,463.26,0,0,0,0
2024-02-23 00:00:00,Milk_1L,226,1.85,419.07,0,0,0,0
2024-02-24 00:00:00,Milk_1L,234,1.86,434.93,0,0,1,0
2024-02-25 00:00:00,Milk_1L,247,1.86,459.61,0,0,1,0
2024-02-26 00:00:00,Milk_1L,248,1.86,460.89,0,0,0,0
2024-02-27 00:00:00,Milk_1L,271,1.86,503.45,0,0,0,0
2024-02-28 00:00:00,Milk_1L,243,1.86,451.76,0,0,0,0
2024-02-29 00:00:00,Milk_1L,264,1.86,491.05,0,0,0,0
2024-03-01 00:00:00,Milk_1L,235,1.86,437.6,0,0,0,0
2024-03-02 00:00:00,Milk_1L,233,1.86,433.83,0,0,1,0
2024-03-03 00:00:00,Milk_1L,244,1.86,454.42,0,0,1,0
2024-03-04 00:00:00,Milk_1L,260,1.86,484.86,0,0,0,0
2024-03-05 00:00:00,Milk_1L,245,1.87,457.13,0,0,0,0
2024-03-06 00:00:00,Milk_1L,265,1.87,494.44,0,0,0,0
2024-03-07 00:00:00,Milk_1L,240,1.87,448.76,0,0,0,0
2024-03-08 00:00:00,Milk_1L,218,1.87,407.6,0,0,0,0
2024-03-09 00:00:00,Milk_1L,251,1.87,469.38,0,0,1,0
2024-03-10 00:00:00,Milk_1L,248,1.87,463.41,0,0,1,0
2024-03-11 00:00:00,Milk_1L,262,1.87,489.7,0,0,0,0
2024-03-12 00:00:00,Milk_1L,257,1.87,479.62,0,0,0,0
2024-03-13 00:00:00,Milk_1L,244,1.87,455.99,0,0,0,0
2024-03-14 00:00:00,Milk_1L,319,1.71,544.83,1,0,0,0
2024-03-15 00:00:00,Milk_1L,299,1.72,513.92,1,0,0,0
2024-03-16 00:00:00,Milk_1L,301,1.66,499.84,1,0,1,0
2024-03-17 00:00:00,Milk_1L,310,1.64,509.84,1,0,1,0
2024-03-18 00:00:00,Milk_1L,316,1.66,525.23,1,0,0,0
2024-03-19 00:00:00,Milk_1L,323,1.7,549.81,1,0,0,0
2024-03-20 00:00:00,Milk_1L,250,1.87,467.31,0,0,0,0
2024-03-21 00:00:00,Milk_1L,251,1.87,468.91,0,0,0,0
2024-03-22 00:00:00,Milk_1L,245,1.87,457.58,0,0,0,0
2024-03-23 00:00:00,Milk_1L,247,1.87,461.82,0,0,1,0
2024-03-24 00:00:00,Milk_1L,251,1.87,468.99,0,0,1,0
2024-03-25 00:00:00,Milk_1L,247,1.87,461.88,0,0,0,0
2024-03-26 00:00:00,Milk_1L,245,1.87,458.22,0,0,0,0
2024-03-27 00:00:00,Milk_1L,270,1.87,504.79,0,0,0,0
2024-03-28 00:00:00,Milk_1L,254,1.87,475.29,0,0,0,0
2024-03-29 00:00:00,Milk_1L,227,1.87,424.4,0,0,0,0
2024-03-30 00:00:00,Milk_1L,263,1.87,491.85,0,0,1,0
2024-03-31 00:00:00,Milk_1L,246,1.87,459.51,0,0,1,0
2024-04-01 00:00:00,Milk_1L,254,1.87,474.35,0,0,0,0
2024-04-02 00:00:00,Milk_1L,251,1.87,468.2,0,0,0,0
2024-04-03 00:00:00,Milk_1L,265,1.87,494.4,0,0,0,0
2024-04-04 00:00:00,Milk_1L,253,1.87,472.39,0,0,0,0
2024-04-05 00:00:00,Milk_1L,260,1.87,485.9,0,0,0,0
2024-04-06 00:00:00,Milk_1L,232,1.87,433.74,0,0,1,0
2024-04-07 00:00:00,Milk_1L,255,1.87,476.84,0,0,1,0
2024-04-08 00:00:00,Milk_1L,247,1.87,461.68,0,0,0,0
2024-04-09 00:00:00,Milk_1L,267,1.87,498.89,0,0,0,0
2024-04-10 00:00:00,Milk_1L,265,1.87,494.73,0,0,0,0
2024-04-11 00:00:00,Milk_1L,250,1.87,467.59,0,0,0,0
2024-04-12 00:00:00,Milk_1L,250,1.87,467.54,0,0,0,0
2024-04-13 00:00:00,Milk_1L,246,1.87,460,0,0,1,0
2024-04-14 00:00:00,Milk_1L,259,1.87,484.36,0,0,1,0
2024-04-15 00:00:00,Milk_1L,253,1.87,472.78,0,0,0,0
2024-04-16 00:00:00,Milk_1L,254,1.87,475.34,0,0,0,0
2024-04-17 00:00:00,Milk_1L,270,1.87,505.07,0,0,0,0
2024-04-18 00:00:00,Milk_1L,235,1.87,439.21,0,0,0,0
2024-04-19 00:00:00,Milk_1L,236,1.87,441.77,0,0,0,0
2024-04-20 00:00:00,Milk_1L,251,1.87,470.35,0,0,1,0
2024-04-21 00:00:00,Milk_1L,262,1.88,491.25,0,0,1,0
2024-04-22 00:00:00,Milk_1L,241,1.87,451.68,0,0,0,0
2024-04-23 00:00:00,Milk_1L,249,1.88,467.28,0,0,0,0
2024-04-24 00:00:00,Milk_1L,276,1.88,517.94,0,0,0,0
2024-04-25 00:00:00,Milk_1L,267,1.88,501.17,0,0,0,0
2024-04-26 00:00:00,Milk_1L,245,1.88,460.34,0,0,0,0
2024-04-27 00:00:00,Milk_1L,247,1.88,464.16,0,0,1,0
2024-04-28 00:00:00,Milk_1L,240,1.88,450.82,0,0,1,0
2024-04-29 00:00:00,Milk_1L,252,1.87,472.43,0,0,0,0
2024-04-30 00:00:00,Milk_1L,251,1.88,471.03,0,0,0,0
2024-05-01 00:00:00,Milk_1L,245,1.87,458.82,0,0,0,0
2024-05-02 00:00:00,Milk_1L,227,1.87,424.8,0,0,0,0
2024-05-03 00:00:00,Milk_1L,246,1.87,459.95,0,0,0,0
2024-05-04 00:00:00,Milk_1L,247,1.87,461.56,0,0,1,0
2024-05-05 00:00:00,Milk_1L,225,1.87,420.26,0,0,1,0
2024-05-06 00:00:00,Milk_1L,237,1.87,442.81,0,0,0,0
2024-05-07 00:00:00,Milk_1L,247,1.87,461.3,0,0,0,0
2024-05-08 00:00:00,Milk_1L,249,1.86,463.81,0,0,0,0
2024-05-09 00:00:00,Milk_1L,235,1.86,437.67,0,0,0,0
2024-05-10 00:00:00,Milk_1L,242,1.86,450.15,0,0,0,0
2024-05-11 00:00:00,Milk_1L,241,1.86,448.06,0,0,1,0
2024-05-12 00:00:00,Milk_1L,239,1.86,443.75,0,0,1,0
2024-05-13 00:00:00,Milk_1L,216,1.86,400.94,0,0,0,0
2024-05-14 00:00:00,Milk_1L,272,1.86,504.67,0,0,0,0
2024-05-15 00:00:00,Milk_1L,254,1.86,471.53,0,0,0,0
2024-05-16 00:00:00,Milk_1L,264,1.86,490.21,0,0,0,0
2024-05-17 00:00:00,Milk_1L,240,1.86,445.96,0,0,0,0
2024-05-18 00:00:00,Milk_1L,238,1.86,441.59,0,0,1,0
2024-05-19 00:00:00,Milk_1L,239,1.86,443.92,0,0,1,0
2024-05-20 00:00:00,Milk_1L,245,1.86,454.79,0,0,0,0
2024-05-21 00:00:00,Milk_1L,264,1.86,490.18,0,0,0,0
2024-05-22 00:00:00,Milk_1L,250,1.86,464.39,0,0,0,0
2024-05-23 00:00:00,Milk_1L,308,1.74,536.55,1,0,0,0
2024-05-24 00:00:00,Milk_1L,273,1.75,476.86,1,0,0,0
2024-05-25 00:00:00,Milk_1L,292,1.75,511.47,1,0,1,0
2024-05-26 00:00:00,Milk_1L,308,1.65,508.77,1,0,1,0
2024-05-27 00:00:00,Milk_1L,334,1.76,587.77,1,1,0,0
2024-05-28 00:00:00,Milk_1L,335,1.7,570.18,1,0,0,0
2024-05-29 00:00:00,Milk_1L,254,1.86,472.98,0,0,0,0
2024-05-30 00:00:00,Milk_1L,241,1.86,449.39,0,0,0,0
2024-05-31 00:00:00,Milk_1L,224,1.87,418.01,0,0,0,0
2024-06-01 00:00:00,Milk_1L,227,1.87,423.43,0,0,1,0
2024-06-02 00:00:00,Milk_1L,228,1.87,425.55,0,0,1,0
2024-06-03 00:00:00,Milk_1L,250,1.86,466.12,0,0,0,0
2024-06-04 00:00:00,Milk_1L,254,1.86,473.53,0,0,0,0
2024-06-05 00:00:00,Milk_1L,262,1.86,488.46,0,0,0,0
2024-06-06 00:00:00,Milk_1L,238,1.87,444.13,0,0,0,0
2024-06-07 00:00:00,Milk_1L,238,1.87,443.98,0,0,0,0
2024-06-08 00:00:00,Milk_1L,240,1.86,447.59,0,0,1,0
2024-06-09 00:00:00,Milk_1L,248,1.86,462.26,0,0,1,0
2024-06-10 00:00:00,Milk_1L,237,1.86,441.92,0,0,0,0
2024-06-11 00:00:00,Milk_1L,250,1.86,465.41,0,0,0,0
2024-06-12 00:00:00,Milk_1L,247,1.86,458.86,0,0,0,0
2024-06-13 00:00:00,Milk_1L,254,1.86,472.54,0,0,0,0
2024-06-14 00:00:00,Milk_1L,229,1.86,426.46,0,0,0,0
2024-06-15 00:00:00,Milk_1L,228,1.86,424.82,0,0,1,0
2024-06-16 00:00:00,Milk_1L,218,1.86,406.29,0,0,1,0
2024-06-17 00:00:00,Milk_1L,244,1.86,454.46,0,0,0,0
2024-06-18 00:00:00,Milk_1L,240,1.86,446.37,0,0,0,0
2024-06-19 00:00:00,Milk_1L,274,1.86,509.76,0,1,0,0
2024-06-20 00:00:00,Milk_1L,241,1.86,447.88,0,0,0,0
2024-06-21 00:00:00,Milk_1L,246,1.86,457.52,0,0,0,0
2024-06-22 00:00:00,Milk_1L,228,1.86,424.11,0,0,1,0
2024-06-23 00:00:00,Milk_1L,238,1.86,442.12,0,0,1,0
2024-06-24 00:00:00,Milk_1L,252,1.86,468.19,0,0,0,0
2024-06-25 00:00:00,Milk_1L,242,1.85,448.87,0,0,0,0
2024-06-26 00:00:00,Milk_1L,251,1.85,465.23,0,0,0,0
2024-06-27 00:00:00,Milk_1L,230,1.85,426.63,0,0,0,0
2024-06-28 00:00:00,Milk_1L,238,1.85,441.16,0,0,0,0
2024-06-29 00:00:00,Milk_1L,239,1.85,442.86,0,0,1,0
2024-06-30 00:00:00,Milk_1L,234,1.85,433.31,0,0,1,0
2024-07-01 00:00:00,Milk_1L,244,1.85,451.58,0,0,0,0
2024-07-02 00:00:00,Milk_1L,247,1.85,457.49,0,0,0,0
2024-07-03 00:00:00,Milk_1L,262,1.85,485.44,0,0,0,0
2024-07-04 00:00:00,Milk_1L,291,1.73,502.84,1,1,0,0
2024-07-05 00:00:00,Milk_1L,289,1.73,500.16,1,0,0,0
2024-07-06 00:00:00,Milk_1L,282,1.75,492.1,1,0,1,0
2024-07-07 00:00:00,Milk_1L,308,1.64,504.64,1,0,1,0
2024-07-08 00:00:00,Milk_1L,295,1.7,501.07,1,0,0,0
2024-07-09 00:00:00,Milk_1L,304,1.65,500.72,1,0,0,0
2024-07-10 00:00:00,Milk_1L,259,1.85,478.94,0,0,0,0
2024-07-11 00:00:00,Milk_1L,226,1.85,418.91,0,0,0,0
2024-07-12 00:00:00,Milk_1L,228,1.85,422.68,0,0,0,0
2024-07-13 00:00:00,Milk_1L,234,1.85,433.59,0,0,1,0
2024-07-14 00:00:00,Milk_1L,213,1.85,394.96,0,0,1,0
2024-07-15 00:00:00,Milk_1L,229,1.85,424.02,0,0,0,0
2024-07-16 00:00:00,Milk_1L,252,1.85,466.39,0,0,0,0
2024-07-17 00:00:00,Milk_1L,249,1.85,461.21,0,0,0,0
2024-07-18 00:00:00,Milk_1L,235,1.85,435.14,0,0,0,0
2024-07-19 00:00:00,Milk_1L,233,1.85,431.44,0,0,0,0
2024-07-20 00:00:00,Milk_1L,227,1.85,420.85,0,0,1,0
2024-07-21 00:00:00,Milk_1L,236,1.85,437.64,0,0,1,0
2024-07-22 00:00:00,Milk_1L,213,1.86,395.2,0,0,0,0
2024-07-23 00:00:00,Milk_1L,242,1.85,448.64,0,0,0,0
2024-07-24 00:00:00,Milk_1L,244,1.86,453.22,0,0,0,0
2024-07-25 00:00:00,Milk_1L,215,1.86,399.24,0,0,0,0
2024-07-26 00:00:00,Milk_1L,206,1.86,382.7,0,0,0,0
2024-07-27 00:00:00,Milk_1L,235,1.86,436.62,0,0,1,0
2024-07-28 00:00:00,Milk_1L,224,1.86,416.18,0,0,1,0
2024-07-29 00:00:00,Milk_1L,238,1.86,441.73,0,0,0,0
2024-07-30 00:00:00,Milk_1L,248,1.86,460.21,0,0,0,0
2024-07-31 00:00:00,Milk_1L,232,1.86,430.58,0,0,0,0
2024-08-01 00:00:00,Milk_1L,219,1.86,406.98,0,0,0,0
2024-08-02 00:00:00,Milk_1L,216,1.86,401.49,0,0,0,0
2024-08-03 00:00:00,Milk_1L,220,1.86,408.79,0,0,1,0
2024-08-04 00:00:00,Milk_1L,215,1.86,399.6,0,0,1,0
2024-08-05 00:00:00,Milk_1L,225,1.86,418.28,0,0,0,0
2024-08-06 00:00:00,Milk_1L,241,1.86,448.02,0,0,0,0
2024-08-07 00:00:00,Milk_1L,257,1.86,477.91,0,0,0,0
2024-08-08 00:00:00,Milk_1L,228,1.86,424.62,0,0,0,0
2024-08-09 00:00:00,Milk_1L,215,1.86,400.44,0,0,0,0
2024-08-10 00:00:00,Milk_1L,236,1.86,439.09,0,0,1,0
2024-08-11 00:00:00,Milk_1L,238,1.86,442.63,0,0,1,0
2024-08-12 00:00:00,Milk_1L,221,1.86,410.94,0,0,0,0
2024-08-13 00:00:00,Milk_1L,229,1.86,425.57,0,0,0,0
2024-08-14 00:00:00,Milk_1L,230,1.86,427.52,0,0,0,0
2024-08-15 00:00:00,Milk_1L,235,1.86,437.22,0,0,0,0
2024-08-16 00:00:00,Milk_1L,212,1.86,393.77,0,0,0,0
2024-08-17 00:00:00,Milk_1L,213,1.86,395.27,0,0,1,0
2024-08-18 00:00:00,Milk_1L,221,1.86,409.97,0,0,1,0
2024-08-19 00:00:00,Milk_1L,227,1.86,421.37,0,0,0,0
2024-08-20 00:00:00,Milk_1L,235,1.85,435.56,0,0,0,0
2024-08-21 00:00:00,Milk_1L,292,1.7,495.57,1,0,0,0
2024-08-22 00:00:00,Milk_1L,292,1.76,513.45,1,0,0,0
2024-08-23 00:00:00,Milk_1L,266,1.64,436.01,1,0,0,0
2024-08-24 00:00:00,Milk_1L,264,1.76,464.83,1,0,1,0
2024-08-25 00:00:00,Milk_1L,294,1.76,516.53,1,0,1,0
2024-08-26 00:00:00,Milk_1L,267,1.71,456.53,1,0,0,0
2024-08-27 00:00:00,Milk_1L,233,1.86,432.64,0,0,0,0
2024-08-28 00:00:00,Milk_1L,216,1.86,401.15,0,0,0,0
2024-08-29 00:00:00,Milk_1L,229,1.86,425.66,0,0,0,0
2024-08-30 00:00:00,Milk_1L,213,1.86,396.15,0,0,0,0
2024-08-31 00:00:00,Milk_1L,239,1.86,444.2,0,0,1,0
2024-09-01 00:00:00,Milk_1L,208,1.86,386.94,0,0,1,0
2024-09-02 00:00:00,Milk_1L,216,1.86,402.28,0,1,0,0
2024-09-03 00:00:00,Milk_1L,219,1.86,407.55,0,0,0,0
2024-09-04 00:00:00,Milk_1L,224,1.86,416.54,0,0,0,0
2024-09-05 00:00:00,Milk_1L,210,1.86,390.37,0,0,0,0
2024-09-06 00:00:00,Milk_1L,217,1.86,403.54,0,0,0,0
2024-09-07 00:00:00,Milk_1L,222,1.86,412.5,0,0,1,0
2024-09-08 00:00:00,Milk_1L,211,1.86,392.51,0,0,1,0
2024-09-09 00:00:00,Milk_1L,221,1.86,411.21,0,0,0,0
2024-09-10 00:00:00,Milk_1L,226,1.86,420.86,0,0,0,0
2024-09-11 00:00:00,Milk_1L,233,1.86,433.72,0,0,0,0
2024-09-12 00:00:00,Milk_1L,220,1.86,409.24,0,0,0,0
2024-09-13 00:00:00,Milk_1L,222,1.86,413.15,0,0,0,0
2024-09-14 00:00:00,Milk_1L,213,1.86,397.16,0,0,1,0
2024-09-15 00:00:00,Milk_1L,220,1.87,410.55,0,0,1,0
2024-09-16 00:00:00,Milk_1L,225,1.87,420.44,0,0,0,0
2024-09-17 00:00:00,Milk_1L,278,1.76,489.27,1,0,0,0
2024-09-18 00:00:00,Milk_1L,285,1.64,468.52,1,0,0,0
2024-09-19 00:00:00,Milk_1L,292,1.76,513.18,1,0,0,0
2024-09-20 00:00:00,Milk_1L,273,1.65,450.46,1,0,0,0
2024-09-21 00:00:00,Milk_1L,274,1.77,484.39,1,0,1,0
2024-09-22 00:00:00,Milk_1L,267,1.69,451.91,1,0,1,0
2024-09-23 00:00:00,Milk_1L,228,1.87,425.25,0,0,0,0
2024-09-24 00:00:00,Milk_1L,237,1.87,442.19,0,0,0,0
2024-09-25 00:00:00,Milk_1L,235,1.87,438.44,0,0,0,0
2024-09-26 00:00:00,Milk_1L,227,1.87,424.58,0,0,0,0
2024-09-27 00:00:00,Milk_1L,208,1.87,388.88,0,0,0,0
2024-09-28 00:00:00,Milk_1L,232,1.87,433.42,0,0,1,0
2024-09-29 00:00:00,Milk_1L,210,1.87,392.6,0,0,1,0
2024-09-30 00:00:00,Milk_1L,224,1.87,418.69,0,0,0,0
2024-10-01 00:00:00,Milk_1L,222,1.87,414.99,0,0,0,0
2024-10-02 00:00:00,Milk_1L,225,1.87,420.99,0,0,0,0
2024-10-03 00:00:00,Milk_1L,223,1.87,416.9,0,0,0,0
2024-10-04 00:00:00,Milk_1L,214,1.87,399.92,0,0,0,0
2024-10-05 00:00:00,Milk_1L,222,1.87,414.64,0,0,1,0
2024-10-06 00:00:00,Milk_1L,217,1.87,405.05,0,0,1,0
2024-10-07 00:00:00,Milk_1L,216,1.87,402.94,0,0,0,0
2024-10-08 00:00:00,Milk_1L,247,1.86,460.65,0,0,0,0
2024-10-09 00:00:00,Milk_1L,223,1.87,416.4,0,0,0,0
2024-10-10 00:00:00,Milk_1L,221,1.87,412.59,0,0,0,0
2024-10-11 00:00:00,Milk_1L,217,1.87,404.76,0,0,0,0
2024-10-12 00:00:00,Milk_1L,213,1.86,397.24,0,0,1,0
2024-10-13 00:00:00,Milk_1L,225,1.86,419.36,0,0,1,0
2024-10-14 00:00:00,Milk_1L,225,1.86,419.39,0,1,0,0
2024-10-15 00:00:00,Milk_1L,228,1.86,424.95,0,0,0,0
2024-10-16 00:00:00,Milk_1L,225,1.86,419.06,0,0,0,0
2024-10-17 00:00:00,Milk_1L,229,1.86,426.39,0,0,0,0
2024-10-18 00:00:00,Milk_1L,206,1.86,383.76,0,0,0,0
2024-10-19 00:00:00,Milk_1L,230,1.87,428.97,0,0,1,0
2024-10-20 00:00:00,Milk_1L,219,1.86,408.42,0,0,1,0
2024-10-21 00:00:00,Milk_1L,228,1.87,425.72,0,0,0,0
2024-10-22 00:00:00,Milk_1L,232,1.87,433.59,0,0,0,0
2024-10-23 00:00:00,Milk_1L,251,1.87,468.54,0,0,0,0
2024-10-24 00:00:00,Milk_1L,219,1.87,408.62,0,0,0,0
2024-10-25 00:00:00,Milk_1L,203,1.86,377.66,0,0,0,0
2024-10-26 00:00:00,Milk_1L,222,1.86,412.6,0,0,1,0
2024-10-27 00:00:00,Milk_1L,205,1.86,380.91,0,0,1,0
2024-10-28 00:00:00,Milk_1L,214,1.86,397.31,0,0,0,0
2024-10-29 00:00:00,Milk_1L,223,1.86,414.03,0,0,0,0
2024-10-30 00:00:00,Milk_1L,231,1.86,428.72,0,0,0,0
2024-10-31 00:00:00,Milk_1L,220,1.86,408.41,0,0,0,0
2024-11-01 00:00:00,Milk_1L,196,1.86,363.68,0,0,0,0
2024-11-02 00:00:00,Milk_1L,206,1.86,382.37,0,0,1,0
2024-11-03 00:00:00,Milk_1L,227,1.86,421.38,0,0,1,0
2024-11-04 00:00:00,Milk_1L,230,1.86,427.03,0,0,0,0
2024-11-05 00:00:00,Milk_1L,221,1.86,410.64,0,0,0,0
2024-11-06 00:00:00,Milk_1L,233,1.86,432.64,0,0,0,0
2024-11-07 00:00:00,Milk_1L,234,1.86,435.19,0,0,0,0
2024-11-08 00:00:00,Milk_1L,217,1.86,403.58,0,0,0,0
2024-11-09 00:00:00,Milk_1L,235,1.86,437.2,0,0,1,0
2024-11-10 00:00:00,Milk_1L,234,1.86,435.28,0,0,1,0
2024-11-11 00:00:00,Milk_1L,230,1.86,427.7,0,1,0,0
2024-11-12 00:00:00,Milk_1L,242,1.86,449.49,0,0,0,0
2024-11-13 00:00:00,Milk_1L,241,1.86,447.47,0,0,0,0
2024-11-14 00:00:00,Milk_1L,234,1.85,433.94,0,0,0,0
2024-11-15 00:00:00,Milk_1L,229,1.85,424.2,0,0,0,0
2024-11-16 00:00:00,Milk_1L,234,1.85,434.06,0,0,1,0
2024-11-17 00:00:00,Milk_1L,228,1.86,422.94,0,0,1,0
2024-11-18 00:00:00,Milk_1L,222,1.85,411.72,0,0,0,0
2024-11-19 00:00:00,Milk_1L,233,1.85,431.74,0,0,0,0
2024-11-20 00:00:00,Milk_1L,244,1.85,452.11,0,0,0,0
2024-11-21 00:00:00,Milk_1L,231,1.85,428.03,0,0,0,0
2024-11-22 00:00:00,Milk_1L,232,1.85,430.12,0,0,0,0
2024-11-23 00:00:00,Milk_1L,226,1.85,418.94,0,0,1,0
2024-11-24 00:00:00,Milk_1L,222,1.85,411.59,0,0,1,0
2024-11-25 00:00:00,Milk_1L,275,1.7,466.42,1,0,0,0
2024-11-26 00:00:00,Milk_1L,303,1.68,507.71,1,0,0,0
2024-11-27 00:00:00,Milk_1L,307,1.68,516.66,1,0,0,0
2024-11-28 00:00:00,Milk_1L,296,1.67,494.01,1,1,0,0
2024-11-29 00:00:00,Milk_1L,253,1.65,418.4,1,0,0,0
2024-11-30 00:00:00,Milk_1L,286,1.64,468.22,1,0,1,0
2024-12-01 00:00:00,Milk_1L,278,1.71,475.43,1,0,1,0
2024-12-02 00:00:00,Milk_1L,219,1.86,407.34,0,0,0,0
2024-12-03 00:00:00,Milk_1L,223,1.86,414.68,0,0,0,0
2024-12-04 00:00:00,Milk_1L,247,1.86,459.79,0,0,0,0
2024-12-05 00:00:00,Milk_1L,236,1.86,438.59,0,0,0,0
2024-12-06 00:00:00,Milk_1L,226,1.86,419.72,0,0,0,0
2024-12-07 00:00:00,Milk_1L,209,1.86,388.21,0,0,1,0
2024-12-08 00:00:00,Milk_1L,234,1.86,434.2,0,0,1,0
2024-12-09 00:00:00,Milk_1L,226,1.85,418.59,0,0,0,0
2024-12-10 00:00:00,Milk_1L,240,1.85,444.84,0,0,0,0
2024-12-11 00:00:00,Milk_1L,236,1.86,438.12,0,0,0,0
2024-12-12 00:00:00,Milk_1L,215,1.86,399.24,0,0,0,0
2024-12-13 00:00:00,Milk_1L,226,1.85,419.17,0,0,0,0
2024-12-14 00:00:00,Milk_1L,228,1.85,422.86,0,0,1,0
2024-12-15 00:00:00,Milk_1L,233,1.85,431.61,0,0,1,0
2024-12-16 00:00:00,Milk_1L,242,1.85,447.43,0,0,0,0
2024-12-17 00:00:00,Milk_1L,241,1.85,445.8,0,0,0,0
2024-12-18 00:00:00,Milk_1L,289,1.71,494.32,1,0,0,0
2024-12-19 00:00:00,Milk_1L,290,1.76,509.53,1,0,0,0
2024-12-20 00:00:00,Milk_1L,284,1.64,466.94,1,0,0,0
2024-12-21 00:00:00,Milk_1L,284,1.7,482.85,1,0,1,0
2024-12-22 00:00:00,Milk_1L,290,1.68,486.81,1,0,1,0
2024-12-23 00:00:00,Milk_1L,288,1.66,479.34,1,0,0,0
2024-12-24 00:00:00,Milk_1L,301,1.65,497.51,1,0,0,0
2024-12-25 00:00:00,Milk_1L,313,1.65,516.23,1,1,0,0
2024-12-26 00:00:00,Milk_1L,291,1.67,486.75,1,0,0,0
2024-12-27 00:00:00,Milk_1L,283,1.64,463.25,1,0,0,0
2024-12-28 00:00:00,Milk_1L,286,1.63,465.77,1,0,1,0
2024-12-29 00:00:00,Milk_1L,285,1.7,483.73,1,0,1,0
2024-12-30 00:00:00,Milk_1L,291,1.73,503.25,1,0,0,0
2024-12-31 00:00:00,Milk_1L,281,1.73,486.55,1,0,0,0
2025-01-01 00:00:00,Milk_1L,263,1.85,485.82,0,1,0,0
2025-01-02 00:00:00,Milk_1L,256,1.85,472.6,0,0,0,0
2025-01-03 00:00:00,Milk_1L,223,1.85,412.44,0,0,0,0
2025-01-04 00:00:00,Milk_1L,239,1.85,442.64,0,0,1,0
2025-01-05 00:00:00,Milk_1L,241,1.85,445.6,0,0,1,0
2025-01-06 00:00:00,Milk_1L,231,1.85,427.55,0,0,0,0
2025-01-07 00:00:00,Milk_1L,258,1.85,476.48,0,0,0,0
2025-01-08 00:00:00,Milk_1L,255,1.85,471.03,0,0,0,0
2025-01-09 00:00:00,Milk_1L,243,1.85,448.68,0,0,0,0
2025-01-10 00:00:00,Milk_1L,242,1.85,447.4,0,0,0,0
2025-01-11 00:00:00,Milk_1L,241,1.85,445.56,0,0,1,0
2025-01-12 00:00:00,Milk_1L,237,1.85,438.03,0,0,1,0
2025-01-13 00:00:00,Milk_1L,235,1.85,434.78,0,0,0,0
2025-01-14 00:00:00,Milk_1L,278,1.85,513.92,0,0,0,0
2025-01-15 00:00:00,Milk_1L,272,1.85,502.42,0,0,0,0
2025-01-16 00:00:00,Milk_1L,251,1.85,464.17,0,0,0,0
2025-01-17 00:00:00,Milk_1L,216,1.85,399.59,0,0,0,0
2025-01-18 00:00:00,Milk_1L,241,1.85,445.86,0,0,1,0
2025-01-19 00:00:00,Milk_1L,232,1.85,428.93,0,0,1,0
2025-01-20 00:00:00,Milk_1L,273,1.85,504.63,0,1,0,0
2025-01-21 00:00:00,Milk_1L,259,1.85,478.55,0,0,0,0
2025-01-22 00:00:00,Milk_1L,260,1.85,480.5,0,0,0,0
2025-01-23 00:00:00,Milk_1L,262,1.85,484.23,0,0,0,0
2025-01-24 00:00:00,Milk_1L,221,1.85,408.38,0,0,0,0
2025-01-25 00:00:00,Milk_1L,254,1.85,469.3,0,0,1,0
2025-01-26 00:00:00,Milk_1L,249,1.85,460.65,0,0,1,0
2025-01-27 00:00:00,Milk_1L,234,1.85,433.12,0,0,0,0
2025-01-28 00:00:00,Milk_1L,265,1.85,490.65,0,0,0,0
2025-01-29 00:00:00,Milk_1L,265,1.85,490.57,0,0,0,0
2025-01-30 00:00:00,Milk_1L,261,1.85,483.26,0,0,0,0
2025-01-31 00:00:00,Milk_1L,240,1.85,444.34,0,0,0,0
2025-02-01 00:00:00,Milk_1L,241,1.85,446.24,0,0,1,0
2025-02-02 00:00:00,Milk_1L,242,1.85,448.24,0,0,1,0
2025-02-03 00:00:00,Milk_1L,264,1.85,488.67,0,0,0,0
2025-02-04 00:00:00,Milk_1L,264,1.85,488.33,0,0,0,0
2025-02-05 00:00:00,Milk_1L,265,1.85,489.06,0,0,0,0
2025-02-06 00:00:00,Milk_1L,248,1.84,457.16,0,0,0,0
2025-02-07 00:00:00,Milk_1L,250,1.84,460.84,0,0,0,0
2025-02-08 00:00:00,Milk_1L,257,1.85,474.57,0,0,1,0
2025-02-09 00:00:00,Milk_1L,230,1.85,425.47,0,0,1,0
2025-02-10 00:00:00,Milk_1L,262,1.85,484.52,0,0,0,0
2025-02-11 00:00:00,Milk_1L,232,1.84,427.83,0,0,0,0
2025-02-12 00:00:00,Milk_1L,306,1.75,535.15,1,0,0,0
2025-02-13 00:00:00,Milk_1L,299,1.72,513.82,1,0,0,0
2025-02-14 00:00:00,Milk_1L,307,1.68,514.84,1,0,0,0
2025-02-15 00:00:00,Milk_1L,309,1.71,527.21,1,0,1,0
2025-02-16 00:00:00,Milk_1L,297,1.74,515.46,1,0,1,0
2025-02-17 00:00:00,Milk_1L,332,1.69,560.12,1,1,0,0
2025-02-18 00:00:00,Milk_1L,257,1.84,473.94,0,0,0,0
2025-02-19 00:00:00,Milk_1L,264,1.84,486.26,0,0,0,0
2025-02-20 00:00:00,Milk_1L,235,1.84,432.96,0,0,0,0
2025-02-21 00:00:00,Milk_1L,251,1.84,462.11,0,0,0,0
2025-02-22 00:00:00,Milk_1L,241,1.84,443.71,0,0,1,0
2025-02-23 00:00:00,Milk_1L,257,1.84,473.08,0,0,1,0
2025-02-24 00:00:00,Milk_1L,259,1.84,475.75,0,0,0,0
2025-02-25 00:00:00,Milk_1L,258,1.84,473.96,0,0,0,0
2025-02-26 00:00:00,Milk_1L,253,1.83,464.22,0,0,0,0
2025-02-27 00:00:00,Milk_1L,260,1.83,476.56,0,0,0,0
2025-02-28 00:00:00,Milk_1L,257,1.83,470.59,0,0,0,0
2025-03-01 00:00:00,Milk_1L,257,1.83,469.95,0,0,1,0
2025-03-02 00:00:00,Milk_1L,252,1.83,460.64,0,0,1,0
2025-03-03 00:00:00,Milk_1L,263,1.82,479.52,0,0,0,0
2025-03-04 00:00:00,Milk_1L,262,1.82,477.33,0,0,0,0
2025-03-05 00:00:00,Milk_1L,267,1.82,486.43,0,0,0,0
2025-03-06 00:00:00,Milk_1L,264,1.82,481.05,0,0,0,0
2025-03-07 00:00:00,Milk_1L,252,1.82,459.57,0,0,0,0
2025-03-08 00:00:00,Milk_1L,238,1.83,434.42,0,0,1,0
2025-03-09 00:00:00,Milk_1L,260,1.83,474.96,0,0,1,0
2025-03-10 00:00:00,Milk_1L,257,1.83,469.36,0,0,0,0
2025-03-11 00:00:00,Milk_1L,259,1.82,472.62,0,0,0,0
2025-03-12 00:00:00,Milk_1L,245,1.82,446.33,0,0,0,0
2025-03-13 00:00:00,Milk_1L,255,1.82,464.26,0,0,0,0
2025-03-14 00:00:00,Milk_1L,261,1.82,475.16,0,0,0,0
2025-03-15 00:00:00,Milk_1L,276,1.82,502.25,0,0,1,0
2025-03-16 00:00:00,Milk_1L,265,1.82,481.77,0,0,1,0
2025-03-17 00:00:00,Milk_1L,268,1.82,487.58,0,0,0,0
2025-03-18 00:00:00,Milk_1L,269,1.82,490.17,0,0,0,0
2025-03-19 00:00:00,Milk_1L,273,1.82,497.3,0,0,0,0
2025-03-20 00:00:00,Milk_1L,266,1.82,485.09,0,0,0,0
2025-03-21 00:00:00,Milk_1L,238,1.82,434.22,0,0,0,0
2025-03-22 00:00:00,Milk_1L,254,1.82,462.98,0,0,1,0
2025-03-23 00:00:00,Milk_1L,261,1.82,475.76,0,0,1,0
2025-03-24 00:00:00,Milk_1L,257,1.82,468.18,0,0,0,0
2025-03-25 00:00:00,Milk_1L,269,1.82,490.55,0,0,0,0
2025-03-26 00:00:00,Milk_1L,269,1.83,491.06,0,0,0,0
2025-03-27 00:00:00,Milk_1L,260,1.83,474.82,0,0,0,0
2025-03-28 00:00:00,Milk_1L,252,1.83,460.06,0,0,0,0
2025-03-29 00:00:00,Milk_1L,252,1.83,460.26,0,0,1,0
2025-03-30 00:00:00,Milk_1L,264,1.83,482.31,0,0,1,0
2025-03-31 00:00:00,Milk_1L,260,1.83,475.52,0,0,0,0
2025-04-01 00:00:00,Milk_1L,259,1.83,474.18,0,0,0,0
2025-04-02 00:00:00,Milk_1L,276,1.83,505.65,0,0,0,0
2025-04-03 00:00:00,Milk_1L,265,1.83,484.94,0,0,0,0
2025-04-04 00:00:00,Milk_1L,242,1.83,443.1,0,0,0,0
2025-04-05 00:00:00,Milk_1L,251,1.83,460.01,0,0,1,0
2025-04-06 00:00:00,Milk_1L,264,1.83,483.66,0,0,1,0
2025-04-07 00:00:00,Milk_1L,242,1.83,442.97,0,0,0,0
2025-04-08 00:00:00,Milk_1L,275,1.83,503.7,0,0,0,0
2025-04-09 00:00:00,Milk_1L,284,1.83,519.59,0,0,0,0
2025-04-10 00:00:00,Milk_1L,258,1.83,471.78,0,0,0,0
2025-04-11 00:00:00,Milk_1L,262,1.83,478.93,0,0,0,0
2025-04-12 00:00:00,Milk_1L,257,1.83,469.35,0,0,1,0
2025-04-13 00:00:00,Milk_1L,256,1.82,466.68,0,0,1,0
2025-04-14 00:00:00,Milk_1L,262,1.83,478.35,0,0,0,0
2025-04-15 00:00:00,Milk_1L,265,1.83,483.65,0,0,0,0
2025-04-16 00:00:00,Milk_1L,323,1.64,528.58,1,0,0,0
2025-04-17 00:00:00,Milk_1L,296,1.71,506.07,1,0,0,0
2025-04-18 00:00:00,Milk_1L,314,1.66,521.44,1,0,0,0
2025-04-19 00:00:00,Milk_1L,297,1.7,503.91,1,0,1,0
2025-04-20 00:00:00,Milk_1L,303,1.61,488.54,1,0,1,0
2025-04-21 00:00:00,Milk_1L,314,1.63,512.69,1,0,0,0
2025-04-22 00:00:00,Milk_1L,265,1.83,484.99,0,0,0,0
2025-04-23 00:00:00,Milk_1L,261,1.83,477.99,0,0,0,0
2025-04-24 00:00:00,Milk_1L,263,1.83,481.27,0,0,0,0
2025-04-25 00:00:00,Milk_1L,243,1.83,444.28,0,0,0,0
2025-04-26 00:00:00,Milk_1L,252,1.83,461.19,0,0,1,0
2025-04-27 00:00:00,Milk_1L,257,1.83,470.42,0,0,1,0
2025-04-28 00:00:00,Milk_1L,253,1.83,462.64,0,0,0,0
2025-04-29 00:00:00,Milk_1L,249,1.83,454.99,0,0,0,0
2025-04-30 00:00:00,Milk_1L,272,1.83,497,0,0,0,0
2025-05-01 00:00:00,Milk_1L,256,1.83,467.46,0,0,0,0
2025-05-02 00:00:00,Milk_1L,304,1.67,508.71,1,0,0,0
2025-05-03 00:00:00,Milk_1L,298,1.7,507.49,1,0,1,0
2025-05-04 00:00:00,Milk_1L,307,1.62,498.5,1,0,1,0
2025-05-05 00:00:00,Milk_1L,317,1.65,522.37,1,0,0,0
2025-05-06 00:00:00,Milk_1L,303,1.7,515.51,1,0,0,0
2025-05-07 00:00:00,Milk_1L,306,1.64,500.39,1,0,0,0
2025-05-08 00:00:00,Milk_1L,254,1.83,466.05,0,0,0,0
2025-05-09 00:00:00,Milk_1L,248,1.84,455.65,0,0,0,0
2025-05-10 00:00:00,Milk_1L,252,1.84,462.69,0,0,1,0
2025-05-11 00:00:00,Milk_1L,259,1.84,475.43,0,0,1,0
2025-05-12 00:00:00,Milk_1L,250,1.84,459.39,0,0,0,0
2025-05-13 00:00:00,Milk_1L,274,1.84,503.39,0,0,0,0
2025-05-14 00:00:00,Milk_1L,255,1.84,468.37,0,0,0,0
2025-05-15 00:00:00,Milk_1L,260,1.84,477.83,0,0,0,0
2025-05-16 00:00:00,Milk_1L,258,1.84,474.59,0,0,0,0
2025-05-17 00:00:00,Milk_1L,252,1.84,463.64,0,0,1,0
2025-05-18 00:00:00,Milk_1L,243,1.84,448.05,0,0,1,0
2025-05-19 00:00:00,Milk_1L,251,1.84,462.92,0,0,0,0
2025-05-20 00:00:00,Milk_1L,254,1.84,468.39,0,0,0,0
2025-05-21 00:00:00,Milk_1L,260,1.84,478.73,0,0,0,0
2025-05-22 00:00:00,Milk_1L,248,1.84,456.24,0,0,0,0
2025-05-23 00:00:00,Milk_1L,233,1.84,428.65,0,0,0,0
2025-05-24 00:00:00,Milk_1L,233,1.84,428.62,0,0,1,0
2025-05-25 00:00:00,Milk_1L,262,1.84,481.41,0,0,1,0
2025-05-26 00:00:00,Milk_1L,282,1.84,519.51,0,1,0,0
2025-05-27 00:00:00,Milk_1L,256,1.84,471.89,0,0,0,0
2025-05-28 00:00:00,Milk_1L,244,1.84,449.94,0,0,0,0
2025-05-29 00:00:00,Milk_1L,263,1.84,484.95,0,0,0,0
2025-05-30 00:00:00,Milk_1L,224,1.84,413,0,0,0,0
2025-05-31 00:00:00,Milk_1L,241,1.84,443.56,0,0,1,0
2025-06-01 00:00:00,Milk_1L,255,1.84,469.38,0,0,1,0
2025-06-02 00:00:00,Milk_1L,297,1.65,489.45,1,0,0,0
2025-06-03 00:00:00,Milk_1L,323,1.71,553.6,1,0,0,0
2025-06-04 00:00:00,Milk_1L,311,1.69,524.4,1,0,0,0
2025-06-05 00:00:00,Milk_1L,303,1.67,504.55,1,0,0,0
2025-06-06 00:00:00,Milk_1L,292,1.63,475.14,1,0,0,0
2025-06-07 00:00:00,Milk_1L,300,1.7,510.28,1,0,1,0
2025-06-08 00:00:00,Milk_1L,241,1.84,443.42,0,0,1,0
2025-06-09 00:00:00,Milk_1L,234,1.84,430.09,0,0,0,0
2025-06-10 00:00:00,Milk_1L,247,1.84,454.33,0,0,0,0
2025-06-11 00:00:00,Milk_1L,258,1.84,474.15,0,0,0,0
2025-06-12 00:00:00,Milk_1L,240,1.84,440.62,0,0,0,0
2025-06-13 00:00:00,Milk_1L,219,1.83,401.64,0,0,0,0
2025-06-14 00:00:00,Milk_1L,244,1.83,447.67,0,0,1,0
2025-06-15 00:00:00,Milk_1L,252,1.84,462.57,0,0,1,0
2025-06-16 00:00:00,Milk_1L,237,1.84,435.33,0,0,0,0
2025-06-17 00:00:00,Milk_1L,255,1.84,468.36,0,0,0,0
2025-06-18 00:00:00,Milk_1L,255,1.84,468.31,0,0,0,0
2025-06-19 00:00:00,Milk_1L,268,1.84,492.79,0,1,0,0
2025-06-20 00:00:00,Milk_1L,224,1.84,411.36,0,0,0,0
2025-06-21 00:00:00,Milk_1L,234,1.84,430,0,0,1,0
2025-06-22 00:00:00,Milk_1L,239,1.84,439.27,0,0,1,0
2025-06-23 00:00:00,Milk_1L,242,1.84,444.6,0,0,0,0
2025-06-24 00:00:00,Milk_1L,251,1.84,460.79,0,0,0,0
2025-06-25 00:00:00,Milk_1L,278,1.83,509.65,0,0,0,0
2025-06-26 00:00:00,Milk_1L,247,1.83,452.22,0,0,0,0
2025-06-27 00:00:00,Milk_1L,248,1.83,453.58,0,0,0,0
2025-06-28 00:00:00,Milk_1L,250,1.83,457.1,0,0,1,0
2025-06-29 00:00:00,Milk_1L,233,1.83,426.82,0,0,1,0
2025-06-30 00:00:00,Milk_1L,228,1.83,417.41,0,0,0,0
2025-07-01 00:00:00,Milk_1L,320,1.68,538.71,1,0,0,0
2025-07-02 00:00:00,Milk_1L,292,1.72,502.34,1,0,0,0
2025-07-03 00:00:00,Milk_1L,284,1.68,477.12,1,0,0,0
2025-07-04 00:00:00,Milk_1L,316,1.68,532.21,1,1,0,0
2025-07-05 00:00:00,Milk_1L,291,1.63,473.92,1,0,1,0
2025-07-06 00:00:00,Milk_1L,295,1.67,491.64,1,0,1,0
2025-07-07 00:00:00,Milk_1L,237,1.83,432.77,0,0,0,0
2025-07-08 00:00:00,Milk_1L,242,1.82,441.08,0,0,0,0
2025-07-09 00:00:00,Milk_1L,241,1.82,439.8,0,0,0,0
2025-07-10 00:00:00,Milk_1L,256,1.82,467.04,0,0,0,0
2025-07-11 00:00:00,Milk_1L,236,1.82,430.03,0,0,0,0
2025-07-12 00:00:00,Milk_1L,241,1.82,439.45,0,0,1,0
2025-07-13 00:00:00,Milk_1L,221,1.82,402.89,0,0,1,0
2025-07-14 00:00:00,Milk_1L,235,1.82,428.17,0,0,0,0
2025-07-15 00:00:00,Milk_1L,248,1.82,451.84,0,0,0,0
2025-07-16 00:00:00,Milk_1L,258,1.82,470.65,0,0,0,0
2025-07-17 00:00:00,Milk_1L,251,1.82,457.49,0,0,0,0
2025-07-18 00:00:00,Milk_1L,223,1.82,406.75,0,0,0,0
2025-07-19 00:00:00,Milk_1L,233,1.82,425.04,0,0,1,0
2025-07-20 00:00:00,Milk_1L,238,1.82,433.95,0,0,1,0
2025-07-21 00:00:00,Milk_1L,242,1.83,441.87,0,0,0,0
2025-07-22 00:00:00,Milk_1L,243,1.83,443.56,0,0,0,0
2025-07-23 00:00:00,Milk_1L,227,1.83,414.42,0,0,0,0
2025-07-24 00:00:00,Milk_1L,248,1.82,452.57,0,0,0,0
2025-07-25 00:00:00,Milk_1L,212,1.82,386.42,0,0,0,0
2025-07-26 00:00:00,Milk_1L,222,1.82,404.77,0,0,1,0
2025-07-27 00:00:00,Milk_1L,237,1.82,431.71,0,0,1,0
2025-07-28 00:00:00,Milk_1L,235,1.82,428.75,0,0,0,0
2025-07-29 00:00:00,Milk_1L,272,1.83,496.96,0,0,0,0
2025-07-30 00:00:00,Milk_1L,248,1.83,452.88,0,0,0,0
2025-07-31 00:00:00,Milk_1L,255,1.83,465.42,0,0,0,0
2025-08-01 00:00:00,Milk_1L,219,1.82,399.42,0,0,0,0
2025-08-02 00:00:00,Milk_1L,241,1.83,440.23,0,0,1,0
2025-08-03 00:00:00,Milk_1L,223,1.82,406.92,0,0,1,0
2025-08-04 00:00:00,Milk_1L,237,1.82,432.03,0,0,0,0
2025-08-05 00:00:00,Milk_1L,228,1.82,415.27,0,0,0,0
2025-08-06 00:00:00,Milk_1L,234,1.82,425.85,0,0,0,0
2025-08-07 00:00:00,Milk_1L,230,1.82,419.13,0,0,0,0
2025-08-08 00:00:00,Milk_1L,219,1.82,398.95,0,0,0,0
2025-08-09 00:00:00,Milk_1L,211,1.82,384.45,0,0,1,0
2025-08-10 00:00:00,Milk_1L,217,1.82,395.32,0,0,1,0
2025-08-11 00:00:00,Milk_1L,229,1.82,417.12,0,0,0,0
2025-08-12 00:00:00,Milk_1L,246,1.82,448.89,0,0,0,0
2025-08-13 00:00:00,Milk_1L,232,1.83,424.03,0,0,0,0
2025-08-14 00:00:00,Milk_1L,250,1.83,457.15,0,0,0,0
2025-08-15 00:00:00,Milk_1L,224,1.83,409.37,0,0,0,0
2025-08-16 00:00:00,Milk_1L,228,1.83,417.56,0,0,1,0
2025-08-17 00:00:00,Milk_1L,224,1.83,410.27,0,0,1,0
2025-08-18 00:00:00,Milk_1L,237,1.83,433.73,0,0,0,0
2025-08-19 00:00:00,Milk_1L,237,1.83,433.41,0,0,0,0
2025-08-20 00:00:00,Milk_1L,226,1.83,413.31,0,0,0,0
2025-08-21 00:00:00,Milk_1L,252,1.83,461.16,0,0,0,0
2025-08-22 00:00:00,Milk_1L,226,1.83,412.54,0,0,0,0
2025-08-23 00:00:00,Milk_1L,228,1.83,416.34,0,0,1,0
2025-08-24 00:00:00,Milk_1L,200,1.83,365.19,0,0,1,0
2025-08-25 00:00:00,Milk_1L,219,1.83,400.07,0,0,0,0
2025-08-26 00:00:00,Milk_1L,235,1.83,428.97,0,0,0,0
2025-08-27 00:00:00,Milk_1L,247,1.83,451.27,0,0,0,0
2025-08-28 00:00:00,Milk_1L,237,1.83,432.82,0,0,0,0
2025-08-29 00:00:00,Milk_1L,212,1.83,387.56,0,0,0,0
2025-08-30 00:00:00,Milk_1L,221,1.83,404.87,0,0,1,0
2025-08-31 00:00:00,Milk_1L,206,1.83,377.48,0,0,1,0
2025-09-01 00:00:00,Milk_1L,296,1.72,509.13,1,1,0,0
2025-09-02 00:00:00,Milk_1L,281,1.7,478.76,1,0,0,0
2025-09-03 00:00:00,Milk_1L,292,1.66,484.87,1,0,0,0
2025-09-04 00:00:00,Milk_1L,312,1.62,506.01,1,0,0,0
2025-09-05 00:00:00,Milk_1L,284,1.64,465.77,1,0,0,0
2025-09-06 00:00:00,Milk_1L,288,1.63,469.01,1,0,1,0
2025-09-07 00:00:00,Milk_1L,231,1.82,421.53,0,0,1,0
2025-09-08 00:00:00,Milk_1L,221,1.83,403.53,0,0,0,0
2025-09-09 00:00:00,Milk_1L,235,1.82,428.77,0,0,0,0
2025-09-10 00:00:00,Milk_1L,252,1.82,459.09,0,0,0,0
2025-09-11 00:00:00,Milk_1L,214,1.82,390.34,0,0,0,0
2025-09-12 00:00:00,Milk_1L,216,1.82,393.41,0,0,0,0
2025-09-13 00:00:00,Milk_1L,220,1.82,401.08,0,0,1,0
2025-09-14 00:00:00,Milk_1L,239,1.82,435.6,0,0,1,0
2025-09-15 00:00:00,Milk_1L,234,1.82,426.05,0,0,0,0
2025-09-16 00:00:00,Milk_1L,227,1.82,413.4,0,0,0,0
2025-09-17 00:00:00,Milk_1L,245,1.82,445.18,0,0,0,0
2025-09-18 00:00:00,Milk_1L,229,1.82,415.82,0,0,0,0
2025-09-19 00:00:00,Milk_1L,210,1.82,381.3,0,0,0,0
2025-09-20 00:00:00,Milk_1L,221,1.82,401.23,0,0,1,0
2025-09-21 00:00:00,Milk_1L,218,1.82,396.25,0,0,1,0
2025-09-22 00:00:00,Milk_1L,210,1.82,381.33,0,0,0,0
2025-09-23 00:00:00,Milk_1L,215,1.82,390.59,0,0,0,0
2025-09-24 00:00:00,Milk_1L,227,1.82,412.31,0,0,0,0
2025-09-25 00:00:00,Milk_1L,220,1.82,399.85,0,0,0,0
2025-09-26 00:00:00,Milk_1L,219,1.82,398.16,0,0,0,0
2025-09-27 00:00:00,Milk_1L,224,1.82,407.65,0,0,1,0
2025-09-28 00:00:00,Milk_1L,215,1.82,391.21,0,0,1,0
2025-09-29 00:00:00,Milk_1L,220,1.82,400.81,0,0,0,0
2025-09-30 00:00:00,Milk_1L,235,1.82,428.13,0,0,0,0
2025-10-01 00:00:00,Milk_1L,245,1.82,446.04,0,0,0,0
2025-10-02 00:00:00,Milk_1L,228,1.82,415.1,0,0,0,0
2025-10-03 00:00:00,Milk_1L,215,1.82,391.48,0,0,0,0
2025-10-04 00:00:00,Milk_1L,206,1.82,375.6,0,0,1,0
2025-10-05 00:00:00,Milk_1L,218,1.82,397.06,0,0,1,0
2025-10-06 00:00:00,Milk_1L,199,1.82,362.46,0,0,0,0
2025-10-07 00:00:00,Milk_1L,257,1.82,467.56,0,0,0,0
2025-10-08 00:00:00,Milk_1L,239,1.82,435.18,0,0,0,0
2025-10-09 00:00:00,Milk_1L,242,1.82,440.98,0,0,0,0
2025-10-10 00:00:00,Milk_1L,215,1.82,392.01,0,0,0,0
2025-10-11 00:00:00,Milk_1L,234,1.82,426.1,0,0,1,0
2025-10-12 00:00:00,Milk_1L,226,1.82,411.13,0,0,1,0
2025-10-13 00:00:00,Milk_1L,255,1.82,463.85,0,1,0,0
2025-10-14 00:00:00,Milk_1L,236,1.82,429.43,0,0,0,0
2025-10-15 00:00:00,Milk_1L,247,1.82,449.73,0,0,0,0
2025-10-16 00:00:00,Milk_1L,229,1.82,416.78,0,0,0,0
2025-10-17 00:00:00,Milk_1L,212,1.82,385.89,0,0,0,0
2025-10-18 00:00:00,Milk_1L,206,1.82,374.84,0,0,1,0
2025-10-19 00:00:00,Milk_1L,235,1.82,427.42,0,0,1,0
2025-10-20 00:00:00,Milk_1L,226,1.82,410.92,0,0,0,0
2025-10-21 00:00:00,Milk_1L,234,1.82,425.05,0,0,0,0
2025-10-22 00:00:00,Milk_1L,247,1.82,449.04,0,0,0,0
2025-10-23 00:00:00,Milk_1L,229,1.82,416.84,0,0,0,0
2025-10-24 00:00:00,Milk_1L,214,1.82,389.75,0,0,0,0
2025-10-25 00:00:00,Milk_1L,234,1.82,426,0,0,1,0
2025-10-26 00:00:00,Milk_1L,221,1.82,402.86,0,0,1,0
2025-10-27 00:00:00,Milk_1L,222,1.82,404.34,0,0,0,0
2025-10-28 00:00:00,Milk_1L,238,1.82,433.92,0,0,0,0
2025-10-29 00:00:00,Milk_1L,224,1.82,408.75,0,0,0,0
2025-10-30 00:00:00,Milk_1L,230,1.83,420.16,0,0,0,0
2025-10-31 00:00:00,Milk_1L,203,1.82,370.26,0,0,0,0
2025-11-01 00:00:00,Milk_1L,230,1.82,419.64,0,0,1,0
2025-11-02 00:00:00,Milk_1L,222,1.82,404.86,0,0,1,0
2025-11-03 00:00:00,Milk_1L,218,1.82,397.85,0,0,0,0
2025-11-04 00:00:00,Milk_1L,222,1.83,405.21,0,0,0,0
2025-11-05 00:00:00,Milk_1L,243,1.82,442.7,0,0,0,0
2025-11-06 00:00:00,Milk_1L,239,1.82,435.67,0,0,0,0
2025-11-07 00:00:00,Milk_1L,232,1.83,423.61,0,0,0,0
2025-11-08 00:00:00,Milk_1L,219,1.83,400.05,0,0,1,0
2025-11-09 00:00:00,Milk_1L,223,1.83,407.64,0,0,1,0
2025-11-10 00:00:00,Milk_1L,226,1.83,413.2,0,0,0,0
2025-11-11 00:00:00,Milk_1L,274,1.83,501.21,0,1,0,0
2025-11-12 00:00:00,Milk_1L,235,1.83,429.68,0,0,0,0
2025-11-13 00:00:00,Milk_1L,252,1.83,461.47,0,0,0,0
2025-11-14 00:00:00,Milk_1L,236,1.84,433.1,0,0,0,0
2025-11-15 00:00:00,Milk_1L,247,1.83,453.02,0,0,1,0
2025-11-16 00:00:00,Milk_1L,244,1.84,447.74,0,0,1,0
2025-11-17 00:00:00,Milk_1L,242,1.83,443.95,0,0,0,0
2025-11-18 00:00:00,Milk_1L,242,1.84,444.63,0,0,0,0
2025-11-19 00:00:00,Milk_1L,251,1.84,461.31,0,0,0,0
2025-11-20 00:00:00,Milk_1L,248,1.84,456.19,0,0,0,0
2025-11-21 00:00:00,Milk_1L,242,1.84,445.12,0,0,0,0
2025-11-22 00:00:00,Milk_1L,225,1.84,414.31,0,0,1,0
2025-11-23 00:00:00,Milk_1L,221,1.84,407.27,0,0,1,0
2025-11-24 00:00:00,Milk_1L,293,1.67,489.22,1,0,0,0
2025-11-25 00:00:00,Milk_1L,299,1.73,516.4,1,0,0,0
2025-11-26 00:00:00,Milk_1L,285,1.71,486.01,1,0,0,0
2025-11-27 00:00:00,Milk_1L,313,1.68,527.08,1,1,0,0
2025-11-28 00:00:00,Milk_1L,277,1.74,482.87,1,0,0,0
2025-11-29 00:00:00,Milk_1L,300,1.62,487.13,1,0,1,0
2025-11-30 00:00:00,Milk_1L,280,1.74,486.07,1,0,1,0
2025-12-01 00:00:00,Milk_1L,239,1.84,440.66,0,0,0,0
2025-12-02 00:00:00,Milk_1L,237,1.85,437.36,0,0,0,0
2025-12-03 00:00:00,Milk_1L,247,1.85,455.98,0,0,0,0
2025-12-04 00:00:00,Milk_1L,245,1.85,452.44,0,0,0,0
2025-12-05 00:00:00,Milk_1L,230,1.85,425.05,0,0,0,0
2025-12-06 00:00:00,Milk_1L,237,1.85,437.71,0,0,1,0
2025-12-07 00:00:00,Milk_1L,241,1.85,445.16,0,0,1,0
2025-12-08 00:00:00,Milk_1L,239,1.85,441.24,0,0,0,0
2025-12-09 00:00:00,Milk_1L,251,1.84,462.72,0,0,0,0
2025-12-10 00:00:00,Milk_1L,255,1.84,469.65,0,0,0,0
2025-12-11 00:00:00,Milk_1L,258,1.84,475.68,0,0,0,0
2025-12-12 00:00:00,Milk_1L,214,1.84,394.38,0,0,0,0
2025-12-13 00:00:00,Milk_1L,289,1.68,485.92,1,0,1,0
2025-12-14 00:00:00,Milk_1L,297,1.63,483.32,1,0,1,0
2025-12-15 00:00:00,Milk_1L,294,1.69,495.78,1,0,0,0
2025-12-16 00:00:00,Milk_1L,310,1.62,502.04,1,0,0,0
2025-12-17 00:00:00,Milk_1L,319,1.7,540.84,1,0,0,0
2025-12-18 00:00:00,Milk_1L,279,1.71,478.31,1,0,0,0
2025-12-19 00:00:00,Milk_1L,280,1.73,484.03,1,0,0,0
2025-12-20 00:00:00,Milk_1L,295,1.69,497.96,1,0,1,0
2025-12-21 00:00:00,Milk_1L,315,1.68,527.76,1,0,1,0
2025-12-22 00:00:00,Milk_1L,289,1.69,487.2,1,0,0,0
2025-12-23 00:00:00,Milk_1L,306,1.66,506.87,1,0,0,0
2025-12-24 00:00:00,Milk_1L,305,1.69,516.28,1,0,0,0
2025-12-25 00:00:00,Milk_1L,329,1.75,575.27,1,1,0,0
2025-12-26 00:00:00,Milk_1L,268,1.72,460.93,1,0,0,0
2025-12-27 00:00:00,Milk_1L,297,1.73,514.65,1,0,1,0
2025-12-28 00:00:00,Milk_1L,297,1.69,500.9,1,0,1,0
2025-12-29 00:00:00,Milk_1L,288,1.68,484.81,1,0,0,0
2025-12-30 00:00:00,Milk_1L,320,1.7,542.91,1,0,0,0
2025-12-31 00:00:00,Milk_1L,316,1.67,529.22,1,0,0,0
2026-01-01 00:00:00,Milk_1L,239,1.85,441.49,0,1,0,0
2026-01-02 00:00:00,Milk_1L,239,1.85,441.22,0,0,0,0
2026-01-03 00:00:00,Milk_1L,253,1.85,467.31,0,0,1,0
2026-01-04 00:00:00,Milk_1L,248,1.85,458.11,0,0,1,0
2026-01-05 00:00:00,Milk_1L,233,1.85,430.34,0,0,0,0
2026-01-06 00:00:00,Milk_1L,259,1.85,478.95,0,0,0,0
2026-01-07 00:00:00,Milk_1L,267,1.85,494.48,0,0,0,0
2026-01-08 00:00:00,Milk_1L,251,1.85,465.05,0,0,0,0
2026-01-09 00:00:00,Milk_1L,232,1.85,429.67,0,0,0,0
2026-01-10 00:00:00,Milk_1L,242,1.85,448.35,0,0,1,0
2026-01-11 00:00:00,Milk_1L,249,1.85,460.98,0,0,1,0
2026-01-12 00:00:00,Milk_1L,258,1.85,477.07,0,0,0,0
2026-01-13 00:00:00,Milk_1L,259,1.85,478.18,0,0,0,0
2026-01-14 00:00:00,Milk_1L,252,1.85,465.18,0,0,0,0
2026-01-15 00:00:00,Milk_1L,238,1.85,439.24,0,0,0,0
2026-01-16 00:00:00,Milk_1L,233,1.84,429.73,0,0,0,0
2026-01-17 00:00:00,Milk_1L,252,1.84,464.56,0,0,1,0
2026-01-18 00:00:00,Milk_1L,254,1.84,468.11,0,0,1,0
2026-01-19 00:00:00,Milk_1L,263,1.84,484.23,0,1,0,0
2026-01-20 00:00:00,Milk_1L,245,1.84,451.22,0,0,0,0
2026-01-21 00:00:00,Milk_1L,277,1.84,510.87,0,0,0,0
2026-01-22 00:00:00,Milk_1L,243,1.84,448.06,0,0,0,0
2026-01-23 00:00:00,Milk_1L,238,1.84,438.16,0,0,0,0
2026-01-24 00:00:00,Milk_1L,245,1.84,451.01,0,0,1,0
2026-01-25 00:00:00,Milk_1L,254,1.84,467.65,0,0,1,0
2026-01-26 00:00:00,Milk_1L,263,1.84,484.47,0,0,0,0
2026-01-27 00:00:00,Milk_1L,274,1.84,505.2,0,0,0,0
2026-01-28 00:00:00,Milk_1L,252,1.85,464.97,0,0,0,0
2026-01-29 00:00:00,Milk_1L,260,1.85,480.18,0,0,0,0
2026-01-30 00:00:00,Milk_1L,248,1.85,458,0,0,0,0
2026-01-31 00:00:00,Milk_1L,248,1.85,458.16,0,0,1,0
2026-02-01 00:00:00,Milk_1L,244,1.85,450.5,0,0,1,0
2026-02-02 00:00:00,Milk_1L,244,1.85,450.31,0,0,0,0
2026-02-03 00:00:00,Milk_1L,269,1.85,496.8,0,0,0,0
2026-02-04 00:00:00,Milk_1L,268,1.85,494.86,0,0,0,0
2026-02-05 00:00:00,Milk_1L,247,1.84,455.5,0,0,0,0
2026-02-06 00:00:00,Milk_1L,258,1.84,474.97,0,0,0,0
2026-02-07 00:00:00,Milk_1L,247,1.84,455.01,0,0,1,0
2026-02-08 00:00:00,Milk_1L,265,1.84,488,0,0,1,0
2026-02-09 00:00:00,Milk_1L,249,1.84,458.31,0,0,0,0
2026-02-10 00:00:00,Milk_1L,260,1.84,478.21,0,0,0,0
2026-02-11 00:00:00,Milk_1L,246,1.84,452.62,0,0,0,0
2026-02-12 00:00:00,Milk_1L,249,1.84,458.09,0,0,0,0